item_id,order_id,product_id,quantity,unit_price,discount_percent
I0000001,O000001,P0001,4,284.42,29.18
I0000002,O000001,P0002,4,598.98,27.90
I0000003,O000001,P0006,3,75.27,16.12
I0000004,O000002,P0041,5,251.99,11.87
I0000005,O000002,P0042,5,543.39,19.98
I0000006,O000002,P0009,3,251.77,27.38
I0000007,O000003,P0151,1,119.33,1.31
I0000008,O000003,P0152,5,120.95,0.87
I0000009,O000004,P0170,3,87.31,31.12
I0000010,O000004,P0153,2,65.60,26.55
I0000011,O000005,P0451,2,74.50,12.26
I0000012,O000005,P0452,2,100.16,28.14
I0000013,O000006,P0015,5,276.27,28.61
I0000014,O000006,P0020,5,63.90,32.30
I0000015,O000006,P0012,4,357.10,28.45
I0000016,O000007,P0471,3,66.90,23.28
I0000017,O000007,P0472,3,94.72,1.06
I0000018,O000007,P0463,3,102.93,29.60
I0000019,O000007,P0456,1,90.92,4.46
I0000020,O000008,P0501,4,33.11,7.29
I0000021,O000008,P0502,5,98.53,15.24
I0000022,O000008,P0463,5,118.68,6.06
I0000023,O000009,P0321,-3,166.65,22.26
I0000024,O000009,P0322,5,420.46,15.85
I0000025,O000009,P0319,3,394.11,6.85
I0000026,O000010,P0501,1,32.99,31.54
I0000027,O000010,P0502,3,93.88,28.73
I0000028,O000010,P0455,4,81.88,8.23
I0000029,O000010,P0460,4,110.55,24.91
I0000030,O000011,P0041,4,133.94,22.69
I0000031,O000011,P0042,2,486.80,34.12
I0000032,O000011,P0005,5,209.98,14.55
I0000033,O000012,P0171,5,73.73,9.42
I0000034,O000012,P0172,3,106.86,34.24
I0000035,O000012,P0158,2,107.70,16.85
I0000036,O000013,P0301,4,182.38,16.42
I0000037,O000013,P0302,2,221.42,34.22
I0000038,O000013,P0316,5,125.83,32.30
I0000039,O000013,P0315,5,148.93,22.03
I0000040,O000014,P0021,2,437.24,0.50
I0000041,O000014,P0022,3,588.47,25.86
I0000042,O000014,P0009,4,418.10,9.14
I0000043,O000015,P0464,3,26.15,5.85
I0000044,O000015,P0463,1,71.90,9.25
I0000045,O000015,P0458,5,63.21,13.96
I0000046,O000015,P0465,3,55.54,23.92
I0000047,O000016,P0004,3,205.70,15.11
I0000048,O000016,P0018,5,147.49,9.35
I0000049,O000016,P0012,5,444.39,27.06
I0000050,O000017,P0451,3,105.91,12.30
I0000051,O000017,P0452,5,60.03,0.83
I0000052,O000018,P0181,1,151.75,8.87
I0000053,O000018,P0182,4,104.72,32.29
I0000054,O000018,P0154,3,38.77,23.37
I0000055,O000019,P0461,1,80.06,26.90
I0000056,O000019,P0462,1,136.81,25.04
I0000057,O000019,P0466,1,48.26,25.46
I0000058,O000019,P0454,1,43.87,5.21
I0000059,O000020,P0171,3,47.18,18.74
I0000060,O000020,P0172,1,132.82,14.02
I0000061,O000021,P0307,1,155.66,22.07
I0000062,O000021,P0310,1,287.50,15.33
I0000063,O000021,P0313,4,149.05,25.19
I0000064,O000022,P0001,5,337.98,7.41
I0000065,O000022,P0002,2,450.38,23.73
I0000066,O000022,P0011,2,461.77,8.15
I0000067,O000022,P0002,5,460.29,0.67
I0000068,O000023,P0001,5,442.39,3.72
I0000069,O000023,P0002,4,373.19,28.16
I0000070,O000024,P0001,5,271.06,14.53
I0000071,O000024,P0002,2,355.16,8.53
I0000072,O000024,P0009,2,247.71,29.66
I0000073,O000025,P0021,5,355.33,14.42
I0000074,O000025,P0022,5,518.58,20.87
I0000075,O000026,P0021,2,351.52,16.25
I0000076,O000026,P0022,4,385.72,6.78
I0000077,O000026,P0018,1,166.45,5.59
I0000078,O000027,P0021,4,417.94,11.41
I0000079,O000027,P0022,4,575.60,13.14
I0000080,O000027,P0008,2,294.09,1.90
I0000081,O000028,P0001,4,410.59,2.09
I0000082,O000028,P0002,3,450.45,5.99
I0000083,O000029,P0181,4,131.00,16.20
I0000084,O000029,P0182,5,111.23,8.63
I0000085,O000029,P0169,5,60.97,32.46
I0000086,O000030,P0454,4,28.10,19.55
I0000087,O000030,P0465,1,89.75,4.64
I0000088,O000030,P0466,4,45.63,23.42
I0000089,O000031,P0465,3,85.48,2.47
I0000090,O000031,P0451,5,95.77,10.38
I0000091,O000032,P0001,1,327.87,6.13
I0000092,O000032,P0002,3,483.62,27.08
I0000093,O000033,P0301,1,161.20,17.02
I0000094,O000033,P0302,3,241.67,18.62
I0000095,O000033,P0312,1,316.49,12.89
I0000096,O000034,P0181,3,119.16,15.54
I0000097,O000034,P0182,5,74.68,0.77
I0000098,O000034,P0166,3,100.82,14.41
I0000099,O000035,P0308,2,288.61,10.09
I0000100,O000035,P0316,2,167.29,15.96
I0000101,O000036,P0461,5,80.36,15.70
I0000102,O000036,P0462,4,91.42,32.22
I0000103,O000037,P0021,4,390.51,27.99
I0000104,O000037,P0022,1,405.64,3.93
I0000105,O000037,P0019,4,110.25,19.28
I0000106,O000038,P0009,1,229.07,18.84
I0000107,O000038,P0007,5,332.85,13.80
I0000108,O000039,P0021,4,466.52,30.60
I0000109,O000039,P0022,2,534.53,14.55
I0000110,O000040,P0167,1,90.73,33.60
I0000111,O000040,P0161,2,21.38,22.36
I0000112,O000041,P0166,4,101.40,31.24
I0000113,O000041,P0154,3,43.90,22.57
I0000114,O000042,P0154,5,39.75,0.61
I0000115,O000042,P0162,2,41.42,11.19
I0000116,O000042,P0167,3,117.28,1.85
I0000117,O000043,P0018,3,210.20,28.94
I0000118,O000043,P0011,5,331.94,24.43
I0000119,O000044,P0304,5,96.41,7.74
I0000120,O000044,P0307,5,131.53,29.10
I0000121,O000045,P0381,5,71.36,12.69
I0000122,O000045,P0382,3,264.39,33.95
I0000123,O000046,P0301,1,171.26,26.71
I0000124,O000046,P0302,1,294.26,26.51
I0000125,O000047,P0381,5,61.81,26.12
I0000126,O000047,P0382,5,232.48,5.62
I0000127,O000047,P0301,5,148.12,19.96
I0000128,O000047,P0303,3,200.17,18.51
I0000129,O000048,P0156,2,102.16,12.42
I0000130,O000048,P0165,3,90.63,14.27
I0000131,O000048,P0154,3,25.18,3.86
I0000132,O000049,P0171,2,66.62,10.17
I0000133,O000049,P0172,3,147.25,31.32
I0000134,O000049,P0158,1,114.53,34.96
I0000135,O000050,P0061,5,333.85,25.38
I0000136,O000050,P0062,4,297.88,26.47
I0000137,O000050,P0004,4,140.23,23.33
I0000138,O000050,P0008,1,279.78,5.16
I0000139,O000051,P0461,5,114.43,11.44
I0000140,O000051,P0462,4,76.17,2.68
I0000141,O000051,P0463,4,125.89,7.07
I0000142,O000052,P0463,2,130.29,15.49
I0000143,O000052,P0465,2,70.97,30.11
I0000144,O000052,P0461,4,106.00,4.71
I0000145,O000053,P0381,3,100.01,20.44
I0000146,O000053,P0382,4,238.44,14.99
I0000147,O000053,P0312,3,293.42,23.14
I0000148,O000054,P0464,4,22.81,14.74
I0000149,O000054,P0469,4,97.36,34.50
I0000150,O000055,P0381,1,109.20,7.06
I0000151,O000055,P0382,1,322.15,18.75
I0000152,O000055,P0312,5,281.05,20.07
I0000153,O000056,P0151,3,131.27,10.50
I0000154,O000056,P0152,4,99.48,14.08
I0000155,O000056,P0160,5,176.19,19.16
I0000156,O000057,P0501,4,55.09,2.10
I0000157,O000057,P0502,3,61.93,5.27
I0000158,O000057,P0469,1,113.80,14.36
I0000159,O000058,P0321,5,106.83,28.95
I0000160,O000058,P0322,2,507.84,14.77
I0000161,O000058,P0301,3,137.69,4.78
I0000162,O000059,P0041,5,213.58,17.51
I0000163,O000059,P0042,1,576.29,32.60
I0000164,O000059,P0008,3,226.70,4.28
I0000165,O000059,P0004,2,192.19,25.80
I0000166,O000060,P0001,3,315.44,14.83
I0000167,O000060,P0002,3,587.06,32.79
I0000168,O000061,P0009,1,377.44,24.52
I0000169,O000061,P0018,1,170.82,8.27
I0000170,O000061,P0013,3,503.59,13.75
I0000171,O000061,P0010,3,257.81,32.77
I0000172,O000062,P0151,4,128.20,14.45
I0000173,O000062,P0152,3,159.10,28.71
I0000174,O000062,P0166,5,91.95,12.31
I0000175,O000063,P0305,2,389.79,11.18
I0000176,O000063,P0320,3,265.69,24.06
I0000177,O000063,P0314,4,101.98,14.51
I0000178,O000064,P0501,3,45.19,9.11
I0000179,O000064,P0502,5,63.21,19.85
I0000180,O000064,P0470,4,102.26,32.20
I0000181,O000065,P0191,3,50.26,27.74
I0000182,O000065,P0192,5,93.52,15.78
I0000183,O000065,P0157,2,60.84,16.04
I0000184,O000065,P0164,2,200.34,34.10
I0000185,O000066,P0191,-5,74.23,28.34
I0000186,O000066,P0192,5,98.90,13.81
I0000187,O000066,P0170,4,67.11,6.28
I0000188,O000066,P0170,3,128.61,30.73
I0000189,O000067,P0021,3,448.23,9.21
I0000190,O000067,P0022,4,462.68,15.25
I0000191,O000067,P0014,4,384.98,5.29
I0000192,O000067,P0010,1,205.90,5.20
I0000193,O000068,P0301,3,140.38,5.89
I0000194,O000068,P0302,1,257.75,23.21
I0000195,O000068,P0307,1,124.08,19.98
I0000196,O000068,P0310,3,186.23,17.43
I0000197,O000069,P0001,5,401.46,33.28
I0000198,O000069,P0002,3,343.57,30.21
I0000199,O000069,P0011,5,346.24,1.94
I0000200,O000069,P0002,4,425.40,13.96
I0000201,O000070,P0061,5,314.54,32.26
I0000202,O000070,P0062,5,207.44,23.29
I0000203,O000071,P0061,2,183.16,11.96
I0000204,O000071,P0062,5,308.44,24.98
I0000205,O000071,P0003,4,85.36,18.36
I0000206,O000072,P0171,3,62.61,25.21
I0000207,O000072,P0172,1,97.62,2.86
I0000208,O000072,P0154,4,39.93,16.20
I0000209,O000073,P0041,1,143.43,34.38
I0000210,O000073,P0042,1,418.05,0.63
I0000211,O000073,P0007,5,192.35,16.70
I0000212,O000073,P0006,5,114.87,10.60
I0000213,O000074,P0468,1,62.22,16.22
I0000214,O000074,P0457,4,64.96,31.58
I0000215,O000074,P0453,5,166.36,16.50
I0000216,O000075,P0316,4,216.60,34.97
I0000217,O000075,P0319,4,370.09,20.69
I0000218,O000075,P0320,5,259.26,2.12
I0000219,O000076,P0171,4,48.98,25.42
I0000220,O000076,P0172,3,95.74,7.69
I0000221,O000076,P0151,4,169.46,29.87
I0000222,O000077,P0003,1,57.95,6.98
I0000223,O000077,P0016,2,113.89,33.01
I0000224,O000078,P0451,4,68.42,7.93
I0000225,O000078,P0452,1,63.49,11.91
I0000226,O000078,P0461,5,126.78,19.50
I0000227,O000078,P0464,4,24.23,3.64
I0000228,O000079,P0171,3,74.64,3.48
I0000229,O000079,P0172,4,144.14,4.30
I0000230,O000080,P0008,4,262.36,7.99
I0000231,O000080,P0005,5,246.83,31.43
I0000232,O000080,P0017,2,100.37,12.66
I0000233,O000081,P0001,5,463.84,2.02
I0000234,O000081,P0002,5,617.32,14.68
I0000235,O000081,P0005,3,240.89,25.25
I0000236,O000082,P0465,5,81.42,30.83
I0000237,O000082,P0462,2,93.87,25.38
I0000238,O000082,P0463,5,105.99,18.93
I0000239,O000083,P0304,2,109.17,25.79
I0000240,O000083,P0315,5,217.16,34.62
I0000241,O000084,P0381,4,79.57,5.13
I0000242,O000084,P0382,4,184.07,2.18
I0000243,O000085,P0061,4,363.78,24.12
I0000244,O000085,P0062,4,342.91,5.05
I0000245,O000086,P0154,5,24.86,12.94
I0000246,O000086,P0170,3,74.87,13.00
I0000247,O000086,P0164,5,136.09,0.98
I0000248,O000087,P0151,3,129.12,10.84
I0000249,O000087,P0152,5,150.69,16.63
I0000250,O000087,P0164,4,118.16,4.85
I0000251,O000088,P0151,1,172.78,31.15
I0000252,O000088,P0152,3,158.15,24.75
I0000253,O000089,P0181,4,109.69,24.70
I0000254,O000089,P0182,5,67.71,18.67
I0000255,O000090,P0151,1,134.67,9.99
I0000256,O000090,P0152,1,95.44,33.33
I0000257,O000091,P0001,2,248.43,8.39
I0000258,O000091,P0002,1,461.62,26.33
I0000259,O000092,P0151,4,144.72,4.39
I0000260,O000092,P0152,2,89.25,22.25
I0000261,O000092,P0158,5,134.58,34.49
I0000262,O000092,P0168,1,37.71,33.65
I0000263,O000093,P0021,4,408.20,19.71
I0000264,O000093,P0022,3,520.74,29.07
I0000265,O000093,P0002,3,586.69,7.38
I0000266,O000093,P0006,4,125.84,33.09
I0000267,O000094,P0020,5,59.19,0.34
I0000268,O000094,P0016,5,120.62,24.62
I0000269,O000095,P0451,1,122.36,15.56
I0000270,O000095,P0454,2,40.55,23.82
I0000271,O000095,P0465,2,48.68,21.47
I0000272,O000095,P0462,3,86.42,17.28
I0000273,O000096,P0061,5,212.13,25.86
I0000274,O000096,P0062,1,292.31,2.29
I0000275,O000096,P0006,5,73.33,32.67
I0000276,O000096,P0018,1,193.45,9.60
I0000277,O000097,P0311,3,270.93,23.81
I0000278,O000097,P0314,1,130.79,1.52
I0000279,O000097,P0314,1,109.15,14.70
I0000280,O000098,P0061,3,328.18,20.74
I0000281,O000098,P0062,3,346.17,8.65
I0000282,O000098,P0014,2,400.63,28.76
I0000283,O000099,P0381,1,104.64,24.27
I0000284,O000099,P0382,4,336.48,15.47
I0000285,O000100,P0171,1,69.55,11.89
I0000286,O000100,P0172,1,114.04,11.49
I0000287,O000100,P0170,2,65.11,24.97
I0000288,O000101,P0041,3,176.66,15.25
I0000289,O000101,P0042,2,380.44,30.98
I0000290,O000102,P0001,2,342.17,6.84
I0000291,O000102,P0002,4,556.49,11.95
I0000292,O000103,P0171,1,78.00,13.16
I0000293,O000103,P0172,1,106.52,2.58
I0000294,O000103,P0161,3,24.48,15.41
I0000295,O000104,P0001,2,448.74,31.87
I0000296,O000104,P0002,2,424.59,27.56
I0000297,O000104,P0006,2,85.66,8.41
I0000298,O000105,P0011,5,527.00,8.56
I0000299,O000105,P0020,2,96.16,29.91
I0000300,O000105,P0014,2,285.82,1.86
I0000301,O000106,P0381,3,82.12,16.25
I0000302,O000106,P0382,4,264.82,16.92
I0000303,O000107,P0321,3,123.15,13.20
I0000304,O000107,P0322,3,313.01,2.97
I0000305,O000107,P0310,4,217.66,12.31
I0000306,O000108,P0010,2,302.23,22.53
I0000307,O000108,P0017,2,59.83,2.50
I0000308,O000109,P0018,4,198.26,9.86
I0000309,O000109,P0009,1,451.31,28.77
I0000310,O000109,P0001,2,354.82,17.94
I0000311,O000110,P0451,1,98.83,4.49
I0000312,O000110,P0462,2,106.14,23.06
I0000313,O000110,P0455,5,61.51,24.00
I0000314,O000111,P0470,4,112.66,13.68
I0000315,O000111,P0470,3,74.42,13.53
I0000316,O000112,P0041,2,142.18,33.70
I0000317,O000112,P0042,3,374.28,18.35
I0000318,O000112,P0007,4,252.95,6.01
I0000319,O000113,P0181,5,163.17,23.27
I0000320,O000113,P0182,4,124.78,20.56
I0000321,O000113,P0160,1,132.59,0.26
I0000322,O000113,P0164,3,195.13,21.17
I0000323,O000114,P0169,2,86.18,1.53
I0000324,O000114,P0154,1,28.77,21.98
I0000325,O000114,P0163,4,74.52,25.28
I0000326,O000115,P0041,4,138.64,0.94
I0000327,O000115,P0042,4,401.91,26.11
I0000328,O000115,P0017,2,56.30,8.77
I0000329,O000116,P0191,3,49.82,0.63
I0000330,O000116,P0192,1,84.58,25.95
I0000331,O000116,P0156,2,147.86,5.37
I0000332,O000117,P0004,4,149.82,20.94
I0000333,O000117,P0013,2,464.52,32.51
I0000334,O000117,P0010,1,236.66,0.56
I0000335,O000118,P0002,2,336.55,11.45
I0000336,O000118,P0014,4,353.37,32.70
I0000337,O000118,P0017,2,61.14,7.48
I0000338,O000119,P0001,1,339.40,26.86
I0000339,O000119,P0002,5,532.88,27.69
I0000340,O000119,P0007,4,192.30,33.57
I0000341,O000120,P0021,2,450.51,15.71
I0000342,O000120,P0022,1,458.35,24.66
I0000343,O000120,P0001,4,391.37,31.39
I0000344,O000120,P0020,3,106.94,21.69
I0000345,O000121,P0011,4,434.83,26.62
I0000346,O000121,P0005,3,210.76,10.10
I0000347,O000121,P0009,2,306.14,7.20
I0000348,O000121,P0011,4,478.47,24.37
I0000349,O000122,P0041,2,145.35,20.74
I0000350,O000122,P0042,3,357.48,2.74
I0000351,O000122,P0005,5,146.10,6.91
I0000352,O000123,P0501,2,45.60,17.69
I0000353,O000123,P0502,4,100.56,27.77
I0000354,O000123,P0456,3,80.42,2.91
I0000355,O000123,P0466,3,73.60,5.35
I0000356,O000124,P0041,4,134.12,17.52
I0000357,O000124,P0042,3,409.08,14.55
I0000358,O000124,P0001,1,332.54,10.77
I0000359,O000125,P0462,1,137.84,25.75
I0000360,O000125,P0452,1,98.99,12.65
I0000361,O000125,P0463,4,118.93,22.59
I0000362,O000126,P0453,2,149.91,12.05
I0000363,O000126,P0454,2,44.67,13.93
I0000364,O000126,P0469,4,112.02,0.06
I0000365,O000127,P0451,1,90.51,28.50
I0000366,O000127,P0452,4,89.82,28.32
I0000367,O000128,P0181,1,131.41,23.55
I0000368,O000128,P0182,1,79.83,33.43
I0000369,O000129,P0471,3,51.98,23.87
I0000370,O000129,P0472,4,119.63,32.93
I0000371,O000129,P0470,1,115.43,34.14
I0000372,O000129,P0464,2,14.73,30.47
I0000373,O000130,P0041,1,272.70,33.51
I0000374,O000130,P0042,3,479.39,30.57
I0000375,O000130,P0001,5,406.97,8.17
I0000376,O000131,P0001,5,267.67,27.89
I0000377,O000131,P0002,1,622.05,16.34
I0000378,O000132,P0001,3,470.55,11.43
I0000379,O000132,P0006,1,79.78,9.02
I0000380,O000133,P0320,5,410.72,26.00
I0000381,O000133,P0303,3,224.18,15.29
I0000382,O000133,P0311,5,235.28,3.07
I0000383,O000133,P0313,3,247.88,26.06
I0000384,O000134,P0021,4,354.51,21.06
I0000385,O000134,P0022,3,300.22,29.83
I0000386,O000134,P0005,5,236.04,17.49
I0000387,O000135,P0161,1,40.60,32.71
I0000388,O000135,P0155,4,179.23,27.16
I0000389,O000135,P0157,2,46.31,28.53
I0000390,O000136,P0321,5,120.31,4.58
I0000391,O000136,P0322,3,474.67,1.89
I0000392,O000136,P0318,4,96.72,5.73
I0000393,O000137,P0321,3,146.29,5.89
I0000394,O000137,P0322,5,503.31,6.29
I0000395,O000137,P0313,4,209.75,20.77
I0000396,O000137,P0314,3,106.17,4.16
I0000397,O000138,P0041,3,135.57,20.05
I0000398,O000138,P0042,4,497.78,3.31
I0000399,O000139,P0151,4,135.98,18.77
I0000400,O000139,P0152,1,87.49,29.30
I0000401,O000139,P0163,1,77.06,7.26
I0000402,O000140,P0003,5,97.51,1.23
I0000403,O000140,P0018,1,143.24,33.82
I0000404,O000140,P0009,3,283.42,1.62
I0000405,O000141,P0151,2,106.77,6.58
I0000406,O000141,P0152,3,166.21,21.08
I0000407,O000141,P0152,5,106.30,25.52
I0000408,O000142,P0191,4,71.87,28.72
I0000409,O000142,P0192,4,140.59,11.07
I0000410,O000142,P0169,1,50.57,21.13
I0000411,O000143,P0008,4,182.37,13.20
I0000412,O000143,P0009,5,452.74,27.40
I0000413,O000144,P0468,2,77.08,29.74
I0000414,O000144,P0468,2,60.10,24.03
I0000415,O000145,P0061,5,210.12,34.52
I0000416,O000145,P0062,2,237.86,33.34
I0000417,O000146,P0001,5,277.10,2.01
I0000418,O000146,P0002,4,603.34,28.29
I0000419,O000147,P0181,2,153.48,24.59
I0000420,O000147,P0182,5,128.46,23.14
I0000421,O000147,P0151,2,147.70,1.48
I0000422,O000148,P0501,2,36.59,33.94
I0000423,O000148,P0502,3,101.26,29.78
I0000424,O000148,P0463,5,89.81,10.27
I0000425,O000149,P0013,5,256.87,15.08
I0000426,O000149,P0012,4,485.85,5.38
I0000427,O000150,P0004,4,172.98,15.38
I0000428,O000150,P0015,1,208.04,30.93
I0000429,O000151,P0361,4,451.38,25.00
I0000430,O000151,P0362,4,280.22,32.32
I0000431,O000152,P0021,2,346.24,26.63
I0000432,O000152,P0022,1,530.60,6.54
I0000433,O000152,P0010,4,375.88,34.80
I0000434,O000153,P0461,1,101.13,21.58
I0000435,O000153,P0462,2,97.27,18.37
I0000436,O000153,P0455,4,52.50,14.91
I0000437,O000154,P0001,1,288.97,16.52
I0000438,O000154,P0002,3,441.47,8.83
I0000439,O000154,P0002,-3,400.39,3.39
I0000440,O000154,P0011,5,348.46,25.95
I0000441,O000155,P0001,2,480.51,30.94
I0000442,O000155,P0002,5,530.33,32.39
I0000443,O000155,P0019,2,159.73,10.55
I0000444,O000156,P0451,1,92.62,18.33
I0000445,O000156,P0452,3,58.63,9.60
I0000446,O000156,P0464,2,15.40,19.82
I0000447,O000156,P0453,5,146.75,13.91
I0000448,O000157,P0159,2,125.74,9.40
I0000449,O000157,P0160,2,107.29,8.34
I0000450,O000157,P0158,1,193.34,9.72
I0000451,O000158,P0018,3,192.66,14.29
I0000452,O000158,P0009,3,460.80,21.91
I0000453,O000159,P0501,4,59.87,22.20
I0000454,O000159,P0502,4,66.12,9.41
I0000455,O000159,P0459,3,76.36,8.11
I0000456,O000160,P0010,5,228.90,6.22
I0000457,O000160,P0001,4,282.86,5.02
I0000458,O000160,P0010,5,385.30,33.96
I0000459,O000161,P0005,1,143.22,21.96
I0000460,O000161,P0008,3,366.45,3.72
I0000461,O000161,P0003,5,97.58,2.97
I0000462,O000161,P0009,4,438.45,28.54
I0000463,O000162,P0061,4,175.75,7.85
I0000464,O000162,P0062,4,210.58,22.94
I0000465,O000162,P0005,4,215.93,25.02
I0000466,O000163,P0452,4,72.63,11.72
I0000467,O000163,P0470,3,80.90,23.35
I0000468,O000163,P0455,3,58.28,3.64
I0000469,O000163,P0456,1,110.39,28.38
I0000470,O000164,P0061,4,202.85,11.31
I0000471,O000164,P0062,4,250.73,17.30
I0000472,O000164,P0009,2,368.49,22.28
I0000473,O000165,P0181,1,108.74,0.10
I0000474,O000165,P0182,1,86.26,16.59
I0000475,O000165,P0153,2,68.16,12.23
I0000476,O000166,P0314,5,147.44,23.20
I0000477,O000166,P0312,1,412.40,1.06
I0000478,O000166,P0302,4,202.79,0.44
I0000479,O000167,P0151,4,140.38,6.08
I0000480,O000167,P0152,5,155.22,23.80
I0000481,O000168,P0451,4,114.51,16.40
I0000482,O000168,P0452,4,93.95,5.77
I0000483,O000169,P0041,5,217.31,26.48
I0000484,O000169,P0042,1,346.87,32.52
I0000485,O000170,P0381,4,108.59,17.51
I0000486,O000170,P0382,1,301.27,34.08
I0000487,O000171,P0001,1,276.12,23.88
I0000488,O000171,P0002,2,610.88,8.10
I0000489,O000171,P0010,5,355.89,5.64
I0000490,O000172,P0302,2,196.53,21.36
I0000491,O000172,P0313,1,198.70,34.80
I0000492,O000172,P0308,1,237.75,30.47
I0000493,O000173,P0015,4,315.39,12.72
I0000494,O000173,P0005,3,238.68,32.10
I0000495,O000173,P0004,1,157.29,21.86
I0000496,O000173,P0019,1,166.25,17.71
I0000497,O000174,P0061,1,336.82,7.81
I0000498,O000174,P0062,4,250.01,16.40
I0000499,O000175,P0021,2,236.71,5.45
I0000500,O000175,P0022,4,399.72,1.10
I0000501,O000175,P0015,4,220.63,28.30
I0000502,O000176,P0061,1,302.03,9.08
I0000503,O000176,P0062,3,356.83,15.00
I0000504,O000176,P0017,4,63.68,12.22
I0000505,O000176,P0007,4,255.91,27.44
I0000506,O000177,P0361,4,372.96,11.07
I0000507,O000177,P0362,2,233.41,25.28
I0000508,O000177,P0305,1,353.94,22.36
I0000509,O000178,P0169,1,50.05,31.38
I0000510,O000178,P0151,4,149.09,22.71
I0000511,O000178,P0162,3,53.71,28.99
I0000512,O000178,P0162,2,43.72,6.15
I0000513,O000179,P0004,5,189.31,3.63
I0000514,O000179,P0003,5,101.95,3.63
I0000515,O000180,P0013,3,393.44,9.37
I0000516,O000180,P0001,2,447.63,27.83
I0000517,O000180,P0012,-2,314.13,31.82
I0000518,O000180,P0008,5,210.25,13.10
I0000519,O000181,P0019,5,196.70,6.08
I0000520,O000181,P0014,2,247.34,8.08
I0000521,O000181,P0005,3,191.54,22.10
I0000522,O000181,P0013,1,483.75,5.57
I0000523,O000182,P0301,2,197.78,27.22
I0000524,O000182,P0302,4,211.75,18.74
I0000525,O000182,P0305,2,384.76,23.07
I0000526,O000182,P0315,1,194.88,22.34
I0000527,O000183,P0041,4,146.62,27.84
I0000528,O000183,P0042,4,579.21,2.67
I0000529,O000183,P0013,2,498.09,22.17
I0000530,O000184,P0170,1,64.61,18.26
I0000531,O000184,P0168,5,22.49,1.03
I0000532,O000185,P0471,3,46.34,3.22
I0000533,O000185,P0472,4,95.66,28.32
I0000534,O000185,P0466,3,89.40,8.75
I0000535,O000186,P0191,5,70.31,21.26
I0000536,O000186,P0192,4,102.95,31.43
I0000537,O000186,P0161,5,25.05,1.18
I0000538,O000187,P0001,1,401.66,13.02
I0000539,O000187,P0002,2,304.72,24.09
I0000540,O000187,P0007,5,243.66,27.83
I0000541,O000188,P0464,1,17.81,1.74
I0000542,O000188,P0461,2,143.21,14.74
I0000543,O000188,P0461,1,114.20,20.69
I0000544,O000189,P0151,3,91.43,3.33
I0000545,O000189,P0152,5,106.06,26.38
I0000546,O000189,P0161,3,38.93,17.28
I0000547,O000189,P0151,1,148.83,15.91
I0000548,O000190,P0001,3,458.98,1.51
I0000549,O000190,P0002,4,325.95,11.53
I0000550,O000190,P0002,4,389.21,5.96
I0000551,O000190,P0009,5,252.51,11.18
I0000552,O000191,P0166,3,65.40,26.82
I0000553,O000191,P0158,2,153.71,30.55
I0000554,O000192,P0021,1,400.70,22.94
I0000555,O000192,P0022,4,589.75,7.66
I0000556,O000192,P0010,2,376.65,17.97
I0000557,O000193,P0008,3,232.27,16.67
I0000558,O000193,P0001,4,302.55,32.44
I0000559,O000193,P0015,3,253.94,13.89
I0000560,O000193,P0006,4,68.18,9.54
I0000561,O000194,P0001,1,478.14,7.69
I0000562,O000194,P0002,3,488.32,8.36
I0000563,O000194,P0008,4,224.44,21.71
I0000564,O000195,P0471,5,68.30,3.30
I0000565,O000195,P0472,2,96.33,10.69
I0000566,O000196,P0470,1,113.35,17.09
I0000567,O000196,P0462,3,72.37,0.61
I0000568,O000196,P0466,2,85.20,18.38
I0000569,O000197,P0361,5,458.68,10.54
I0000570,O000197,P0362,5,333.61,29.99
I0000571,O000197,P0301,1,178.80,9.45
I0000572,O000198,P0181,3,104.88,33.42
I0000573,O000198,P0182,4,120.64,23.76
I0000574,O000198,P0153,3,132.11,30.66
I0000575,O000199,P0166,5,89.39,5.26
I0000576,O000199,P0155,1,143.91,5.69
I0000577,O000200,P0001,5,270.17,30.76
I0000578,O000200,P0002,1,517.56,26.91
I0000579,O000200,P0009,4,395.31,4.99
I0000580,O000201,P0001,4,468.32,20.90
I0000581,O000201,P0002,2,521.97,11.29
I0000582,O000201,P0009,3,283.83,14.57
I0000583,O000202,P0191,3,64.91,23.98
I0000584,O000202,P0192,1,108.95,14.72
I0000585,O000203,P0381,1,96.89,13.74
I0000586,O000203,P0382,1,253.41,26.70
I0000587,O000203,P0302,1,175.09,9.46
I0000588,O000204,P0041,5,234.68,32.78
I0000589,O000204,P0042,-2,495.96,4.01
I0000590,O000204,P0010,1,303.70,8.65
I0000591,O000204,P0010,1,369.29,15.53
I0000592,O000205,P0301,5,135.45,26.06
I0000593,O000205,P0302,3,288.56,19.13
I0000594,O000205,P0306,3,184.72,3.50
I0000595,O000206,P0151,2,127.91,25.31
I0000596,O000206,P0152,3,113.37,29.95
I0000597,O000206,P0162,2,76.81,18.38
I0000598,O000206,P0155,3,153.37,12.32
I0000599,O000207,P0013,5,412.19,32.46
I0000600,O000207,P0016,5,78.57,24.42
I0000601,O000207,P0020,1,80.99,21.61
I0000602,O000207,P0006,1,66.54,25.65
I0000603,O000208,P0306,5,255.42,14.70
I0000604,O000208,P0313,4,156.67,1.31
I0000605,O000209,P0021,2,334.39,10.01
I0000606,O000209,P0022,1,436.16,18.50
I0000607,O000209,P0016,2,99.92,22.02
I0000608,O000210,P0317,3,139.04,19.96
I0000609,O000210,P0316,1,167.73,31.49
I0000610,O000210,P0307,5,116.65,21.89
I0000611,O000211,P0041,5,142.94,20.14
I0000612,O000211,P0042,1,438.37,13.97
I0000613,O000211,P0010,1,316.90,32.79
I0000614,O000212,P0002,1,325.26,33.18
I0000615,O000212,P0008,5,247.63,2.48
I0000616,O000212,P0016,2,122.88,31.06
I0000617,O000213,P0158,5,98.73,27.36
I0000618,O000213,P0151,5,163.83,23.87
I0000619,O000213,P0152,2,124.34,13.55
I0000620,O000214,P0001,1,486.24,0.52
I0000621,O000214,P0002,1,326.46,4.44
I0000622,O000215,P0021,3,456.94,7.21
I0000623,O000215,P0022,3,584.48,30.06
I0000624,O000216,P0461,4,142.29,24.44
I0000625,O000216,P0462,3,139.81,0.75
I0000626,O000216,P0452,1,64.57,13.45
I0000627,O000217,P0171,3,65.66,23.11
I0000628,O000217,P0172,3,153.88,31.85
I0000629,O000218,P0302,5,227.50,25.25
I0000630,O000218,P0304,5,123.89,20.04
I0000631,O000218,P0318,2,82.95,33.61
I0000632,O000219,P0301,5,195.39,12.66
I0000633,O000219,P0302,3,162.60,10.74
I0000634,O000220,P0001,4,462.46,19.30
I0000635,O000220,P0002,4,359.96,26.81
I0000636,O000220,P0009,5,254.27,22.06
I0000637,O000221,P0002,3,618.17,0.56
I0000638,O000221,P0009,1,353.73,1.57
I0000639,O000222,P0061,3,202.55,11.43
I0000640,O000222,P0062,3,372.50,31.41
I0000641,O000222,P0010,2,325.10,5.61
I0000642,O000223,P0321,4,160.05,1.14
I0000643,O000223,P0322,2,447.36,22.72
I0000644,O000223,P0313,4,198.50,34.92
I0000645,O000224,P0381,3,105.85,11.50
I0000646,O000224,P0382,2,211.19,11.02
I0000647,O000225,P0061,5,283.08,28.94
I0000648,O000225,P0062,2,229.67,31.82
I0000649,O000225,P0008,1,298.07,27.85
I0000650,O000226,P0014,5,368.23,34.65
I0000651,O000226,P0001,4,467.92,31.65
I0000652,O000227,P0301,4,210.97,12.42
I0000653,O000227,P0302,4,269.42,25.92
I0000654,O000227,P0303,5,192.70,25.67
I0000655,O000228,P0469,2,77.93,13.44
I0000656,O000228,P0467,2,49.93,33.08
I0000657,O000228,P0464,3,21.48,9.74
I0000658,O000229,P0001,2,271.00,7.24
I0000659,O000229,P0002,5,310.47,31.59
I0000660,O000229,P0008,1,284.93,6.83
I0000661,O000229,P0009,4,312.59,9.86
I0000662,O000230,P0166,1,65.08,4.79
I0000663,O000230,P0159,2,194.70,28.13
I0000664,O000231,P0002,2,334.20,24.68
I0000665,O000231,P0014,1,402.66,23.14
I0000666,O000232,P0181,5,113.17,6.95
I0000667,O000232,P0182,-2,119.31,26.23
I0000668,O000232,P0166,1,90.95,21.39
I0000669,O000233,P0158,4,178.33,13.73
I0000670,O000233,P0160,3,134.79,7.66
I0000671,O000233,P0166,4,86.40,15.65
I0000672,O000233,P0166,1,66.94,16.27
I0000673,O000234,P0381,1,82.63,31.14
I0000674,O000234,P0382,4,271.51,11.31
I0000675,O000234,P0309,1,333.90,15.47
I0000676,O000235,P0151,1,115.25,21.17
I0000677,O000235,P0152,3,152.55,3.16
I0000678,O000235,P0170,5,117.30,19.35
I0000679,O000235,P0170,5,78.82,18.74
I0000680,O000236,P0361,2,253.61,9.91
I0000681,O000236,P0362,4,188.56,26.25
I0000682,O000237,P0041,5,237.06,27.74
I0000683,O000237,P0042,1,548.57,27.47
I0000684,O000237,P0004,5,134.34,16.06
I0000685,O000238,P0041,5,273.69,25.46
I0000686,O000238,P0042,1,504.18,15.83
I0000687,O000238,P0013,5,363.26,8.12
I0000688,O000238,P0001,1,262.88,10.87
I0000689,O000239,P0171,1,60.24,25.92
I0000690,O000239,P0172,1,103.11,19.79
I0000691,O000239,P0159,4,122.84,7.32
I0000692,O000240,P0301,4,138.03,26.19
I0000693,O000240,P0302,4,310.68,3.98
I0000694,O000241,P0009,2,301.24,31.13
I0000695,O000241,P0017,5,62.34,18.31
I0000696,O000242,P0181,4,137.00,11.59
I0000697,O000242,P0182,2,101.76,2.34
I0000698,O000242,P0157,3,48.04,0.49
I0000699,O000242,P0154,3,41.85,30.38
I0000700,O000243,P0009,5,286.94,3.58
I0000701,O000243,P0006,5,109.24,13.40
I0000702,O000244,P0181,-2,100.16,16.64
I0000703,O000244,P0182,4,121.90,1.83
I0000704,O000245,P0191,2,56.45,2.74
I0000705,O000245,P0192,2,151.33,33.09
I0000706,O000245,P0167,3,161.26,19.62
I0000707,O000246,P0041,1,186.74,6.27
I0000708,O000246,P0042,5,345.06,12.63
I0000709,O000247,P0191,4,70.42,33.99
I0000710,O000247,P0192,4,154.69,22.13
I0000711,O000247,P0159,1,172.28,22.66
I0000712,O000248,P0304,5,122.10,24.87
I0000713,O000248,P0302,1,208.39,29.84
I0000714,O000249,P0501,5,58.79,23.44
I0000715,O000249,P0502,1,61.91,9.33
I0000716,O000249,P0464,2,19.03,6.95
I0000717,O000250,P0061,3,348.95,6.39
I0000718,O000250,P0062,1,297.39,33.80
I0000719,O000250,P0003,2,62.79,13.11
I0000720,O000250,P0004,2,134.95,23.83
I0000721,O000251,P0041,3,171.13,6.97
I0000722,O000251,P0042,5,498.96,9.26
I0000723,O000252,P0010,3,341.40,17.63
I0000724,O000252,P0007,4,178.20,27.07
I0000725,O000252,P0011,2,329.00,32.27
I0000726,O000253,P0001,2,355.71,11.78
I0000727,O000253,P0006,2,127.86,10.72
I0000728,O000253,P0014,5,382.33,15.37
I0000729,O000254,P0151,4,154.94,31.53
I0000730,O000254,P0152,5,119.38,9.43
I0000731,O000254,P0158,5,98.96,17.93
I0000732,O000255,P0041,3,252.70,13.10
I0000733,O000255,P0042,2,315.64,19.24
I0000734,O000255,P0005,2,246.14,23.40
I0000735,O000255,P0018,2,197.44,3.35
I0000736,O000256,P0181,-5,120.61,17.55
I0000737,O000256,P0182,2,123.14,22.60
I0000738,O000256,P0158,4,100.58,10.57
I0000739,O000256,P0162,4,66.39,14.90
I0000740,O000257,P0451,2,103.97,14.16
I0000741,O000257,P0452,4,66.77,20.11
I0000742,O000257,P0462,4,69.88,22.88
I0000743,O000257,P0454,1,40.86,10.60
I0000744,O000258,P0014,-4,409.23,2.80
I0000745,O000258,P0018,4,131.46,28.45
I0000746,O000258,P0013,4,373.54,16.27
I0000747,O000259,P0021,5,231.63,11.36
I0000748,O000259,P0022,4,333.01,25.62
I0000749,O000259,P0014,2,267.85,2.94
I0000750,O000260,P0467,1,51.71,13.05
I0000751,O000260,P0469,3,84.13,34.31
I0000752,O000260,P0465,3,64.56,0.78
I0000753,O000260,P0452,4,88.30,25.99
I0000754,O000261,P0501,2,56.23,15.29
I0000755,O000261,P0502,2,69.35,23.50
I0000756,O000261,P0457,1,99.86,9.54
I0000757,O000262,P0158,4,159.18,25.49
I0000758,O000262,P0153,4,104.58,22.22
I0000759,O000263,P0041,1,168.70,1.13
I0000760,O000263,P0042,2,478.66,19.65
I0000761,O000263,P0013,3,459.29,18.54
I0000762,O000264,P0181,2,175.39,4.32
I0000763,O000264,P0182,2,128.32,19.98
I0000764,O000264,P0163,5,77.67,34.45
I0000765,O000264,P0170,5,92.52,26.29
I0000766,O000265,P0061,4,337.81,17.32
I0000767,O000265,P0062,1,212.46,30.57
I0000768,O000265,P0008,2,283.91,11.69
I0000769,O000266,P0181,3,139.95,16.52
I0000770,O000266,P0182,4,63.57,21.05
I0000771,O000267,P0457,4,75.93,31.31
I0000772,O000267,P0461,2,103.59,23.93
I0000773,O000267,P0455,1,78.73,34.05
I0000774,O000268,P0061,5,188.82,14.60
I0000775,O000268,P0062,5,205.42,27.18
I0000776,O000268,P0013,1,450.18,15.35
I0000777,O000269,P0041,2,240.21,20.29
I0000778,O000269,P0042,2,397.40,22.98
I0000779,O000269,P0009,1,415.14,7.35
I0000780,O000270,P0381,3,66.15,12.98
I0000781,O000270,P0382,3,224.98,25.05
I0000782,O000270,P0301,2,177.65,15.40
I0000783,O000271,P0171,2,69.52,5.96
I0000784,O000271,P0172,4,125.01,17.54
I0000785,O000271,P0166,5,114.96,16.98
I0000786,O000272,P0301,1,199.75,12.48
I0000787,O000272,P0302,5,305.54,29.60
I0000788,O000273,P0461,2,88.43,25.88
I0000789,O000273,P0462,5,85.98,25.11
I0000790,O000273,P0458,1,68.87,9.71
I0000791,O000274,P0011,1,389.13,15.47
I0000792,O000274,P0003,5,80.58,7.52
I0000793,O000274,P0007,4,164.02,15.04
I0000794,O000275,P0311,3,318.05,9.93
I0000795,O000275,P0317,5,141.79,8.72
I0000796,O000276,P0461,4,126.06,23.55
I0000797,O000276,P0462,2,94.45,24.04
I0000798,O000276,P0456,5,101.25,26.70
I0000799,O000276,P0453,3,108.49,26.82
I0000800,O000277,P0011,3,528.15,22.87
I0000801,O000277,P0017,3,67.42,9.20
I0000802,O000278,P0061,4,358.52,12.38
I0000803,O000278,P0062,2,331.80,0.68
I0000804,O000278,P0002,1,516.50,8.96
I0000805,O000279,P0151,3,148.04,31.81
I0000806,O000279,P0152,1,168.80,20.51
I0000807,O000279,P0163,3,71.84,9.66
I0000808,O000280,P0461,3,102.02,11.47
I0000809,O000280,P0462,2,110.37,28.61
I0000810,O000280,P0468,3,86.06,2.38
I0000811,O000280,P0453,2,165.78,12.64
I0000812,O000281,P0152,-5,162.29,17.93
I0000813,O000281,P0167,3,175.46,33.59
I0000814,O000281,P0152,1,151.47,17.22
I0000815,O000282,P0171,3,75.51,26.85
I0000816,O000282,P0172,2,115.00,31.13
I0000817,O000282,P0170,3,109.25,2.56
I0000818,O000282,P0157,4,52.15,27.34
I0000819,O000283,P0381,2,62.22,27.05
I0000820,O000283,P0382,1,187.52,18.67
I0000821,O000283,P0319,3,446.81,18.90
I0000822,O000284,P0001,2,446.53,13.13
I0000823,O000284,P0005,2,174.99,15.64
I0000824,O000284,P0015,2,378.30,20.66
I0000825,O000284,P0004,2,156.66,20.24
I0000826,O000285,P0061,1,223.75,3.92
I0000827,O000285,P0062,1,256.10,14.70
I0000828,O000286,P0466,2,80.09,31.41
I0000829,O000286,P0451,2,72.58,0.32
I0000830,O000286,P0459,2,114.34,26.68
I0000831,O000287,P0156,3,88.27,7.14
I0000832,O000287,P0162,1,77.08,9.28
I0000833,O000287,P0154,2,30.15,31.11
I0000834,O000287,P0156,5,169.60,1.63
I0000835,O000288,P0151,2,113.58,16.43
I0000836,O000288,P0152,1,110.30,18.90
I0000837,O000289,P0001,2,416.93,9.88
I0000838,O000289,P0002,3,375.03,6.46
I0000839,O000290,P0181,-5,140.89,32.71
I0000840,O000290,P0182,1,104.26,27.80
I0000841,O000291,P0019,5,142.51,7.52
I0000842,O000291,P0013,5,374.90,26.07
I0000843,O000292,P0021,5,338.07,19.37
I0000844,O000292,P0022,5,355.70,28.70
I0000845,O000292,P0010,1,235.59,29.40
I0000846,O000293,P0181,5,121.75,3.50
I0000847,O000293,P0182,5,77.17,32.57
I0000848,O000293,P0167,3,170.59,21.34
I0000849,O000293,P0156,4,90.02,33.92
I0000850,O000294,P0007,2,329.96,2.07
I0000851,O000294,P0020,2,89.41,5.61
I0000852,O000294,P0020,5,83.73,5.58
I0000853,O000295,P0041,1,195.42,23.53
I0000854,O000295,P0042,5,480.31,18.22
I0000855,O000295,P0007,1,244.66,23.11
I0000856,O000296,P0013,4,285.34,16.33
I0000857,O000296,P0009,5,406.21,7.86
I0000858,O000297,P0381,5,101.89,25.64
I0000859,O000297,P0382,3,229.02,23.34
I0000860,O000298,P0166,4,98.38,19.80
I0000861,O000298,P0168,1,19.46,3.77
I0000862,O000299,P0012,4,505.72,18.30
I0000863,O000299,P0015,1,355.63,0.90
I0000864,O000299,P0015,4,347.05,11.51
I0000865,O000300,P0011,2,450.17,22.22
I0000866,O000300,P0015,3,253.34,26.98
I0000867,O000301,P0308,3,228.58,25.27
I0000868,O000301,P0311,2,349.24,22.38
I0000869,O000301,P0310,4,189.17,24.76
I0000870,O000302,P0151,2,168.81,23.21
I0000871,O000302,P0152,4,144.93,18.65
I0000872,O000302,P0170,3,71.43,33.46
I0000873,O000303,P0041,2,256.89,15.41
I0000874,O000303,P0042,5,288.80,8.53
I0000875,O000303,P0008,5,274.32,15.36
I0000876,O000303,P0008,4,217.79,6.51
I0000877,O000304,P0321,2,113.62,12.50
I0000878,O000304,P0322,5,330.76,28.96
I0000879,O000305,P0321,5,126.82,20.10
I0000880,O000305,P0322,2,361.49,20.69
I0000881,O000306,P0001,4,359.58,24.65
I0000882,O000306,P0020,3,72.56,15.82
I0000883,O000307,P0170,1,104.89,27.11
I0000884,O000307,P0152,2,128.53,25.56
I0000885,O000307,P0162,2,80.05,27.08
I0000886,O000308,P0321,2,148.82,30.77
I0000887,O000308,P0322,1,314.59,7.02
I0000888,O000309,P0001,5,238.48,11.44
I0000889,O000309,P0002,2,484.46,30.08
I0000890,O000309,P0017,3,91.17,17.44
I0000891,O000310,P0471,2,42.59,23.91
I0000892,O000310,P0472,5,125.34,17.42
I0000893,O000310,P0460,5,131.51,32.82
I0000894,O000311,P0061,5,186.60,34.38
I0000895,O000311,P0062,3,201.08,18.19
I0000896,O000311,P0002,5,597.59,19.70
I0000897,O000311,P0012,3,445.41,19.12
I0000898,O000312,P0171,3,59.20,17.42
I0000899,O000312,P0172,1,140.16,24.46
I0000900,O000312,P0170,5,77.27,3.12
I0000901,O000313,P0167,2,167.72,3.45
I0000902,O000313,P0162,2,68.84,2.55
I0000903,O000313,P0152,4,132.17,21.46
I0000904,O000314,P0061,1,331.67,13.01
I0000905,O000314,P0062,3,212.26,20.96
I0000906,O000315,P0451,4,85.69,29.49
I0000907,O000315,P0452,1,63.26,0.37
I0000908,O000315,P0464,2,25.68,15.72
I0000909,O000315,P0464,4,15.79,4.00
I0000910,O000316,P0041,1,211.27,17.43
I0000911,O000316,P0042,4,428.84,3.83
I0000912,O000316,P0003,2,60.98,26.69
I0000913,O000317,P0041,3,138.52,0.50
I0000914,O000317,P0042,1,567.75,12.25
I0000915,O000317,P0011,1,365.08,5.36
I0000916,O000318,P0321,1,97.54,33.75
I0000917,O000318,P0322,2,354.10,18.70
I0000918,O000319,P0016,4,104.06,9.89
I0000919,O000319,P0019,3,189.78,8.32
I0000920,O000320,P0463,3,132.41,12.88
I0000921,O000320,P0459,5,75.54,16.10
I0000922,O000321,P0015,2,279.29,13.96
I0000923,O000321,P0012,5,395.54,24.94
I0000924,O000321,P0011,4,357.36,16.22
I0000925,O000322,P0020,4,72.69,19.31
I0000926,O000322,P0014,1,424.42,15.11
I0000927,O000322,P0002,3,526.86,13.51
I0000928,O000322,P0007,4,334.21,23.82
I0000929,O000323,P0151,1,92.92,0.30
I0000930,O000323,P0152,3,111.06,3.15
I0000931,O000323,P0154,1,27.07,5.27
I0000932,O000323,P0153,4,89.07,31.82
I0000933,O000324,P0191,4,86.31,23.24
I0000934,O000324,P0192,4,82.41,1.38
I0000935,O000324,P0158,3,135.20,5.97
I0000936,O000325,P0462,1,115.37,23.71
I0000937,O000325,P0453,3,168.92,27.68
I0000938,O000325,P0456,3,72.41,27.75
I0000939,O000325,P0455,-5,69.88,27.98
I0000940,O000326,P0181,3,152.20,9.21
I0000941,O000326,P0182,4,64.76,26.25
I0000942,O000327,P0314,3,149.04,19.33
I0000943,O000327,P0311,3,227.98,15.75
I0000944,O000327,P0305,2,405.38,31.35
I0000945,O000327,P0312,3,397.67,3.75
I0000946,O000328,P0461,5,116.41,11.58
I0000947,O000328,P0462,1,78.08,24.65
I0000948,O000328,P0469,4,71.53,25.14
I0000949,O000328,P0465,1,82.19,8.16
I0000950,O000329,P0151,2,125.58,17.77
I0000951,O000329,P0152,2,105.05,30.74
I0000952,O000330,P0010,3,300.94,9.99
I0000953,O000330,P0020,3,105.55,18.57
I0000954,O000330,P0014,4,275.31,5.64
I0000955,O000331,P0303,5,201.13,32.01
I0000956,O000331,P0311,3,361.94,2.31
I0000957,O000331,P0319,4,360.86,25.98
I0000958,O000332,P0313,4,183.46,4.97
I0000959,O000332,P0315,4,235.22,30.57
I0000960,O000332,P0315,1,240.24,22.13
I0000961,O000333,P0021,5,232.64,13.73
I0000962,O000333,P0022,4,386.12,6.65
I0000963,O000333,P0007,1,237.98,33.16
I0000964,O000334,P0041,5,180.50,10.87
I0000965,O000334,P0042,3,322.37,4.53
I0000966,O000335,P0021,5,398.20,31.56
I0000967,O000335,P0022,2,607.99,8.01
I0000968,O000336,P0501,3,46.31,31.52
I0000969,O000336,P0502,3,57.28,13.64
I0000970,O000337,P0321,2,128.58,11.00
I0000971,O000337,P0322,5,463.63,22.60
I0000972,O000337,P0309,2,387.94,10.35
I0000973,O000337,P0311,4,327.11,17.64
I0000974,O000338,P0381,4,98.06,34.75
I0000975,O000338,P0382,1,270.24,20.78
I0000976,O000338,P0315,5,233.62,15.96
I0000977,O000339,P0191,1,60.01,11.43
I0000978,O000339,P0192,1,126.30,11.34
I0000979,O000340,P0061,4,278.50,18.36
I0000980,O000340,P0062,2,317.63,19.18
I0000981,O000341,P0458,2,55.99,7.67
I0000982,O000341,P0466,4,90.95,4.82
I0000983,O000342,P0301,1,146.56,17.20
I0000984,O000342,P0302,2,260.91,12.88
I0000985,O000342,P0307,-4,113.09,5.33
I0000986,O000343,P0001,5,400.01,15.81
I0000987,O000343,P0002,4,551.54,7.16
I0000988,O000344,P0021,2,230.36,29.04
I0000989,O000344,P0022,4,457.12,25.20
I0000990,O000345,P0151,1,141.76,30.00
I0000991,O000345,P0152,2,108.59,13.35
I0000992,O000345,P0151,4,93.97,12.88
I0000993,O000345,P0151,1,152.99,13.05
I0000994,O000346,P0001,5,238.92,3.01
I0000995,O000346,P0002,5,527.17,9.56
I0000996,O000346,P0016,1,93.15,25.60
I0000997,O000346,P0006,4,92.08,13.21
I0000998,O000347,P0457,4,99.43,33.71
I0000999,O000347,P0459,5,122.45,34.85
I0001000,O000347,P0451,4,115.74,15.24
I0001001,O000348,P0021,4,359.65,11.22
I0001002,O000348,P0022,3,352.94,14.06
I0001003,O000348,P0018,4,197.93,5.17
I0001004,O000349,P0181,2,118.85,32.14
I0001005,O000349,P0182,2,102.05,18.91
I0001006,O000349,P0152,2,156.84,20.08
I0001007,O000350,P0021,2,456.58,18.31
I0001008,O000350,P0022,1,481.90,26.24
I0001009,O000350,P0018,2,134.75,22.54
I0001010,O000351,P0010,1,308.34,3.38
I0001011,O000351,P0007,1,165.18,10.35
I0001012,O000352,P0471,5,55.76,20.64
I0001013,O000352,P0472,4,104.31,23.77
I0001014,O000353,P0470,4,140.79,23.97
I0001015,O000353,P0462,4,71.89,17.06
I0001016,O000354,P0191,2,51.90,14.37
I0001017,O000354,P0192,5,122.27,23.63
I0001018,O000354,P0168,5,27.53,17.57
I0001019,O000354,P0165,1,82.71,32.37
I0001020,O000355,P0061,2,248.69,26.06
I0001021,O000355,P0062,3,332.86,1.54
I0001022,O000355,P0008,4,348.57,20.42
I0001023,O000355,P0001,2,440.01,33.18
I0001024,O000356,P0361,3,425.86,2.34
I0001025,O000356,P0362,2,274.89,17.75
I0001026,O000356,P0318,2,73.25,5.67
I0001027,O000357,P0041,1,153.27,4.66
I0001028,O000357,P0042,5,399.05,17.86
I0001029,O000357,P0007,-3,278.70,20.50
I0001030,O000358,P0018,1,186.24,30.02
I0001031,O000358,P0003,2,77.04,34.65
I0001032,O000358,P0005,3,157.18,26.37
I0001033,O000359,P0191,1,77.11,15.15
I0001034,O000359,P0192,1,119.72,24.66
I0001035,O000359,P0166,3,83.19,13.76
I0001036,O000360,P0469,3,98.09,27.50
I0001037,O000360,P0468,5,51.60,17.14
I0001038,O000360,P0470,3,115.84,2.20
I0001039,O000361,P0471,2,49.60,20.92
I0001040,O000361,P0472,3,116.30,31.17
I0001041,O000361,P0467,5,57.55,24.01
I0001042,O000361,P0464,2,19.75,27.93
I0001043,O000362,P0041,5,201.25,9.48
I0001044,O000362,P0042,1,389.71,8.92
I0001045,O000362,P0013,1,519.12,28.46
I0001046,O000363,P0151,4,142.57,17.13
I0001047,O000363,P0152,3,115.94,4.18
I0001048,O000363,P0164,-2,187.95,34.80
I0001049,O000364,P0002,3,337.77,34.19
I0001050,O000364,P0001,5,344.13,8.07
I0001051,O000365,P0013,5,402.79,0.61
I0001052,O000365,P0007,4,291.72,34.25
I0001053,O000366,P0021,4,333.82,30.13
I0001054,O000366,P0022,4,365.55,3.51
I0001055,O000367,P0381,4,54.63,17.76
I0001056,O000367,P0382,5,279.58,13.05
I0001057,O000367,P0311,4,397.69,23.91
I0001058,O000368,P0019,3,169.43,0.77
I0001059,O000368,P0008,4,254.45,17.18
I0001060,O000368,P0003,3,55.78,8.92
I0001061,O000368,P0015,2,409.59,9.10
I0001062,O000369,P0181,2,166.96,9.75
I0001063,O000369,P0182,1,89.40,5.83
I0001064,O000370,P0306,1,263.29,6.84
I0001065,O000370,P0308,5,377.55,9.42
I0001066,O000370,P0301,2,133.23,16.19
I0001067,O000371,P0301,2,138.65,16.42
I0001068,O000371,P0302,3,309.29,29.20
I0001069,O000371,P0313,2,184.82,15.92
I0001070,O000371,P0305,4,247.04,21.21
I0001071,O000372,P0381,3,86.66,29.32
I0001072,O000372,P0382,4,264.45,14.27
I0001073,O000372,P0320,3,235.67,1.27
I0001074,O000373,P0041,2,196.35,20.67
I0001075,O000373,P0042,1,484.08,10.57
I0001076,O000374,P0008,1,354.68,32.30
I0001077,O000374,P0005,4,171.00,31.83
I0001078,O000375,P0041,5,185.15,15.69
I0001079,O000375,P0042,1,426.18,21.76
I0001080,O000375,P0017,4,100.76,20.50
I0001081,O000376,P0309,4,270.90,32.02
I0001082,O000376,P0305,-2,272.78,7.71
I0001083,O000377,P0041,4,263.97,17.27
I0001084,O000377,P0042,3,533.96,12.00
I0001085,O000378,P0469,1,111.36,27.24
I0001086,O000378,P0467,3,70.09,9.53
I0001087,O000378,P0459,5,100.53,25.35
I0001088,O000379,P0321,5,130.50,14.44
I0001089,O000379,P0322,4,333.29,2.84
I0001090,O000379,P0304,1,167.04,23.20
I0001091,O000379,P0318,4,95.19,28.53
I0001092,O000380,P0041,5,166.92,28.16
I0001093,O000380,P0042,1,385.34,13.19
I0001094,O000380,P0010,4,212.00,25.81
I0001095,O000381,P0471,1,39.82,31.25
I0001096,O000381,P0472,1,131.93,2.88
I0001097,O000381,P0469,4,112.34,6.73
I0001098,O000381,P0453,3,154.09,17.16
I0001099,O000382,P0167,4,129.95,7.83
I0001100,O000382,P0154,4,42.60,23.28
I0001101,O000383,P0381,1,79.97,24.61
I0001102,O000383,P0382,4,276.14,4.12
I0001103,O000383,P0307,3,89.98,25.30
I0001104,O000383,P0308,4,358.67,20.27
I0001105,O000384,P0451,1,84.84,13.68
I0001106,O000384,P0452,2,51.38,29.86
I0001107,O000385,P0169,1,95.21,5.75
I0001108,O000385,P0156,2,130.33,34.59
I0001109,O000385,P0151,2,107.04,21.14
I0001110,O000386,P0061,4,363.23,21.44
I0001111,O000386,P0062,5,332.32,25.59
I0001112,O000386,P0017,1,85.96,18.86
I0001113,O000387,P0170,1,122.00,7.80
I0001114,O000387,P0169,4,92.44,23.40
I0001115,O000387,P0158,4,123.42,18.58
I0001116,O000387,P0161,1,26.69,0.08
I0001117,O000388,P0002,1,370.87,23.15
I0001118,O000388,P0016,3,117.98,32.40
I0001119,O000388,P0019,4,114.15,22.96
I0001120,O000389,P0191,2,60.92,31.71
I0001121,O000389,P0192,5,103.63,26.78
I0001122,O000390,P0459,5,73.39,15.80
I0001123,O000390,P0456,3,82.67,4.27
I0001124,O000391,P0307,4,81.77,29.87
I0001125,O000391,P0316,2,134.73,17.93
I0001126,O000391,P0312,5,251.31,21.74
I0001127,O000392,P0452,3,49.90,12.44
I0001128,O000392,P0465,3,75.37,14.54
I0001129,O000392,P0457,5,111.28,2.98
I0001130,O000393,P0001,1,297.60,18.80
I0001131,O000393,P0002,2,580.32,1.92
I0001132,O000393,P0011,3,449.29,28.55
I0001133,O000394,P0161,5,37.49,30.43
I0001134,O000394,P0156,3,140.69,3.50
I0001135,O000395,P0018,5,203.10,19.21
I0001136,O000395,P0003,4,67.16,19.33
I0001137,O000396,P0451,2,71.36,32.89
I0001138,O000396,P0452,5,54.09,5.89
I0001139,O000396,P0459,4,114.73,3.64
I0001140,O000397,P0309,5,359.51,8.33
I0001141,O000397,P0319,3,417.37,6.74
I0001142,O000397,P0307,5,90.84,34.08
I0001143,O000398,P0461,5,125.04,24.20
I0001144,O000398,P0462,1,77.93,23.49
I0001145,O000399,P0041,1,234.41,29.05
I0001146,O000399,P0042,1,389.70,15.65
I0001147,O000400,P0021,1,239.31,0.11
I0001148,O000400,P0022,5,547.28,29.18
I0001149,O000400,P0014,2,277.04,14.47
I0001150,O000401,P0015,4,359.94,9.65
I0001151,O000401,P0007,2,209.46,16.81
I0001152,O000402,P0021,5,355.07,24.15
I0001153,O000402,P0022,-2,553.07,26.12
I0001154,O000403,P0006,5,64.72,33.55
I0001155,O000403,P0016,2,89.18,11.95
I0001156,O000403,P0017,3,60.42,10.72
I0001157,O000404,P0181,2,117.10,30.02
I0001158,O000404,P0182,5,97.62,17.26
I0001159,O000404,P0158,2,97.70,2.67
I0001160,O000405,P0014,2,436.75,22.51
I0001161,O000405,P0004,1,111.57,32.32
I0001162,O000406,P0151,5,157.92,31.06
I0001163,O000406,P0166,4,96.86,32.37
I0001164,O000406,P0157,5,61.29,32.71
I0001165,O000407,P0361,2,301.48,4.71
I0001166,O000407,P0362,4,253.74,26.48
I0001167,O000408,P0154,2,27.28,5.38
I0001168,O000408,P0153,5,112.28,5.82
I0001169,O000408,P0156,5,166.86,18.58
I0001170,O000409,P0361,1,325.00,21.22
I0001171,O000409,P0362,4,220.38,10.34
I0001172,O000409,P0309,2,469.40,30.62
I0001173,O000410,P0455,2,50.59,30.65
I0001174,O000410,P0452,1,98.27,17.79
I0001175,O000410,P0467,5,60.20,19.33
I0001176,O000411,P0361,3,261.22,25.23
I0001177,O000411,P0362,3,272.20,23.85
I0001178,O000412,P0001,1,256.22,6.66
I0001179,O000412,P0002,1,444.09,31.30
I0001180,O000413,P0303,1,207.39,10.11
I0001181,O000413,P0305,4,281.46,16.41
I0001182,O000413,P0306,-4,144.82,20.97
I0001183,O000414,P0321,3,98.08,9.43
I0001184,O000414,P0322,2,343.43,1.71
I0001185,O000414,P0314,1,155.01,13.14
I0001186,O000415,P0301,1,140.90,2.26
I0001187,O000415,P0320,5,414.74,30.28
I0001188,O000415,P0317,1,83.15,19.45
I0001189,O000416,P0041,2,207.51,2.25
I0001190,O000416,P0042,3,491.42,4.95
I0001191,O000417,P0462,1,84.91,10.84
I0001192,O000417,P0467,4,71.53,1.43
I0001193,O000417,P0464,3,17.15,33.11
I0001194,O000418,P0451,5,81.13,27.72
I0001195,O000418,P0453,1,132.25,28.52
I0001196,O000418,P0466,5,82.14,25.58
I0001197,O000418,P0463,3,118.92,18.16
I0001198,O000419,P0007,1,196.30,18.42
I0001199,O000419,P0012,1,445.59,7.77
I0001200,O000420,P0021,1,471.88,1.37
I0001201,O000420,P0022,5,528.72,33.47
I0001202,O000421,P0001,-2,466.12,7.30
I0001203,O000421,P0002,5,491.84,11.71
I0001204,O000421,P0001,2,267.68,20.90
I0001205,O000422,P0314,5,163.80,23.80
I0001206,O000422,P0301,3,217.72,4.69
I0001207,O000423,P0181,3,143.00,5.18
I0001208,O000423,P0182,1,84.44,14.64
I0001209,O000423,P0157,5,61.26,30.00
I0001210,O000423,P0170,3,101.34,32.92
I0001211,O000424,P0001,1,424.29,14.93
I0001212,O000424,P0002,2,607.97,30.62
I0001213,O000424,P0004,1,140.80,13.92
I0001214,O000425,P0012,5,587.86,17.82
I0001215,O000425,P0002,5,336.90,21.92
I0001216,O000426,P0451,3,113.02,34.48
I0001217,O000426,P0452,5,65.67,16.69
I0001218,O000427,P0010,3,232.85,0.55
I0001219,O000427,P0010,5,316.92,5.80
I0001220,O000427,P0019,5,160.22,21.91
I0001221,O000428,P0461,5,93.97,3.60
I0001222,O000428,P0462,2,134.93,19.93
I0001223,O000428,P0455,2,85.87,31.17
I0001224,O000429,P0468,1,67.13,4.12
I0001225,O000429,P0466,5,75.86,6.09
I0001226,O000429,P0455,2,85.41,25.35
I0001227,O000430,P0301,1,222.27,31.40
I0001228,O000430,P0302,4,330.00,31.58
I0001229,O000430,P0310,2,201.32,19.22
I0001230,O000431,P0171,4,83.22,7.58
I0001231,O000431,P0172,2,84.71,29.07
I0001232,O000431,P0153,1,119.70,10.98
I0001233,O000432,P0301,2,225.63,29.14
I0001234,O000432,P0302,5,160.64,23.37
I0001235,O000433,P0301,3,127.66,22.05
I0001236,O000433,P0302,5,169.85,14.27
I0001237,O000433,P0320,4,251.22,20.39
I0001238,O000433,P0309,3,393.47,1.76
I0001239,O000434,P0163,4,48.83,0.68
I0001240,O000434,P0164,1,184.05,28.91
I0001241,O000434,P0155,1,184.92,19.79
I0001242,O000434,P0170,5,117.46,9.22
I0001243,O000435,P0465,1,84.96,31.47
I0001244,O000435,P0451,2,66.10,5.72
I0001245,O000435,P0457,3,104.34,8.33
I0001246,O000436,P0471,3,40.18,33.64
I0001247,O000436,P0472,1,66.94,30.24
I0001248,O000436,P0459,1,133.91,3.31
I0001249,O000436,P0469,1,74.80,7.17
I0001250,O000437,P0001,5,446.48,22.37
I0001251,O000437,P0002,3,475.66,6.38
I0001252,O000438,P0171,5,81.03,18.88
I0001253,O000438,P0172,1,91.22,23.85
I0001254,O000438,P0158,1,130.98,20.03
I0001255,O000439,P0313,1,242.98,18.14
I0001256,O000439,P0316,1,168.85,0.08
I0001257,O000439,P0308,3,352.28,5.98
I0001258,O000440,P0301,5,183.66,26.95
I0001259,O000440,P0302,5,184.43,19.88
I0001260,O000441,P0301,1,161.39,21.91
I0001261,O000441,P0302,2,280.55,15.45
I0001262,O000441,P0303,4,137.72,19.04
I0001263,O000441,P0310,1,178.28,26.92
I0001264,O000442,P0171,5,48.47,21.83
I0001265,O000442,P0172,2,117.60,29.59
I0001266,O000442,P0163,1,57.21,20.19
I0001267,O000442,P0168,1,34.46,18.62
I0001268,O000443,P0163,1,57.75,15.98
I0001269,O000443,P0163,3,50.24,31.49
I0001270,O000443,P0170,5,123.22,9.39
I0001271,O000444,P0155,2,171.84,27.63
I0001272,O000444,P0168,5,35.98,6.81
I0001273,O000444,P0169,1,98.67,11.91
I0001274,O000445,P0321,5,104.66,24.31
I0001275,O000445,P0322,5,452.41,12.95
I0001276,O000445,P0313,1,137.51,24.87
I0001277,O000445,P0319,4,491.83,17.14
I0001278,O000446,P0451,1,118.52,31.29
I0001279,O000446,P0452,4,99.25,3.96
I0001280,O000447,P0471,2,50.22,3.76
I0001281,O000447,P0472,2,71.01,25.51
I0001282,O000447,P0453,5,153.50,16.65
I0001283,O000447,P0461,3,76.59,27.96
I0001284,O000448,P0002,5,425.90,18.52
I0001285,O000448,P0012,2,489.01,19.65
I0001286,O000448,P0006,2,117.08,0.24
I0001287,O000448,P0015,3,394.71,18.44
I0001288,O000449,P0469,3,110.47,15.74
I0001289,O000449,P0467,5,92.13,4.84
I0001290,O000449,P0464,5,20.01,25.93
I0001291,O000450,P0461,4,140.80,31.87
I0001292,O000450,P0462,1,142.21,0.89
I0001293,O000450,P0460,3,128.84,1.50
I0001294,O000451,P0160,5,195.95,18.37
I0001295,O000451,P0160,2,170.51,25.09
I0001296,O000451,P0160,3,148.84,31.46
I0001297,O000452,P0001,1,439.25,6.05
I0001298,O000452,P0002,2,540.84,6.66
I0001299,O000452,P0017,3,89.42,30.75
I0001300,O000452,P0007,1,271.39,2.06
I0001301,O000453,P0001,3,403.74,6.19
I0001302,O000453,P0002,3,457.43,11.23
I0001303,O000454,P0061,4,345.48,19.38
I0001304,O000454,P0062,1,192.14,30.42
I0001305,O000454,P0013,2,431.19,6.14
I0001306,O000455,P0041,4,214.39,19.84
I0001307,O000455,P0042,3,555.39,33.44
I0001308,O000455,P0006,2,110.10,20.48
I0001309,O000455,P0005,3,198.07,5.04
I0001310,O000456,P0501,4,55.44,30.89
I0001311,O000456,P0502,3,70.10,32.97
I0001312,O000457,P0007,2,263.61,19.54
I0001313,O000457,P0016,1,70.07,0.98
I0001314,O000457,P0011,1,294.13,12.75
I0001315,O000457,P0005,3,197.39,6.06
I0001316,O000458,P0162,1,53.95,8.29
I0001317,O000458,P0167,1,157.51,32.29
I0001318,O000459,P0451,5,115.73,5.71
I0001319,O000459,P0452,-3,97.77,30.37
I0001320,O000459,P0462,5,116.78,5.86
I0001321,O000460,P0041,1,262.09,20.18
I0001322,O000460,P0042,1,349.53,20.77
I0001323,O000461,P0314,1,94.43,27.00
I0001324,O000461,P0315,2,130.44,14.09
I0001325,O000461,P0305,2,219.82,21.61
I0001326,O000461,P0302,4,285.34,23.16
I0001327,O000462,P0321,5,125.91,30.69
I0001328,O000462,P0322,1,273.10,26.75
I0001329,O000463,P0191,1,80.13,2.31
I0001330,O000463,P0192,5,139.28,7.51
I0001331,O000463,P0162,1,53.44,27.27
I0001332,O000463,P0163,2,78.11,8.01
I0001333,O000464,P0309,4,459.50,27.25
I0001334,O000464,P0303,2,219.91,14.79
I0001335,O000465,P0471,3,59.97,33.08
I0001336,O000465,P0472,1,81.55,30.24
I0001337,O000466,P0061,3,255.47,27.54
I0001338,O000466,P0062,3,268.38,23.70
I0001339,O000466,P0012,3,408.68,29.52
I0001340,O000467,P0301,4,122.43,0.93
I0001341,O000467,P0302,1,256.12,3.51
I0001342,O000468,P0001,4,352.66,6.84
I0001343,O000468,P0002,3,334.60,1.89
I0001344,O000469,P0461,5,70.63,15.23
I0001345,O000469,P0462,5,119.26,15.64
I0001346,O000469,P0451,1,77.59,1.04
I0001347,O000470,P0466,3,92.17,14.10
I0001348,O000470,P0451,1,124.25,21.94
I0001349,O000470,P0452,4,92.23,1.77
I0001350,O000470,P0452,3,56.35,8.83
I0001351,O000471,P0019,2,121.58,34.91
I0001352,O000471,P0001,5,246.00,21.37
I0001353,O000471,P0011,4,339.17,29.05
I0001354,O000472,P0021,4,449.53,33.44
I0001355,O000472,P0022,3,388.99,1.72
I0001356,O000472,P0004,4,128.46,29.08
I0001357,O000472,P0014,5,252.92,25.79
I0001358,O000473,P0501,1,58.19,18.92
I0001359,O000473,P0502,1,77.05,29.44
I0001360,O000474,P0061,1,345.06,2.92
I0001361,O000474,P0062,3,324.74,18.81
I0001362,O000474,P0005,1,248.14,17.79
I0001363,O000475,P0181,5,177.61,13.08
I0001364,O000475,P0182,1,73.58,28.42
I0001365,O000475,P0169,2,71.37,11.21
I0001366,O000475,P0165,5,111.21,13.31
I0001367,O000476,P0020,4,116.23,5.27
I0001368,O000476,P0014,4,342.89,34.97
I0001369,O000476,P0018,3,185.95,1.75
I0001370,O000477,P0308,5,314.25,23.60
I0001371,O000477,P0306,1,225.46,11.67
I0001372,O000478,P0061,4,278.82,25.21
I0001373,O000478,P0062,1,186.77,15.86
I0001374,O000478,P0013,4,376.02,5.35
I0001375,O000479,P0041,3,219.72,30.81
I0001376,O000479,P0042,5,406.21,5.30
I0001377,O000480,P0041,2,223.43,5.71
I0001378,O000480,P0042,4,504.22,3.78
I0001379,O000480,P0012,1,613.79,11.96
I0001380,O000480,P0020,4,117.15,11.24
I0001381,O000481,P0009,4,320.42,2.21
I0001382,O000481,P0001,5,462.34,32.60
I0001383,O000481,P0019,5,108.94,9.05
I0001384,O000481,P0014,1,354.69,19.13
I0001385,O000482,P0011,5,430.13,33.15
I0001386,O000482,P0020,5,100.97,21.61
I0001387,O000482,P0006,5,91.96,21.65
I0001388,O000482,P0013,1,358.82,10.93
I0001389,O000483,P0002,1,381.58,32.51
I0001390,O000483,P0016,1,84.65,2.46
I0001391,O000483,P0012,5,389.16,20.86
I0001392,O000484,P0181,3,136.31,20.31
I0001393,O000484,P0182,3,123.54,34.95
I0001394,O000484,P0160,4,188.73,25.92
I0001395,O000485,P0021,1,347.24,15.51
I0001396,O000485,P0022,3,480.04,27.39
I0001397,O000486,P0361,4,447.07,29.90
I0001398,O000486,P0362,3,247.84,10.12
I0001399,O000487,P0321,4,172.10,27.94
I0001400,O000487,P0322,3,429.21,16.59
I0001401,O000487,P0310,2,244.41,13.66
I0001402,O000487,P0306,5,183.43,34.42
I0001403,O000488,P0041,4,156.91,20.84
I0001404,O000488,P0042,3,570.48,31.40
I0001405,O000488,P0003,3,75.31,34.80
I0001406,O000489,P0016,4,76.50,12.10
I0001407,O000489,P0011,3,496.43,18.63
I0001408,O000490,P0021,1,315.92,26.33
I0001409,O000490,P0022,3,307.34,33.06
I0001410,O000491,P0061,5,291.66,25.78
I0001411,O000491,P0062,4,325.23,34.42
I0001412,O000491,P0010,2,354.92,8.50
I0001413,O000491,P0018,5,165.49,1.07
I0001414,O000492,P0020,2,119.94,28.93
I0001415,O000492,P0013,2,263.54,21.31
I0001416,O000493,P0001,1,346.85,17.68
I0001417,O000493,P0002,3,575.09,12.09
I0001418,O000493,P0013,3,324.11,23.45
I0001419,O000494,P0301,3,198.71,22.78
I0001420,O000494,P0302,4,202.08,20.85
I0001421,O000494,P0301,5,239.00,17.94
I0001422,O000495,P0170,1,97.55,24.61
I0001423,O000495,P0152,4,106.02,15.73
I0001424,O000495,P0160,5,127.87,28.36
I0001425,O000495,P0161,2,33.58,33.72
I0001426,O000496,P0321,1,103.61,6.03
I0001427,O000496,P0322,2,433.90,19.50
I0001428,O000496,P0319,-3,274.65,28.57
I0001429,O000497,P0061,2,198.52,19.17
I0001430,O000497,P0062,2,254.66,27.89
I0001431,O000497,P0013,2,500.29,10.13
I0001432,O000498,P0041,1,197.36,26.31
I0001433,O000498,P0042,5,398.50,28.55
I0001434,O000498,P0001,1,331.32,29.19
I0001435,O000499,P0151,3,175.41,0.06
I0001436,O000499,P0152,5,90.72,21.49
I0001437,O000499,P0153,5,82.58,21.65
I0001438,O000499,P0158,4,97.56,27.06
I0001439,O000500,P0001,5,368.99,18.90
I0001440,O000500,P0002,4,592.99,19.80
I0001441,O000501,P0301,3,133.53,33.01
I0001442,O000501,P0320,5,308.98,33.72
I0001443,O000501,P0308,1,390.46,6.54
I0001444,O000502,P0005,5,175.62,6.47
I0001445,O000502,P0016,3,105.93,29.22
I0001446,O000502,P0010,2,214.01,24.95
I0001447,O000503,P0159,3,122.67,4.62
I0001448,O000503,P0162,1,67.52,13.05
I0001449,O000504,P0001,3,251.34,13.98
I0001450,O000504,P0002,2,434.68,33.27
I0001451,O000504,P0002,2,570.13,9.75
I0001452,O000505,P0041,1,155.20,9.16
I0001453,O000505,P0042,5,326.79,14.69
I0001454,O000506,P0465,4,53.91,1.15
I0001455,O000506,P0452,-5,81.46,23.82
I0001456,O000506,P0469,1,76.08,24.52
I0001457,O000506,P0455,3,82.40,20.09
I0001458,O000507,P0021,5,414.76,14.47
I0001459,O000507,P0022,4,551.01,18.01
I0001460,O000507,P0009,2,272.31,10.88
I0001461,O000507,P0016,3,121.05,25.39
I0001462,O000508,P0012,3,398.91,26.74
I0001463,O000508,P0015,4,400.64,5.30
I0001464,O000509,P0021,3,350.50,19.15
I0001465,O000509,P0022,3,553.30,13.39
I0001466,O000509,P0018,3,155.76,4.83
I0001467,O000510,P0061,1,205.65,19.76
I0001468,O000510,P0062,3,297.97,18.93
I0001469,O000511,P0301,1,216.05,32.95
I0001470,O000511,P0302,4,185.05,28.19
I0001471,O000511,P0304,2,143.33,1.89
I0001472,O000511,P0315,2,195.68,14.21
I0001473,O000512,P0169,4,95.36,2.08
I0001474,O000512,P0162,3,70.82,24.49
I0001475,O000513,P0320,4,214.62,9.89
I0001476,O000513,P0311,2,231.72,15.50
I0001477,O000514,P0301,5,123.62,34.39
I0001478,O000514,P0302,2,197.81,10.64
I0001479,O000515,P0381,1,57.58,10.50
I0001480,O000515,P0382,5,343.09,34.67
I0001481,O000515,P0303,3,182.82,6.10
I0001482,O000516,P0151,3,91.81,13.54
I0001483,O000516,P0152,4,85.74,24.34
I0001484,O000517,P0381,4,103.02,0.72
I0001485,O000517,P0382,3,237.78,29.68
I0001486,O000518,P0306,1,156.88,18.80
I0001487,O000518,P0310,2,246.70,23.15
I0001488,O000519,P0464,5,20.31,0.20
I0001489,O000519,P0452,1,79.43,14.49
I0001490,O000520,P0501,5,59.56,3.07
I0001491,O000520,P0502,2,97.77,10.91
I0001492,O000520,P0461,2,140.45,8.41
I0001493,O000520,P0469,3,110.79,30.97
I0001494,O000521,P0001,5,344.55,33.51
I0001495,O000521,P0002,5,537.11,5.98
I0001496,O000521,P0006,1,119.02,18.28
I0001497,O000521,P0007,1,282.28,19.79
I0001498,O000522,P0463,3,105.72,24.81
I0001499,O000522,P0468,5,93.39,16.76
I0001500,O000523,P0061,5,185.72,19.29
I0001501,O000523,P0062,2,206.69,32.43
I0001502,O000523,P0006,3,110.47,5.44
I0001503,O000523,P0001,2,305.88,34.56
I0001504,O000524,P0005,2,128.99,7.28
I0001505,O000524,P0001,4,290.76,4.59
I0001506,O000524,P0005,1,172.16,32.56
I0001507,O000525,P0501,5,53.61,28.87
I0001508,O000525,P0502,3,66.70,28.99
I0001509,O000525,P0457,2,82.45,20.46
I0001510,O000525,P0451,2,69.61,2.49
I0001511,O000526,P0321,-3,104.34,33.04
I0001512,O000526,P0322,1,468.40,25.97
I0001513,O000526,P0319,1,405.13,13.72
I0001514,O000526,P0317,4,136.60,7.11
I0001515,O000527,P0153,5,119.49,12.67
I0001516,O000527,P0169,1,64.39,26.71
I0001517,O000527,P0167,3,124.90,15.10
I0001518,O000528,P0191,3,51.90,14.38
I0001519,O000528,P0192,2,150.16,19.42
I0001520,O000528,P0155,1,99.72,18.01
I0001521,O000528,P0159,5,150.10,17.25
I0001522,O000529,P0171,2,51.65,19.59
I0001523,O000529,P0172,4,135.98,33.68
I0001524,O000529,P0159,1,195.28,6.53
I0001525,O000530,P0021,3,434.91,18.52
I0001526,O000530,P0022,4,610.87,9.35
I0001527,O000531,P0021,4,315.54,8.40
I0001528,O000531,P0022,5,614.39,9.48
I0001529,O000531,P0007,4,298.09,13.38
I0001530,O000532,P0191,3,50.49,13.97
I0001531,O000532,P0192,2,120.84,13.90
I0001532,O000533,P0451,1,72.86,4.29
I0001533,O000533,P0452,5,103.07,33.38
I0001534,O000533,P0459,4,79.16,27.74
I0001535,O000534,P0156,5,119.42,19.21
I0001536,O000534,P0155,3,117.08,5.47
I0001537,O000534,P0154,5,39.89,6.17
I0001538,O000534,P0153,4,119.03,9.09
I0001539,O000535,P0191,5,52.17,15.56
I0001540,O000535,P0192,2,109.14,23.87
I0001541,O000535,P0155,1,135.19,3.90
I0001542,O000536,P0002,1,458.65,23.88
I0001543,O000536,P0001,2,313.59,11.19
I0001544,O000536,P0005,5,140.18,0.93
I0001545,O000537,P0002,2,341.07,13.23
I0001546,O000537,P0007,1,252.87,13.68
I0001547,O000538,P0461,4,81.93,22.40
I0001548,O000538,P0462,5,85.87,21.56
I0001549,O000538,P0458,4,88.58,0.05
I0001550,O000538,P0455,2,73.92,28.99
I0001551,O000539,P0451,1,113.88,29.04
I0001552,O000539,P0452,1,54.98,17.20
I0001553,O000539,P0467,5,65.99,29.59
I0001554,O000540,P0164,3,199.02,27.28
I0001555,O000540,P0159,2,140.75,9.19
I0001556,O000540,P0168,2,38.30,34.39
I0001557,O000541,P0319,2,434.99,12.38
I0001558,O000541,P0305,2,396.23,21.63
I0001559,O000541,P0306,4,197.17,1.73
I0001560,O000541,P0306,1,271.89,8.56
I0001561,O000542,P0381,1,91.01,11.34
I0001562,O000542,P0382,1,209.16,13.49
I0001563,O000542,P0304,5,127.92,10.04
I0001564,O000543,P0009,3,242.30,26.82
I0001565,O000543,P0003,1,74.33,0.59
I0001566,O000544,P0001,2,440.72,0.64
I0001567,O000544,P0002,4,517.99,2.49
I0001568,O000545,P0020,5,92.65,22.65
I0001569,O000545,P0013,4,515.94,16.61
I0001570,O000545,P0015,5,315.90,16.94
I0001571,O000546,P0361,5,334.58,29.42
I0001572,O000546,P0362,1,358.20,24.44
I0001573,O000546,P0318,3,106.84,22.05
I0001574,O000546,P0314,5,101.05,33.38
I0001575,O000547,P0061,3,226.96,9.90
I0001576,O000547,P0062,-5,275.64,24.88
I0001577,O000548,P0181,1,119.75,24.47
I0001578,O000548,P0182,4,101.39,13.51
I0001579,O000549,P0471,1,40.20,12.98
I0001580,O000549,P0472,2,75.94,12.24
I0001581,O000549,P0457,2,86.47,23.60
I0001582,O000550,P0191,2,81.71,32.97
I0001583,O000550,P0192,3,99.30,9.01
I0001584,O000550,P0159,5,158.12,13.84
I0001585,O000551,P0159,5,112.91,7.86
I0001586,O000551,P0151,2,123.53,21.19
I0001587,O000551,P0167,5,174.80,23.42
I0001588,O000551,P0168,2,30.30,32.68
I0001589,O000552,P0191,4,82.83,18.15
I0001590,O000552,P0192,2,104.37,16.54
I0001591,O000552,P0160,5,106.38,0.36
I0001592,O000553,P0021,3,417.89,7.14
I0001593,O000553,P0022,5,571.95,30.25
I0001594,O000553,P0004,4,144.10,11.58
I0001595,O000553,P0005,1,252.96,19.44
I0001596,O000554,P0301,2,235.74,19.28
I0001597,O000554,P0302,2,211.70,6.42
I0001598,O000554,P0308,2,413.03,25.93
I0001599,O000555,P0361,4,374.27,24.26
I0001600,O000555,P0362,5,334.97,18.91
I0001601,O000556,P0001,1,460.49,2.25
I0001602,O000556,P0002,2,399.66,29.45
I0001603,O000556,P0016,1,96.91,27.70
I0001604,O000556,P0015,3,243.10,28.53
I0001605,O000557,P0321,2,141.21,8.18
I0001606,O000557,P0322,2,333.01,20.08
I0001607,O000558,P0315,2,233.11,0.37
I0001608,O000558,P0312,3,390.72,21.34
I0001609,O000559,P0461,2,122.80,33.28
I0001610,O000559,P0462,5,109.14,16.05
I0001611,O000559,P0459,1,122.39,27.90
I0001612,O000560,P0014,1,361.53,19.13
I0001613,O000560,P0009,4,423.84,16.67
I0001614,O000561,P0181,4,136.91,32.22
I0001615,O000561,P0182,1,104.06,11.88
I0001616,O000562,P0181,2,128.93,26.93
I0001617,O000562,P0182,1,68.72,2.96
I0001618,O000563,P0451,1,117.03,30.20
I0001619,O000563,P0452,3,92.39,32.64
I0001620,O000563,P0465,3,49.33,34.01
I0001621,O000564,P0021,3,263.96,3.95
I0001622,O000564,P0022,4,516.48,9.12
I0001623,O000565,P0001,5,312.46,29.42
I0001624,O000565,P0002,1,489.90,11.57
I0001625,O000566,P0007,4,291.83,14.49
I0001626,O000566,P0006,2,128.43,16.60
I0001627,O000566,P0020,1,116.75,19.85
I0001628,O000567,P0301,4,126.55,32.34
I0001629,O000567,P0302,5,198.18,5.31
I0001630,O000568,P0156,5,125.23,2.66
I0001631,O000568,P0152,1,127.17,22.62
I0001632,O000569,P0153,2,76.24,5.31
I0001633,O000569,P0153,1,117.97,13.02
I0001634,O000570,P0155,4,166.79,6.22
I0001635,O000570,P0151,3,125.56,18.35
I0001636,O000570,P0152,4,127.74,27.16
I0001637,O000571,P0321,1,149.51,15.26
I0001638,O000571,P0322,1,296.82,0.60
I0001639,O000572,P0004,4,195.50,15.63
I0001640,O000572,P0003,5,83.09,20.79
I0001641,O000572,P0016,2,107.09,3.38
I0001642,O000573,P0002,2,605.50,26.18
I0001643,O000573,P0001,3,373.05,6.60
I0001644,O000573,P0012,2,525.39,11.43
I0001645,O000574,P0001,4,336.11,24.41
I0001646,O000574,P0002,2,547.09,32.67
I0001647,O000574,P0002,5,575.50,34.75
I0001648,O000574,P0015,2,342.35,13.49
I0001649,O000575,P0313,1,137.32,15.19
I0001650,O000575,P0306,5,140.97,2.60
I0001651,O000575,P0313,5,228.48,7.04
I0001652,O000575,P0315,2,135.40,23.56
I0001653,O000576,P0016,3,104.45,14.79
I0001654,O000576,P0013,5,480.51,5.85
I0001655,O000576,P0004,2,158.40,29.97
I0001656,O000577,P0151,4,175.77,28.77
I0001657,O000577,P0152,5,115.06,24.36
I0001658,O000578,P0041,4,181.19,7.82
I0001659,O000578,P0042,3,477.70,0.32
I0001660,O000579,P0160,1,165.46,13.87
I0001661,O000579,P0153,4,102.19,20.84
I0001662,O000579,P0165,5,74.34,12.32
I0001663,O000580,P0191,2,80.09,18.16
I0001664,O000580,P0192,1,106.63,20.35
I0001665,O000581,P0061,1,237.24,5.98
I0001666,O000581,P0062,4,213.84,4.88
I0001667,O000581,P0001,1,336.64,19.35
I0001668,O000582,P0041,2,200.98,23.34
I0001669,O000582,P0042,1,474.82,25.79
I0001670,O000582,P0002,1,481.21,14.56
I0001671,O000582,P0011,1,298.19,33.60
I0001672,O000583,P0012,2,411.28,19.53
I0001673,O000583,P0013,3,480.50,34.26
I0001674,O000584,P0021,3,238.99,9.50
I0001675,O000584,P0022,4,339.36,20.84
I0001676,O000584,P0004,4,131.30,12.00
I0001677,O000585,P0061,2,235.11,14.89
I0001678,O000585,P0062,3,206.19,0.28
I0001679,O000585,P0005,4,182.90,1.03
I0001680,O000586,P0308,2,256.07,0.21
I0001681,O000586,P0318,2,84.86,25.50
I0001682,O000587,P0041,5,181.63,11.23
I0001683,O000587,P0042,2,384.60,6.33
I0001684,O000587,P0020,3,102.12,12.12
I0001685,O000588,P0301,4,163.48,20.98
I0001686,O000588,P0302,2,213.53,16.51
I0001687,O000589,P0361,1,310.44,29.66
I0001688,O000589,P0362,2,247.23,17.09
I0001689,O000589,P0307,1,95.87,18.54
I0001690,O000590,P0151,1,157.80,16.80
I0001691,O000590,P0152,1,106.99,19.42
I0001692,O000590,P0162,4,52.11,4.28
I0001693,O000591,P0451,4,88.82,16.74
I0001694,O000591,P0452,4,76.26,25.73
I0001695,O000591,P0462,1,138.36,20.74
I0001696,O000592,P0451,2,64.11,20.85
I0001697,O000592,P0452,3,80.59,18.60
I0001698,O000592,P0452,4,58.46,24.65
I0001699,O000592,P0454,3,38.27,10.17
I0001700,O000593,P0021,5,258.27,18.14
I0001701,O000593,P0022,5,313.70,5.02
I0001702,O000593,P0017,1,81.05,18.86
I0001703,O000594,P0191,1,83.58,9.19
I0001704,O000594,P0192,4,138.04,27.82
I0001705,O000595,P0018,5,175.86,21.34
I0001706,O000595,P0004,1,110.08,33.08
I0001707,O000595,P0003,5,99.48,0.79
I0001708,O000596,P0151,4,155.45,23.41
I0001709,O000596,P0152,2,83.62,26.05
I0001710,O000596,P0165,5,107.77,2.79
I0001711,O000596,P0151,2,96.57,20.07
I0001712,O000597,P0001,3,451.96,25.10
I0001713,O000597,P0002,4,321.40,4.75
I0001714,O000598,P0167,5,121.25,8.59
I0001715,O000598,P0170,3,68.44,0.25
I0001716,O000599,P0061,1,210.65,12.14
I0001717,O000599,P0062,5,256.06,8.61
I0001718,O000599,P0019,2,100.26,4.69
I0001719,O000600,P0361,4,453.32,8.97
I0001720,O000600,P0362,4,196.93,31.27
I0001721,O000601,P0361,1,297.01,4.70
I0001722,O000601,P0362,1,233.50,9.07
I0001723,O000602,P0061,5,306.85,30.12
I0001724,O000602,P0062,-3,304.35,24.22
I0001725,O000602,P0009,5,265.32,18.78
I0001726,O000603,P0018,4,122.79,9.31
I0001727,O000603,P0015,1,386.11,33.59
I0001728,O000603,P0005,1,225.39,29.37
I0001729,O000603,P0016,5,74.86,33.15
I0001730,O000604,P0191,1,62.45,29.03
I0001731,O000604,P0192,3,123.20,21.79
I0001732,O000604,P0166,1,71.88,28.91
I0001733,O000605,P0008,4,299.17,25.35
I0001734,O000605,P0003,1,58.22,9.40
I0001735,O000606,P0158,5,162.47,2.08
I0001736,O000606,P0168,2,24.82,33.42
I0001737,O000607,P0314,3,100.59,13.06
I0001738,O000607,P0307,2,146.88,6.49
I0001739,O000608,P0307,2,80.25,19.12
I0001740,O000608,P0302,1,170.16,32.55
I0001741,O000608,P0316,4,198.79,27.28
I0001742,O000609,P0001,5,259.55,8.52
I0001743,O000609,P0002,5,615.06,0.91
I0001744,O000609,P0002,4,451.39,6.63
I0001745,O000610,P0166,3,61.12,28.83
I0001746,O000610,P0155,1,161.84,27.73
I0001747,O000610,P0156,1,137.93,19.15
I0001748,O000610,P0154,2,33.55,0.22
I0001749,O000611,P0151,4,138.47,10.68
I0001750,O000611,P0152,2,159.68,13.15
I0001751,O000612,P0381,3,54.83,33.97
I0001752,O000612,P0382,1,319.74,12.57
I0001753,O000612,P0318,1,91.47,4.60
I0001754,O000613,P0305,3,436.54,31.77
I0001755,O000613,P0307,2,105.83,9.06
I0001756,O000613,P0315,5,171.20,23.01
I0001757,O000613,P0313,5,137.95,1.14
I0001758,O000614,P0007,3,308.00,27.49
I0001759,O000614,P0013,1,402.41,17.85
I0001760,O000614,P0020,5,90.89,4.10
I0001761,O000614,P0005,1,178.98,9.60
I0001762,O000615,P0181,4,86.96,0.72
I0001763,O000615,P0182,4,78.66,10.21
I0001764,O000615,P0157,1,52.13,20.78
I0001765,O000616,P0005,5,215.76,7.05
I0001766,O000616,P0008,4,311.22,33.08
I0001767,O000616,P0005,5,223.05,21.62
I0001768,O000617,P0313,5,130.13,32.25
I0001769,O000617,P0308,1,320.36,23.95
I0001770,O000617,P0302,4,314.23,25.31
I0001771,O000618,P0041,2,269.38,10.82
I0001772,O000618,P0042,1,480.05,28.17
I0001773,O000618,P0019,4,133.32,11.34
I0001774,O000619,P0461,5,135.08,25.24
I0001775,O000619,P0462,2,136.63,24.11
I0001776,O000619,P0459,3,111.35,17.97
I0001777,O000620,P0015,2,348.53,6.74
I0001778,O000620,P0008,-2,247.36,15.91
I0001779,O000620,P0012,2,366.41,3.31
I0001780,O000621,P0002,1,357.72,1.94
I0001781,O000621,P0015,2,218.72,4.47
I0001782,O000621,P0020,2,87.98,1.04
I0001783,O000622,P0468,3,47.58,25.74
I0001784,O000622,P0462,3,85.69,28.52
I0001785,O000623,P0471,3,72.05,0.88
I0001786,O000623,P0472,2,79.87,12.81
I0001787,O000623,P0463,3,138.42,10.82
I0001788,O000624,P0155,4,128.05,34.54
I0001789,O000624,P0165,4,102.52,13.56
I0001790,O000624,P0156,1,173.20,29.96
I0001791,O000625,P0451,1,98.87,22.37
I0001792,O000625,P0452,3,71.78,32.64
I0001793,O000625,P0456,2,84.76,16.92
I0001794,O000626,P0501,2,58.98,21.16
I0001795,O000626,P0502,4,73.96,20.12
I0001796,O000627,P0321,2,126.66,0.09
I0001797,O000627,P0322,3,326.81,11.81
I0001798,O000628,P0456,2,73.52,22.98
I0001799,O000628,P0453,1,103.38,1.03
I0001800,O000628,P0456,1,73.52,26.04
I0001801,O000628,P0462,5,130.21,8.39
I0001802,O000629,P0001,2,257.95,9.66
I0001803,O000629,P0002,2,398.27,32.79
I0001804,O000629,P0003,5,56.74,24.15
I0001805,O000630,P0012,3,555.67,9.04
I0001806,O000630,P0020,3,112.53,22.26
I0001807,O000630,P0002,1,583.13,32.24
I0001808,O000631,P0461,1,114.00,1.97
I0001809,O000631,P0462,5,139.25,3.70
I0001810,O000631,P0465,2,49.68,21.54
I0001811,O000632,P0461,4,94.61,7.93
I0001812,O000632,P0462,2,110.59,3.71
I0001813,O000632,P0466,5,83.41,19.15
I0001814,O000633,P0151,4,146.31,13.38
I0001815,O000633,P0152,4,104.73,23.32
I0001816,O000633,P0163,1,73.79,12.48
I0001817,O000633,P0170,3,81.27,29.74
I0001818,O000634,P0451,3,61.24,32.47
I0001819,O000634,P0452,5,52.18,32.94
I0001820,O000635,P0001,1,422.33,21.02
I0001821,O000635,P0002,3,404.30,8.00
I0001822,O000636,P0308,3,257.72,19.25
I0001823,O000636,P0320,4,211.29,4.15
I0001824,O000636,P0311,5,303.94,26.90
I0001825,O000637,P0001,3,318.74,3.45
I0001826,O000637,P0002,3,549.94,17.42
I0001827,O000637,P0015,1,264.51,13.17
I0001828,O000637,P0016,2,111.84,28.42
I0001829,O000638,P0361,1,279.47,12.53
I0001830,O000638,P0362,1,272.16,2.14
I0001831,O000638,P0315,4,161.60,28.19
I0001832,O000639,P0010,2,342.66,23.51
I0001833,O000639,P0017,4,86.86,11.63
I0001834,O000639,P0011,4,446.34,14.10
I0001835,O000640,P0155,4,181.16,7.29
I0001836,O000640,P0166,2,90.00,24.21
I0001837,O000640,P0153,4,79.07,18.52
I0001838,O000640,P0157,1,57.94,14.23
I0001839,O000641,P0151,5,157.23,24.06
I0001840,O000641,P0152,1,149.87,16.60
I0001841,O000641,P0162,4,79.10,11.46
I0001842,O000642,P0017,4,62.67,6.33
I0001843,O000642,P0009,2,404.07,4.56
I0001844,O000643,P0171,2,68.99,33.90
I0001845,O000643,P0172,5,81.32,10.31
I0001846,O000643,P0164,4,144.76,10.11
I0001847,O000644,P0006,5,66.54,6.31
I0001848,O000644,P0006,3,119.64,0.49
I0001849,O000645,P0301,1,168.13,6.79
I0001850,O000645,P0307,3,154.96,23.98
I0001851,O000645,P0303,4,178.88,7.30
I0001852,O000646,P0164,4,103.97,7.78
I0001853,O000646,P0158,3,174.14,11.38
I0001854,O000646,P0168,3,30.96,21.45
I0001855,O000647,P0151,3,166.99,4.13
I0001856,O000647,P0152,4,139.32,10.45
I0001857,O000647,P0156,4,90.99,29.07
I0001858,O000648,P0471,4,56.75,0.02
I0001859,O000648,P0472,3,84.31,0.10
I0001860,O000648,P0451,1,110.38,29.63
I0001861,O000649,P0012,-4,609.65,8.34
I0001862,O000649,P0010,2,308.40,31.99
I0001863,O000650,P0321,2,114.38,25.13
I0001864,O000650,P0322,5,471.88,20.33
I0001865,O000650,P0311,2,273.37,27.42
I0001866,O000650,P0310,4,177.77,5.68
I0001867,O000651,P0321,3,92.73,30.79
I0001868,O000651,P0322,5,444.39,13.75
I0001869,O000651,P0309,2,386.94,4.69
I0001870,O000651,P0309,4,296.31,17.37
I0001871,O000652,P0019,2,160.05,27.89
I0001872,O000652,P0007,4,231.45,2.66
I0001873,O000652,P0015,4,289.61,25.29
I0001874,O000652,P0011,5,493.27,9.59
I0001875,O000653,P0041,5,132.93,20.76
I0001876,O000653,P0042,1,561.78,11.04
I0001877,O000653,P0001,2,283.67,24.68
I0001878,O000654,P0001,4,366.32,15.46
I0001879,O000654,P0002,2,508.60,9.13
I0001880,O000655,P0061,5,183.35,17.24
I0001881,O000655,P0062,2,220.54,7.31
I0001882,O000656,P0160,5,132.53,30.92
I0001883,O000656,P0164,2,190.79,12.57
I0001884,O000657,P0459,3,99.36,23.05
I0001885,O000657,P0463,3,90.24,7.58
I0001886,O000658,P0381,2,85.22,6.60
I0001887,O000658,P0382,2,286.78,3.17
I0001888,O000658,P0315,5,147.08,9.57
I0001889,O000658,P0306,4,167.37,0.40
I0001890,O000659,P0002,1,364.64,2.34
I0001891,O000659,P0019,1,97.80,8.11
I0001892,O000659,P0012,5,506.25,8.60
I0001893,O000659,P0014,4,352.12,4.71
I0001894,O000660,P0451,4,87.18,14.01
I0001895,O000660,P0452,2,94.15,1.92
I0001896,O000660,P0461,3,98.49,7.64
I0001897,O000661,P0181,4,105.98,30.36
I0001898,O000661,P0182,3,69.71,22.50
I0001899,O000661,P0154,2,28.99,3.26
I0001900,O000662,P0191,4,50.25,34.11
I0001901,O000662,P0192,1,139.56,16.57
I0001902,O000662,P0170,4,99.65,15.45
I0001903,O000662,P0160,2,170.48,19.76
I0001904,O000663,P0021,4,418.41,27.86
I0001905,O000663,P0022,1,480.48,15.70
I0001906,O000663,P0014,3,248.94,30.60
I0001907,O000664,P0191,5,44.95,0.42
I0001908,O000664,P0192,3,101.83,17.53
I0001909,O000665,P0019,1,145.07,2.72
I0001910,O000665,P0008,1,239.64,29.63
I0001911,O000666,P0501,4,60.15,8.97
I0001912,O000666,P0502,4,60.99,30.69
I0001913,O000666,P0462,1,110.13,28.32
I0001914,O000667,P0171,3,79.61,0.39
I0001915,O000667,P0172,5,79.99,15.90
I0001916,O000667,P0156,4,120.95,10.15
I0001917,O000667,P0169,1,89.06,14.99
I0001918,O000668,P0461,1,130.32,16.49
I0001919,O000668,P0462,4,109.72,4.75
I0001920,O000668,P0451,3,87.86,30.02
I0001921,O000669,P0152,2,148.06,20.04
I0001922,O000669,P0163,5,74.44,24.28
I0001923,O000669,P0166,3,107.94,34.56
I0001924,O000670,P0461,2,131.92,26.69
I0001925,O000670,P0462,1,111.94,33.68
I0001926,O000671,P0461,2,78.28,5.39
I0001927,O000671,P0462,1,126.41,8.17
I0001928,O000671,P0466,3,70.64,28.78
I0001929,O000672,P0451,1,80.79,34.63
I0001930,O000672,P0452,4,55.74,12.56
I0001931,O000672,P0458,1,79.46,34.79
I0001932,O000672,P0461,1,115.36,28.68
I0001933,O000673,P0302,1,295.67,24.28
I0001934,O000673,P0305,5,315.82,18.86
I0001935,O000674,P0301,5,165.55,29.78
I0001936,O000674,P0302,5,319.53,23.04
I0001937,O000674,P0304,1,90.95,0.05
I0001938,O000675,P0301,1,183.00,31.44
I0001939,O000675,P0302,5,238.92,14.07
I0001940,O000676,P0015,5,223.49,18.89
I0001941,O000676,P0009,4,388.63,25.17
I0001942,O000676,P0003,4,97.90,6.00
I0001943,O000677,P0014,4,275.12,7.64
I0001944,O000677,P0007,5,272.46,6.44
I0001945,O000677,P0009,1,387.44,30.63
I0001946,O000678,P0301,3,236.28,5.47
I0001947,O000678,P0302,5,203.41,6.39
I0001948,O000678,P0319,1,361.00,28.80
I0001949,O000678,P0303,1,139.45,13.19
I0001950,O000679,P0061,4,223.86,26.39
I0001951,O000679,P0062,1,336.25,27.26
I0001952,O000680,P0361,2,339.02,32.87
I0001953,O000680,P0362,1,377.58,33.63
I0001954,O000680,P0308,5,290.66,28.24
I0001955,O000680,P0317,2,149.91,14.27
I0001956,O000681,P0191,4,50.52,18.36
I0001957,O000681,P0192,4,119.88,4.51
I0001958,O000682,P0170,5,127.54,21.11
I0001959,O000682,P0155,4,113.90,11.22
I0001960,O000682,P0169,4,95.00,13.99
I0001961,O000683,P0381,2,104.93,28.46
I0001962,O000683,P0382,5,278.95,26.11
I0001963,O000684,P0013,2,516.40,10.67
I0001964,O000684,P0005,5,238.13,30.48
I0001965,O000684,P0020,5,63.40,10.52
I0001966,O000684,P0003,5,95.32,17.35
I0001967,O000685,P0041,2,140.21,6.39
I0001968,O000685,P0042,4,294.50,32.64
I0001969,O000686,P0061,4,194.51,18.42
I0001970,O000686,P0062,3,211.67,26.76
I0001971,O000687,P0016,2,67.84,1.81
I0001972,O000687,P0020,3,99.65,2.56
I0001973,O000687,P0011,2,274.06,14.67
I0001974,O000687,P0013,5,518.98,5.13
I0001975,O000688,P0041,4,247.67,29.81
I0001976,O000688,P0042,4,372.91,21.31
I0001977,O000689,P0151,1,122.93,2.67
I0001978,O000689,P0166,5,109.90,22.05
I0001979,O000690,P0017,1,74.15,19.06
I0001980,O000690,P0001,5,316.57,29.23
I0001981,O000691,P0301,3,148.62,29.01
I0001982,O000691,P0302,1,215.55,10.91
I0001983,O000691,P0319,5,503.03,8.70
I0001984,O000692,P0308,1,329.16,23.96
I0001985,O000692,P0317,4,125.44,18.70
I0001986,O000692,P0312,4,286.64,21.28
I0001987,O000692,P0318,2,84.51,15.31
I0001988,O000693,P0017,4,106.51,26.67
I0001989,O000693,P0017,4,56.58,25.19
I0001990,O000694,P0310,4,178.87,29.97
I0001991,O000694,P0308,5,290.09,3.37
I0001992,O000694,P0303,4,149.93,1.65
I0001993,O000694,P0303,4,138.39,23.03
I0001994,O000695,P0002,2,521.97,23.76
I0001995,O000695,P0018,1,117.73,26.28
I0001996,O000696,P0171,1,56.41,26.56
I0001997,O000696,P0172,4,106.56,34.17
I0001998,O000696,P0156,-4,92.30,18.71
I0001999,O000696,P0158,2,146.24,19.44
I0002000,O000697,P0181,2,90.87,4.14
I0002001,O000697,P0182,5,104.74,5.01
I0002002,O000697,P0169,4,63.08,5.53
I0002003,O000698,P0061,4,338.56,16.22
I0002004,O000698,P0062,3,364.55,23.16
I0002005,O000698,P0002,3,620.18,20.67
I0002006,O000698,P0005,3,162.35,19.49
I0002007,O000699,P0167,4,165.50,29.58
I0002008,O000699,P0157,3,72.00,5.49
I0002009,O000699,P0160,3,118.72,17.27
I0002010,O000700,P0501,4,31.26,15.71
I0002011,O000700,P0502,3,105.29,14.21
I0002012,O000701,P0003,3,78.10,3.29
I0002013,O000701,P0014,2,331.05,20.02
I0002014,O000702,P0191,4,46.49,28.41
I0002015,O000702,P0192,5,121.47,11.18
I0002016,O000702,P0157,5,70.24,2.80
I0002017,O000703,P0451,5,97.27,6.82
I0002018,O000703,P0452,4,76.17,21.95
I0002019,O000704,P0001,1,302.49,29.94
I0002020,O000704,P0002,4,484.56,5.74
I0002021,O000704,P0018,2,165.45,7.60
I0002022,O000705,P0041,4,263.50,11.28
I0002023,O000705,P0042,5,571.72,31.35
I0002024,O000705,P0018,4,208.68,22.85
I0002025,O000706,P0321,1,86.47,3.29
I0002026,O000706,P0322,2,262.96,21.59
I0002027,O000707,P0501,3,41.94,11.24
I0002028,O000707,P0502,4,93.11,4.44
I0002029,O000708,P0005,1,184.21,16.34
I0002030,O000708,P0005,1,179.50,25.41
I0002031,O000708,P0016,4,124.57,14.06
I0002032,O000709,P0021,1,260.44,10.07
I0002033,O000709,P0022,1,502.15,27.69
I0002034,O000710,P0361,4,339.50,32.41
I0002035,O000710,P0362,4,344.56,0.48
I0002036,O000710,P0305,4,253.57,17.79
I0002037,O000711,P0471,5,70.59,9.02
I0002038,O000711,P0472,3,92.93,20.62
I0002039,O000711,P0470,2,130.65,0.50
I0002040,O000712,P0361,5,268.90,25.15
I0002041,O000712,P0362,1,339.69,2.61
I0002042,O000712,P0304,2,111.98,10.09
I0002043,O000712,P0305,4,267.28,0.14
I0002044,O000713,P0061,3,208.14,31.13
I0002045,O000713,P0062,4,259.55,16.14
I0002046,O000713,P0010,2,208.21,17.97
I0002047,O000714,P0151,3,120.26,2.70
I0002048,O000714,P0152,5,132.56,12.95
I0002049,O000715,P0061,5,342.45,18.96
I0002050,O000715,P0062,1,349.61,15.57
I0002051,O000715,P0007,2,171.20,19.01
I0002052,O000716,P0311,4,288.51,34.69
I0002053,O000716,P0311,5,306.27,0.20
I0002054,O000716,P0312,5,315.22,18.24
I0002055,O000716,P0316,1,232.88,10.19
I0002056,O000717,P0061,2,351.77,0.17
I0002057,O000717,P0062,4,221.19,14.23
I0002058,O000718,P0461,1,73.86,1.58
I0002059,O000718,P0462,5,109.17,25.76
I0002060,O000718,P0467,3,87.73,9.73
I0002061,O000718,P0464,1,25.23,0.42
I0002062,O000719,P0041,4,182.68,26.95
I0002063,O000719,P0042,5,376.75,17.83
I0002064,O000720,P0002,1,356.32,21.59
I0002065,O000720,P0005,5,231.25,33.93
I0002066,O000720,P0014,3,347.86,26.69
I0002067,O000720,P0001,3,389.90,30.49
I0002068,O000721,P0301,5,125.96,31.48
I0002069,O000721,P0302,2,285.10,7.05
I0002070,O000721,P0310,4,280.19,11.20
I0002071,O000722,P0191,4,74.55,26.49
I0002072,O000722,P0192,1,141.96,10.24
I0002073,O000722,P0168,4,35.64,15.52
I0002074,O000722,P0163,1,61.00,29.52
I0002075,O000723,P0501,4,58.31,28.76
I0002076,O000723,P0502,4,89.25,20.78
I0002077,O000724,P0161,5,35.57,15.68
I0002078,O000724,P0159,3,124.12,16.31
I0002079,O000724,P0168,4,32.71,2.47
I0002080,O000725,P0171,3,62.52,2.32
I0002081,O000725,P0172,3,117.34,2.03
I0002082,O000725,P0157,4,54.26,21.30
I0002083,O000726,P0151,5,147.80,13.95
I0002084,O000726,P0152,5,117.02,3.81
I0002085,O000727,P0017,4,83.84,4.68
I0002086,O000727,P0013,5,256.37,14.06
I0002087,O000727,P0004,2,105.37,4.14
I0002088,O000728,P0164,3,170.97,15.89
I0002089,O000728,P0160,5,107.14,17.18
I0002090,O000729,P0465,2,80.96,29.40
I0002091,O000729,P0458,3,59.32,11.52
I0002092,O000729,P0454,1,32.90,31.68
I0002093,O000730,P0461,4,77.13,2.67
I0002094,O000730,P0462,2,139.66,22.80
I0002095,O000731,P0001,5,382.87,15.33
I0002096,O000731,P0002,2,446.50,1.87
I0002097,O000731,P0002,3,508.95,10.59
I0002098,O000732,P0171,2,84.58,28.50
I0002099,O000732,P0172,4,153.91,21.46
I0002100,O000732,P0164,5,159.68,7.29
I0002101,O000733,P0181,5,121.89,34.74
I0002102,O000733,P0182,5,85.23,25.86
I0002103,O000733,P0160,2,149.92,13.62
I0002104,O000733,P0153,3,84.72,27.81
I0002105,O000734,P0301,2,173.43,11.78
I0002106,O000734,P0302,5,173.75,23.25
I0002107,O000734,P0314,1,90.51,29.19
I0002108,O000734,P0303,4,136.85,26.71
I0002109,O000735,P0181,3,162.46,30.08
I0002110,O000735,P0182,1,106.43,34.89
I0002111,O000735,P0169,3,92.18,14.87
I0002112,O000736,P0171,4,47.27,26.12
I0002113,O000736,P0172,3,112.51,2.73
I0002114,O000737,P0041,2,216.06,1.39
I0002115,O000737,P0042,4,507.43,34.02
I0002116,O000737,P0009,-5,341.16,21.60
I0002117,O000737,P0020,3,113.72,21.50
I0002118,O000738,P0061,4,257.57,10.75
I0002119,O000738,P0062,4,340.90,3.85
I0002120,O000738,P0012,5,565.72,13.29
I0002121,O000739,P0501,5,59.23,9.19
I0002122,O000739,P0502,5,56.02,7.57
I0002123,O000739,P0463,3,91.58,34.05
I0002124,O000740,P0061,1,209.64,31.87
I0002125,O000740,P0062,1,240.58,26.43
I0002126,O000740,P0016,1,78.14,12.64
I0002127,O000740,P0005,2,174.11,16.88
I0002128,O000741,P0321,4,85.77,11.28
I0002129,O000741,P0322,1,417.75,14.87
I0002130,O000741,P0301,1,205.87,28.15
I0002131,O000741,P0310,2,163.06,24.38
I0002132,O000742,P0001,1,358.34,19.20
I0002133,O000742,P0002,3,316.31,23.50
I0002134,O000742,P0001,1,342.47,4.51
I0002135,O000743,P0041,3,158.63,17.58
I0002136,O000743,P0042,2,564.10,0.66
I0002137,O000743,P0002,2,356.19,25.93
I0002138,O000744,P0061,5,255.70,8.74
I0002139,O000744,P0062,1,209.27,4.75
I0002140,O000745,P0001,2,264.13,7.27
I0002141,O000745,P0002,2,374.19,3.54
I0002142,O000745,P0003,1,70.79,18.10
I0002143,O000746,P0191,1,65.28,15.03
I0002144,O000746,P0192,4,133.21,20.42
I0002145,O000746,P0169,2,88.92,22.28
I0002146,O000747,P0161,5,43.66,14.15
I0002147,O000747,P0156,4,163.48,9.36
I0002148,O000747,P0163,5,86.54,12.94
I0002149,O000748,P0012,3,409.86,15.45
I0002150,O000748,P0006,2,128.60,13.78
I0002151,O000749,P0381,4,62.31,7.09
I0002152,O000749,P0382,3,259.06,20.73
I0002153,O000749,P0308,4,311.44,5.48
I0002154,O000750,P0001,5,259.65,30.12
I0002155,O000750,P0002,2,328.64,13.78
I0002156,O000750,P0014,4,369.28,3.09
I0002157,O000751,P0171,1,78.32,33.56
I0002158,O000751,P0172,5,122.44,4.90
I0002159,O000752,P0021,4,410.52,34.70
I0002160,O000752,P0022,2,566.82,10.38
I0002161,O000752,P0005,2,246.72,6.69
I0002162,O000753,P0153,3,76.56,14.48
I0002163,O000753,P0154,1,35.78,3.10
I0002164,O000754,P0001,3,336.93,25.14
I0002165,O000754,P0002,2,539.00,1.19
I0002166,O000754,P0004,4,126.08,9.53
I0002167,O000755,P0318,4,70.99,2.17
I0002168,O000755,P0309,3,359.75,7.58
I0002169,O000756,P0471,1,65.11,32.29
I0002170,O000756,P0472,4,73.97,19.66
I0002171,O000757,P0041,3,169.00,31.34
I0002172,O000757,P0042,2,454.77,31.09
I0002173,O000758,P0321,1,89.84,11.34
I0002174,O000758,P0322,1,454.80,4.06
I0002175,O000758,P0318,1,105.47,10.83
I0002176,O000758,P0313,1,255.74,10.62
I0002177,O000759,P0061,2,245.14,13.32
I0002178,O000759,P0062,1,300.14,8.36
I0002179,O000759,P0016,1,63.91,22.30
I0002180,O000759,P0017,3,92.40,13.26
I0002181,O000760,P0001,1,403.31,33.80
I0002182,O000760,P0002,2,433.55,8.86
I0002183,O000760,P0014,3,438.34,6.14
I0002184,O000760,P0020,3,115.57,0.07
I0002185,O000761,P0312,5,351.45,17.73
I0002186,O000761,P0314,5,103.99,2.04
I0002187,O000761,P0313,4,254.95,24.53
I0002188,O000762,P0471,4,53.23,9.06
I0002189,O000762,P0472,3,65.21,1.50
I0002190,O000762,P0463,4,76.07,7.79
I0002191,O000763,P0061,1,288.78,23.53
I0002192,O000763,P0062,-5,276.80,18.77
I0002193,O000763,P0014,3,249.62,17.55
I0002194,O000763,P0018,2,209.93,23.09
I0002195,O000764,P0021,5,235.16,9.55
I0002196,O000764,P0022,3,383.02,21.19
I0002197,O000765,P0501,4,52.20,32.76
I0002198,O000765,P0502,5,85.43,1.43
I0002199,O000765,P0460,1,83.17,4.47
I0002200,O000765,P0454,3,22.90,10.50
I0002201,O000766,P0460,2,105.60,28.00
I0002202,O000766,P0466,5,71.45,6.14
I0002203,O000767,P0308,5,377.61,23.37
I0002204,O000767,P0315,2,207.14,25.16
I0002205,O000767,P0318,3,122.14,14.09
I0002206,O000767,P0319,4,455.92,19.34
I0002207,O000768,P0320,2,349.87,24.13
I0002208,O000768,P0314,4,131.02,28.04
I0002209,O000768,P0319,4,260.41,1.70
I0002210,O000769,P0151,3,97.89,7.70
I0002211,O000769,P0152,2,98.99,25.30
I0002212,O000770,P0001,3,306.70,6.45
I0002213,O000770,P0018,-2,128.72,10.55
I0002214,O000771,P0469,1,70.80,17.46
I0002215,O000771,P0451,2,71.58,5.76
I0002216,O000771,P0463,5,140.81,7.45
I0002217,O000772,P0061,4,228.33,31.91
I0002218,O000772,P0062,5,258.50,31.67
I0002219,O000772,P0008,2,198.06,5.53
I0002220,O000772,P0002,1,496.43,29.02
I0002221,O000773,P0191,2,76.14,33.99
I0002222,O000773,P0192,3,121.70,17.50
I0002223,O000774,P0041,1,201.97,17.05
I0002224,O000774,P0042,3,302.83,0.76
I0002225,O000775,P0381,5,109.23,10.82
I0002226,O000775,P0382,1,350.75,28.42
I0002227,O000775,P0312,2,278.38,27.29
I0002228,O000776,P0321,3,85.67,25.90
I0002229,O000776,P0322,1,297.48,21.50
I0002230,O000776,P0315,4,200.22,34.09
I0002231,O000777,P0151,1,90.55,4.62
I0002232,O000777,P0152,4,116.29,21.91
I0002233,O000777,P0170,4,65.93,22.02
I0002234,O000778,P0021,4,385.68,12.87
I0002235,O000778,P0022,3,324.09,10.01
I0002236,O000779,P0321,4,148.44,2.56
I0002237,O000779,P0322,4,336.82,23.05
I0002238,O000779,P0308,5,290.40,7.30
I0002239,O000780,P0157,1,40.29,3.30
I0002240,O000780,P0167,4,158.95,28.13
I0002241,O000781,P0471,3,47.22,28.27
I0002242,O000781,P0472,5,109.75,10.99
I0002243,O000781,P0461,5,104.34,14.38
I0002244,O000781,P0462,5,90.82,14.91
I0002245,O000782,P0151,2,160.00,1.90
I0002246,O000782,P0152,2,147.99,30.65
I0002247,O000782,P0155,1,147.70,8.10
I0002248,O000783,P0021,4,272.86,27.56
I0002249,O000783,P0022,1,444.92,34.44
I0002250,O000783,P0001,5,307.94,12.07
I0002251,O000784,P0181,2,159.08,6.76
I0002252,O000784,P0182,3,108.37,32.43
I0002253,O000785,P0151,1,175.56,30.91
I0002254,O000785,P0152,5,154.25,29.44
I0002255,O000785,P0154,3,29.21,32.13
I0002256,O000785,P0153,2,117.35,30.44
I0002257,O000786,P0061,3,307.26,13.34
I0002258,O000786,P0062,5,300.42,10.01
I0002259,O000786,P0003,4,58.17,19.68
I0002260,O000787,P0461,1,97.25,28.87
I0002261,O000787,P0462,1,74.77,31.46
I0002262,O000788,P0451,4,79.43,9.52
I0002263,O000788,P0452,2,70.29,17.81
I0002264,O000788,P0452,1,94.29,6.68
I0002265,O000789,P0061,4,351.48,13.35
I0002266,O000789,P0062,1,346.23,15.78
I0002267,O000789,P0017,4,110.12,21.29
I0002268,O000790,P0361,1,498.67,18.11
I0002269,O000790,P0362,4,293.32,16.45
I0002270,O000790,P0314,2,116.23,25.75
I0002271,O000791,P0041,2,184.92,12.77
I0002272,O000791,P0042,2,462.44,20.76
I0002273,O000791,P0018,1,141.34,13.58
I0002274,O000792,P0464,2,28.41,0.15
I0002275,O000792,P0468,2,47.33,27.60
I0002276,O000792,P0466,4,88.37,16.17
I0002277,O000792,P0470,3,101.87,19.61
I0002278,O000793,P0155,4,143.66,25.03
I0002279,O000793,P0151,1,157.70,16.42
I0002280,O000793,P0165,3,65.93,26.60
I0002281,O000793,P0158,4,109.26,25.64
I0002282,O000794,P0009,1,386.15,17.11
I0002283,O000794,P0005,4,170.77,23.05
I0002284,O000794,P0007,4,334.53,3.29
I0002285,O000794,P0010,4,390.66,23.72
I0002286,O000795,P0501,1,59.36,6.82
I0002287,O000795,P0502,3,54.43,24.97
I0002288,O000795,P0467,3,96.37,34.52
I0002289,O000796,P0041,5,139.42,3.99
I0002290,O000796,P0042,1,320.05,31.78
I0002291,O000796,P0014,2,221.28,13.89
I0002292,O000797,P0021,2,373.63,30.22
I0002293,O000797,P0022,2,367.88,10.12
I0002294,O000798,P0313,4,126.45,7.27
I0002295,O000798,P0310,3,256.99,28.61
I0002296,O000798,P0308,5,238.55,18.15
I0002297,O000798,P0305,2,285.75,30.04
I0002298,O000799,P0001,2,420.06,30.77
I0002299,O000799,P0002,2,622.41,11.21
I0002300,O000799,P0013,2,358.89,24.95
I0002301,O000799,P0007,1,304.19,3.13
I0002302,O000800,P0001,3,398.30,33.19
I0002303,O000800,P0002,2,322.52,19.03
I0002304,O000800,P0006,1,107.86,1.77
I0002305,O000800,P0017,4,107.88,24.72
I0002306,O000801,P0041,5,141.80,29.86
I0002307,O000801,P0042,3,377.96,16.06
I0002308,O000801,P0014,2,386.21,29.64
I0002309,O000801,P0017,1,58.39,28.99
I0002310,O000802,P0041,2,211.69,34.56
I0002311,O000802,P0042,4,489.66,21.22
I0002312,O000802,P0004,1,181.40,12.46
I0002313,O000803,P0318,3,94.97,18.41
I0002314,O000803,P0307,2,81.32,25.50
I0002315,O000803,P0314,2,125.60,14.05
I0002316,O000803,P0308,5,300.41,15.22
I0002317,O000804,P0151,3,127.53,20.33
I0002318,O000804,P0152,5,131.69,3.72
I0002319,O000805,P0021,3,233.37,1.03
I0002320,O000805,P0022,4,337.21,15.43
I0002321,O000805,P0018,1,146.87,19.30
I0002322,O000806,P0010,1,203.00,30.56
I0002323,O000806,P0017,5,54.36,21.12
I0002324,O000806,P0014,5,371.41,6.33
I0002325,O000807,P0041,4,180.68,0.46
I0002326,O000807,P0042,5,541.30,1.26
I0002327,O000808,P0001,-5,239.26,5.89
I0002328,O000808,P0002,3,509.00,0.69
I0002329,O000808,P0018,4,200.05,31.66
I0002330,O000809,P0011,3,341.23,33.11
I0002331,O000809,P0016,3,121.02,23.74
I0002332,O000809,P0003,2,53.60,13.32
I0002333,O000809,P0009,2,310.75,10.64
I0002334,O000810,P0468,4,80.13,33.06
I0002335,O000810,P0458,3,101.51,7.55
I0002336,O000810,P0462,4,107.47,8.41
I0002337,O000811,P0461,5,87.52,34.14
I0002338,O000811,P0462,1,120.31,30.33
I0002339,O000811,P0459,1,119.13,27.67
I0002340,O000811,P0460,5,91.77,25.23
I0002341,O000812,P0321,4,147.88,15.64
I0002342,O000812,P0322,3,485.54,29.56
I0002343,O000812,P0319,1,409.01,32.27
I0002344,O000812,P0302,2,202.21,32.39
I0002345,O000813,P0041,3,258.26,4.87
I0002346,O000813,P0042,2,521.72,24.03
I0002347,O000814,P0019,2,124.21,30.41
I0002348,O000814,P0001,4,459.39,28.60
I0002349,O000815,P0171,1,85.61,27.94
I0002350,O000815,P0172,3,124.80,11.35
I0002351,O000816,P0301,1,175.16,8.66
I0002352,O000816,P0302,3,332.78,4.91
I0002353,O000816,P0314,2,159.11,13.11
I0002354,O000817,P0313,1,205.94,2.07
I0002355,O000817,P0306,2,232.33,15.10
I0002356,O000817,P0301,4,234.27,20.92
I0002357,O000817,P0319,1,437.73,32.94
I0002358,O000818,P0181,2,175.28,33.33
I0002359,O000818,P0182,1,117.34,18.59
I0002360,O000818,P0154,3,29.60,12.05
I0002361,O000819,P0181,3,109.78,4.64
I0002362,O000819,P0182,1,91.55,16.33
I0002363,O000819,P0154,3,24.85,11.59
I0002364,O000820,P0151,4,86.51,5.15
I0002365,O000820,P0152,3,135.15,13.64
I0002366,O000820,P0161,2,39.71,31.84
I0002367,O000821,P0151,3,107.61,19.85
I0002368,O000821,P0152,4,120.85,23.78
I0002369,O000821,P0169,5,55.23,0.94
I0002370,O000821,P0168,3,32.30,17.06
I0002371,O000822,P0041,5,133.13,27.16
I0002372,O000822,P0042,2,359.85,17.30
I0002373,O000823,P0001,3,237.45,27.33
I0002374,O000823,P0002,3,434.06,24.14
I0002375,O000823,P0009,2,374.19,18.78
I0002376,O000824,P0001,2,294.81,23.01
I0002377,O000824,P0002,1,358.02,26.98
I0002378,O000825,P0303,5,197.21,21.01
I0002379,O000825,P0316,4,198.52,10.72
I0002380,O000825,P0308,1,246.97,1.50
I0002381,O000826,P0001,3,436.48,23.50
I0002382,O000826,P0002,-4,335.42,7.58
I0002383,O000827,P0361,1,279.58,13.84
I0002384,O000827,P0362,2,299.44,15.87
I0002385,O000828,P0021,4,325.40,4.71
I0002386,O000828,P0022,1,592.81,15.42
I0002387,O000829,P0006,3,79.58,22.93
I0002388,O000829,P0005,4,213.32,33.65
I0002389,O000830,P0321,2,139.15,34.66
I0002390,O000830,P0322,3,480.30,14.55
I0002391,O000830,P0304,4,117.20,13.20
I0002392,O000831,P0321,4,128.74,21.12
I0002393,O000831,P0322,3,438.46,24.15
I0002394,O000832,P0021,2,238.03,9.25
I0002395,O000832,P0022,2,482.53,2.87
I0002396,O000832,P0003,2,79.01,9.83
I0002397,O000833,P0191,5,63.70,9.97
I0002398,O000833,P0192,2,122.81,11.05
I0002399,O000833,P0169,4,54.83,4.35
I0002400,O000834,P0171,3,78.98,5.89
I0002401,O000834,P0172,4,145.27,15.70
I0002402,O000834,P0157,2,38.93,20.88
I0002403,O000835,P0019,1,150.59,33.17
I0002404,O000835,P0002,1,549.46,22.51
I0002405,O000835,P0013,2,371.11,17.28
I0002406,O000836,P0191,5,43.75,29.68
I0002407,O000836,P0192,5,141.65,8.49
I0002408,O000836,P0169,3,68.11,10.35
I0002409,O000837,P0454,2,42.76,34.97
I0002410,O000837,P0455,3,49.02,11.28
I0002411,O000837,P0466,5,49.97,28.31
I0002412,O000838,P0501,2,61.02,3.72
I0002413,O000838,P0502,5,94.07,14.20
I0002414,O000838,P0464,3,20.92,20.00
I0002415,O000838,P0456,3,60.87,7.28
I0002416,O000839,P0302,5,234.50,23.16
I0002417,O000839,P0319,1,383.76,4.75
I0002418,O000840,P0041,1,200.46,7.92
I0002419,O000840,P0042,2,501.65,6.31
I0002420,O000840,P0004,1,171.89,25.72
I0002421,O000841,P0001,3,259.13,19.05
I0002422,O000841,P0002,5,395.79,5.89
I0002423,O000842,P0010,5,268.32,31.31
I0002424,O000842,P0015,3,301.49,2.28
I0002425,O000842,P0014,3,213.14,28.09
I0002426,O000843,P0381,1,56.65,31.83
I0002427,O000843,P0382,2,290.66,28.76
I0002428,O000843,P0303,5,147.54,11.18
I0002429,O000843,P0320,2,340.04,6.14
I0002430,O000844,P0471,3,47.76,18.80
I0002431,O000844,P0472,2,70.02,2.29
I0002432,O000845,P0461,2,107.56,6.57
I0002433,O000845,P0462,2,128.89,23.61
I0002434,O000846,P0381,3,65.19,28.74
I0002435,O000846,P0382,5,198.84,26.57
I0002436,O000847,P0164,4,126.69,21.03
I0002437,O000847,P0160,5,146.83,1.57
I0002438,O000847,P0161,5,33.18,0.16
I0002439,O000848,P0163,3,62.23,20.62
I0002440,O000848,P0167,1,126.36,14.30
I0002441,O000848,P0164,1,200.42,30.33
I0002442,O000849,P0315,3,165.43,29.02
I0002443,O000849,P0304,5,82.66,11.85
I0002444,O000849,P0311,4,304.34,0.70
I0002445,O000850,P0314,3,113.64,30.90
I0002446,O000850,P0319,4,327.76,31.83
I0002447,O000850,P0317,2,105.58,24.76
I0002448,O000851,P0469,2,111.06,4.35
I0002449,O000851,P0456,2,74.67,34.31
I0002450,O000851,P0461,4,109.53,30.50
I0002451,O000852,P0471,1,48.20,26.20
I0002452,O000852,P0472,2,109.65,6.86
I0002453,O000852,P0469,1,60.84,29.40
I0002454,O000853,P0471,4,44.22,30.39
I0002455,O000853,P0472,2,87.66,13.16
I0002456,O000854,P0009,2,346.08,20.92
I0002457,O000854,P0013,2,318.15,18.80
I0002458,O000855,P0454,4,29.57,30.32
I0002459,O000855,P0465,2,52.65,14.47
I0002460,O000856,P0451,1,86.48,14.70
I0002461,O000856,P0458,4,68.83,5.26
I0002462,O000856,P0466,4,65.20,12.41
I0002463,O000857,P0452,1,84.12,1.63
I0002464,O000857,P0452,5,92.30,13.04
I0002465,O000858,P0462,2,94.42,6.31
I0002466,O000858,P0458,1,107.81,15.04
I0002467,O000859,P0312,5,230.95,24.13
I0002468,O000859,P0314,1,137.51,13.97
I0002469,O000859,P0303,5,120.16,3.56
I0002470,O000860,P0451,1,103.11,22.68
I0002471,O000860,P0452,4,64.71,16.15
I0002472,O000860,P0467,5,82.29,30.05
I0002473,O000861,P0151,1,150.83,24.55
I0002474,O000861,P0152,4,146.17,20.10
I0002475,O000861,P0159,4,188.52,29.94
I0002476,O000862,P0018,2,152.29,10.79
I0002477,O000862,P0013,4,312.83,20.68
I0002478,O000863,P0191,2,54.87,0.58
I0002479,O000863,P0192,2,148.19,7.91
I0002480,O000864,P0181,1,172.58,2.67
I0002481,O000864,P0182,4,71.50,17.99
I0002482,O000865,P0001,5,374.67,11.48
I0002483,O000865,P0002,1,320.39,20.21
I0002484,O000865,P0016,4,122.04,33.99
I0002485,O000866,P0001,5,384.09,10.89
I0002486,O000866,P0002,1,331.36,31.20
I0002487,O000867,P0306,1,188.50,16.53
I0002488,O000867,P0303,2,227.00,10.35
I0002489,O000867,P0317,3,93.03,11.63
I0002490,O000868,P0001,5,391.45,31.08
I0002491,O000868,P0002,4,479.81,23.23
I0002492,O000868,P0002,3,433.64,29.38
I0002493,O000869,P0191,5,49.01,14.59
I0002494,O000869,P0192,-2,148.28,28.13
I0002495,O000869,P0161,4,42.20,26.19
I0002496,O000870,P0471,4,71.02,4.32
I0002497,O000870,P0472,1,120.13,32.38
I0002498,O000870,P0455,4,71.25,17.47
I0002499,O000871,P0151,2,153.34,0.39
I0002500,O000871,P0152,3,140.18,22.20
I0002501,O000872,P0165,3,93.43,21.55
I0002502,O000872,P0159,2,177.93,19.48
I0002503,O000873,P0001,5,336.44,28.21
I0002504,O000873,P0005,3,127.99,27.70
I0002505,O000873,P0017,4,54.85,27.41
I0002506,O000874,P0471,1,56.05,33.70
I0002507,O000874,P0472,3,70.09,13.61
I0002508,O000875,P0461,2,71.04,3.09
I0002509,O000875,P0462,5,110.32,0.32
I0002510,O000875,P0469,1,77.41,26.36
I0002511,O000876,P0019,5,171.17,19.60
I0002512,O000876,P0011,1,337.02,2.57
I0002513,O000877,P0011,-4,438.67,13.78
I0002514,O000877,P0008,5,348.37,26.57
I0002515,O000877,P0005,4,224.14,14.49
I0002516,O000878,P0017,1,95.85,31.54
I0002517,O000878,P0006,1,101.06,5.40
I0002518,O000879,P0171,5,42.57,33.22
I0002519,O000879,P0172,5,94.65,34.07
I0002520,O000879,P0167,1,114.37,20.12
I0002521,O000880,P0460,4,93.52,31.06
I0002522,O000880,P0467,1,70.60,26.62
I0002523,O000881,P0164,5,202.04,21.40
I0002524,O000881,P0160,-2,149.25,32.74
I0002525,O000882,P0021,2,386.92,5.43
I0002526,O000882,P0022,2,337.67,9.83
I0002527,O000882,P0019,4,127.36,23.20
I0002528,O000882,P0016,3,88.55,1.71
I0002529,O000883,P0461,3,99.11,34.54
I0002530,O000883,P0462,3,93.26,9.54
I0002531,O000883,P0462,5,87.22,5.40
I0002532,O000883,P0467,4,93.57,16.96
I0002533,O000884,P0001,3,410.25,24.87
I0002534,O000884,P0002,2,434.28,25.86
I0002535,O000884,P0004,1,188.99,12.76
I0002536,O000884,P0020,2,114.69,33.22
I0002537,O000885,P0171,5,84.07,12.98
I0002538,O000885,P0172,-2,98.62,26.19
I0002539,O000885,P0159,5,180.61,29.05
I0002540,O000885,P0157,1,61.31,32.84
I0002541,O000886,P0320,5,247.19,26.58
I0002542,O000886,P0318,3,119.25,11.77
I0002543,O000887,P0309,4,396.42,10.71
I0002544,O000887,P0307,4,125.02,23.00
I0002545,O000888,P0021,5,340.46,30.06
I0002546,O000888,P0022,3,604.73,8.41
I0002547,O000888,P0009,3,390.75,16.93
I0002548,O000889,P0021,2,341.75,21.69
I0002549,O000889,P0022,3,572.66,18.77
I0002550,O000889,P0012,5,498.76,29.19
I0002551,O000890,P0381,3,98.12,14.37
I0002552,O000890,P0382,3,249.99,10.52
I0002553,O000890,P0304,1,118.28,20.75
I0002554,O000891,P0191,2,68.00,34.81
I0002555,O000891,P0192,4,114.71,9.92
I0002556,O000892,P0013,4,411.30,22.62
I0002557,O000892,P0015,5,327.57,24.53
I0002558,O000893,P0501,4,53.44,12.35
I0002559,O000893,P0502,3,81.42,8.41
I0002560,O000893,P0465,1,77.97,20.80
I0002561,O000893,P0463,3,101.16,4.65
I0002562,O000894,P0171,4,59.94,23.53
I0002563,O000894,P0172,1,135.33,25.45
I0002564,O000895,P0321,3,157.67,27.10
I0002565,O000895,P0322,5,393.98,5.37
I0002566,O000896,P0451,4,119.09,30.24
I0002567,O000896,P0452,2,99.93,3.63
I0002568,O000896,P0455,3,86.04,27.89
I0002569,O000897,P0041,3,247.62,30.28
I0002570,O000897,P0042,4,423.48,9.24
I0002571,O000897,P0011,3,509.79,24.50
I0002572,O000898,P0001,1,287.48,28.89
I0002573,O000898,P0002,4,525.58,7.57
I0002574,O000899,P0451,5,119.94,3.90
I0002575,O000899,P0452,5,60.78,13.62
I0002576,O000900,P0361,4,356.27,34.00
I0002577,O000900,P0362,4,255.81,25.92
I0002578,O000901,P0061,2,217.53,7.92
I0002579,O000901,P0062,4,257.48,10.41
I0002580,O000901,P0019,5,122.35,15.03
I0002581,O000902,P0319,2,431.08,26.27
I0002582,O000902,P0302,1,212.00,11.77
I0002583,O000902,P0319,1,427.38,20.87
I0002584,O000903,P0061,2,313.17,27.33
I0002585,O000903,P0062,4,260.30,0.12
I0002586,O000904,P0170,5,78.03,34.78
I0002587,O000904,P0158,1,181.51,6.72
I0002588,O000905,P0461,1,71.26,5.70
I0002589,O000905,P0462,5,136.42,26.78
I0002590,O000905,P0462,5,87.18,3.04
I0002591,O000905,P0454,5,45.19,20.40
I0002592,O000906,P0301,1,141.85,12.09
I0002593,O000906,P0302,4,314.74,10.62
I0002594,O000907,P0171,4,66.83,4.04
I0002595,O000907,P0172,1,114.33,30.30
I0002596,O000908,P0041,2,223.28,16.53
I0002597,O000908,P0042,4,354.25,9.25
I0002598,O000908,P0003,3,69.14,26.42
I0002599,O000909,P0061,3,185.25,20.80
I0002600,O000909,P0062,4,341.70,25.13
I0002601,O000910,P0021,2,340.22,17.91
I0002602,O000910,P0022,5,350.52,23.91
I0002603,O000910,P0014,2,288.14,33.01
I0002604,O000910,P0011,4,417.24,21.31
I0002605,O000911,P0014,5,260.99,4.63
I0002606,O000911,P0003,4,76.97,21.87
I0002607,O000912,P0061,4,286.84,30.78
I0002608,O000912,P0062,4,195.40,27.49
I0002609,O000912,P0015,5,375.70,34.59
I0002610,O000913,P0321,2,102.02,32.96
I0002611,O000913,P0322,3,302.73,20.63
I0002612,O000914,P0308,4,341.86,22.90
I0002613,O000914,P0301,5,185.54,13.71
I0002614,O000914,P0313,4,163.98,4.78
I0002615,O000915,P0061,5,221.89,4.08
I0002616,O000915,P0062,3,334.98,8.96
I0002617,O000915,P0011,-3,506.97,18.53
I0002618,O000916,P0061,5,180.70,6.31
I0002619,O000916,P0062,1,367.78,5.91
I0002620,O000916,P0018,5,215.40,1.20
I0002621,O000916,P0013,4,519.76,31.62
I0002622,O000917,P0016,2,116.07,24.49
I0002623,O000917,P0007,2,303.10,19.86
I0002624,O000918,P0318,1,100.14,16.49
I0002625,O000918,P0318,3,113.74,6.26
I0002626,O000919,P0002,1,436.32,30.61
I0002627,O000919,P0009,5,411.37,12.44
I0002628,O000919,P0013,2,376.94,9.65
I0002629,O000920,P0471,4,43.98,8.33
I0002630,O000920,P0472,1,100.31,22.55
I0002631,O000920,P0467,2,92.23,11.75
I0002632,O000920,P0466,5,55.93,14.05
I0002633,O000921,P0171,2,42.98,4.52
I0002634,O000921,P0172,3,80.42,29.69
I0002635,O000921,P0155,5,102.13,7.94
I0002636,O000922,P0161,3,43.27,22.11
I0002637,O000922,P0168,5,34.86,2.71
I0002638,O000923,P0461,1,114.19,18.10
I0002639,O000923,P0462,4,82.23,22.86
I0002640,O000923,P0462,4,123.07,8.25
I0002641,O000924,P0471,4,74.99,18.16
I0002642,O000924,P0472,3,88.46,3.86
I0002643,O000924,P0470,1,86.34,18.15
I0002644,O000925,P0361,1,468.18,33.64
I0002645,O000925,P0362,3,293.10,0.33
I0002646,O000925,P0319,2,369.26,16.73
I0002647,O000926,P0321,1,153.66,25.12
I0002648,O000926,P0322,2,486.97,23.76
I0002649,O000926,P0302,2,179.25,24.88
I0002650,O000926,P0320,3,390.50,13.86
I0002651,O000927,P0191,3,49.50,20.13
I0002652,O000927,P0192,4,124.11,23.95
I0002653,O000927,P0165,3,107.79,27.90
I0002654,O000927,P0160,2,129.70,20.83
I0002655,O000928,P0001,4,380.82,24.61
I0002656,O000928,P0002,3,399.18,15.86
I0002657,O000929,P0361,4,398.88,25.34
I0002658,O000929,P0362,5,268.67,12.73
I0002659,O000930,P0019,4,148.83,19.53
I0002660,O000930,P0006,1,78.24,28.95
I0002661,O000930,P0012,2,612.95,8.62
I0002662,O000930,P0006,2,83.73,8.70
I0002663,O000931,P0451,4,76.04,1.57
I0002664,O000931,P0452,1,52.28,8.70
I0002665,O000931,P0458,3,100.74,17.06
I0002666,O000932,P0001,1,392.46,13.00
I0002667,O000932,P0002,1,344.31,8.14
I0002668,O000932,P0003,1,102.43,26.97
I0002669,O000932,P0019,3,182.99,28.78
I0002670,O000933,P0361,4,423.24,30.04
I0002671,O000933,P0362,2,367.86,31.29
I0002672,O000933,P0304,3,98.11,18.02
I0002673,O000933,P0311,1,301.46,0.61
I0002674,O000934,P0171,5,64.24,12.55
I0002675,O000934,P0172,2,113.33,30.70
I0002676,O000935,P0014,5,347.73,17.00
I0002677,O000935,P0004,3,162.17,18.83
I0002678,O000935,P0002,4,561.03,31.35
I0002679,O000935,P0007,5,326.29,19.42
I0002680,O000936,P0002,2,410.04,14.01
I0002681,O000936,P0019,4,135.09,6.16
I0002682,O000936,P0013,1,514.39,25.01
I0002683,O000937,P0381,1,80.25,7.81
I0002684,O000937,P0382,5,343.82,7.77
I0002685,O000937,P0301,5,173.62,30.95
I0002686,O000938,P0015,1,399.98,11.82
I0002687,O000938,P0012,3,341.01,10.65
I0002688,O000938,P0003,2,87.51,27.85
I0002689,O000939,P0151,2,133.52,33.65
I0002690,O000939,P0152,2,103.02,16.44
I0002691,O000939,P0155,5,91.69,7.00
I0002692,O000939,P0162,4,59.14,20.72
I0002693,O000940,P0310,3,198.13,23.04
I0002694,O000940,P0311,1,342.05,1.10
I0002695,O000941,P0171,3,59.33,0.46
I0002696,O000941,P0172,1,97.11,7.69
I0002697,O000941,P0154,2,22.93,2.78
I0002698,O000942,P0164,4,149.37,13.56
I0002699,O000942,P0161,4,37.07,12.57
I0002700,O000942,P0159,3,111.42,11.79
I0002701,O000943,P0061,2,260.84,29.68
I0002702,O000943,P0062,1,252.07,23.08
I0002703,O000944,P0041,4,201.74,19.37
I0002704,O000944,P0042,2,479.73,1.18
I0002705,O000945,P0041,2,155.08,34.20
I0002706,O000945,P0042,1,362.00,19.05
I0002707,O000945,P0001,3,297.16,16.15
I0002708,O000945,P0005,1,173.20,7.92
I0002709,O000946,P0321,4,121.67,13.41
I0002710,O000946,P0322,5,491.81,27.58
I0002711,O000946,P0319,5,460.89,4.34
I0002712,O000947,P0461,1,90.92,33.91
I0002713,O000947,P0462,1,89.88,6.93
I0002714,O000948,P0061,3,270.42,14.49
I0002715,O000948,P0062,4,336.76,28.23
I0002716,O000948,P0002,5,334.08,23.12
I0002717,O000949,P0041,3,197.46,23.15
I0002718,O000949,P0042,2,527.48,15.92
I0002719,O000950,P0041,5,218.92,24.78
I0002720,O000950,P0042,3,373.62,6.50
I0002721,O000950,P0008,2,194.21,29.17
I0002722,O000951,P0171,2,70.67,10.34
I0002723,O000951,P0172,3,103.16,13.87
I0002724,O000952,P0469,1,77.06,8.83
I0002725,O000952,P0467,1,93.96,8.63
I0002726,O000952,P0469,4,123.04,32.25
I0002727,O000953,P0151,1,94.83,24.62
I0002728,O000953,P0152,1,169.31,9.73
I0002729,O000953,P0165,3,75.17,10.28
I0002730,O000954,P0501,2,63.69,32.40
I0002731,O000954,P0502,1,66.59,34.50
I0002732,O000955,P0451,4,75.15,19.88
I0002733,O000955,P0452,2,86.85,5.42
I0002734,O000955,P0465,5,88.76,6.86
I0002735,O000956,P0463,2,87.00,2.74
I0002736,O000956,P0468,4,60.83,7.03
I0002737,O000956,P0465,4,88.20,13.67
I0002738,O000956,P0453,4,82.17,12.73
I0002739,O000957,P0181,3,174.05,12.98
I0002740,O000957,P0182,5,88.81,28.69
I0002741,O000958,P0321,4,147.76,34.38
I0002742,O000958,P0322,3,350.82,26.16
I0002743,O000958,P0316,1,163.25,21.15
I0002744,O000959,P0001,5,442.43,14.84
I0002745,O000959,P0002,5,450.81,19.66
I0002746,O000959,P0003,2,85.21,2.87
I0002747,O000960,P0001,2,451.23,16.73
I0002748,O000960,P0002,1,325.48,9.23
I0002749,O000960,P0018,2,166.02,31.11
I0002750,O000961,P0471,2,57.90,2.21
I0002751,O000961,P0472,1,120.42,5.44
I0002752,O000961,P0454,5,38.91,15.27
I0002753,O000962,P0151,5,145.36,34.21
I0002754,O000962,P0152,4,95.00,31.04
I0002755,O000962,P0169,2,97.46,6.12
I0002756,O000962,P0158,5,143.65,9.10
I0002757,O000963,P0009,5,416.55,26.14
I0002758,O000963,P0008,1,264.94,3.95
I0002759,O000964,P0001,1,448.24,11.10
I0002760,O000964,P0002,2,551.84,31.84
I0002761,O000965,P0061,4,263.93,4.07
I0002762,O000965,P0062,3,259.08,0.79
I0002763,O000965,P0008,2,279.26,2.54
I0002764,O000966,P0301,4,126.82,16.78
I0002765,O000966,P0302,5,326.82,15.96
I0002766,O000967,P0321,4,87.29,0.50
I0002767,O000967,P0322,2,498.57,1.12
I0002768,O000967,P0307,5,128.51,5.81
I0002769,O000967,P0307,2,91.10,16.32
I0002770,O000968,P0381,2,97.30,10.17
I0002771,O000968,P0382,4,169.64,4.68
I0002772,O000969,P0171,1,75.97,7.33
I0002773,O000969,P0172,3,89.55,25.60
I0002774,O000970,P0471,2,67.32,4.51
I0002775,O000970,P0472,4,110.94,0.45
I0002776,O000971,P0361,2,392.51,34.32
I0002777,O000971,P0362,1,348.28,19.61
I0002778,O000971,P0311,4,405.41,24.83
I0002779,O000971,P0307,5,150.87,27.46
I0002780,O000972,P0001,3,408.96,10.06
I0002781,O000972,P0002,1,480.88,3.49
I0002782,O000973,P0471,4,38.41,28.63
I0002783,O000973,P0472,2,105.82,34.24
I0002784,O000974,P0002,4,573.43,6.76
I0002785,O000974,P0011,1,432.72,8.23
I0002786,O000974,P0017,4,109.69,29.78
I0002787,O000975,P0318,3,92.84,7.74
I0002788,O000975,P0318,3,101.88,0.65
I0002789,O000975,P0306,5,278.56,12.56
I0002790,O000976,P0005,3,173.33,24.59
I0002791,O000976,P0006,1,110.35,12.76
I0002792,O000976,P0020,4,79.59,27.77
I0002793,O000976,P0008,1,242.84,17.36
I0002794,O000977,P0301,3,243.68,0.02
I0002795,O000977,P0302,1,327.65,19.97
I0002796,O000977,P0303,2,204.28,3.82
I0002797,O000978,P0041,1,230.08,32.22
I0002798,O000978,P0042,5,512.12,26.17
I0002799,O000978,P0001,5,388.32,22.37
I0002800,O000979,P0005,5,222.23,33.71
I0002801,O000979,P0017,3,83.92,17.94
I0002802,O000979,P0012,2,573.91,33.92
I0002803,O000980,P0501,3,53.68,22.49
I0002804,O000980,P0502,4,69.37,29.75
I0002805,O000981,P0171,3,86.37,3.82
I0002806,O000981,P0172,2,97.18,20.29
I0002807,O000981,P0162,5,77.58,18.05
I0002808,O000982,P0466,4,77.02,27.91
I0002809,O000982,P0461,3,108.59,34.86
I0002810,O000982,P0464,2,25.38,17.11
I0002811,O000983,P0181,3,104.59,25.04
I0002812,O000983,P0182,5,62.97,31.65
I0002813,O000983,P0155,1,148.35,4.55
I0002814,O000984,P0021,3,397.23,24.88
I0002815,O000984,P0022,1,496.63,5.46
I0002816,O000985,P0171,1,86.06,1.47
I0002817,O000985,P0172,2,79.98,3.97
I0002818,O000986,P0451,2,82.26,15.32
I0002819,O000986,P0464,2,17.35,5.23
I0002820,O000987,P0381,5,74.78,11.33
I0002821,O000987,P0382,3,229.77,4.41
I0002822,O000988,P0301,2,122.00,18.18
I0002823,O000988,P0302,2,229.60,13.20
I0002824,O000988,P0309,1,474.66,14.84
I0002825,O000988,P0314,5,100.63,24.00
I0002826,O000989,P0151,2,100.87,1.95
I0002827,O000989,P0152,5,104.13,21.41
I0002828,O000989,P0161,2,32.09,5.73
I0002829,O000989,P0154,2,39.63,19.29
I0002830,O000990,P0017,1,79.98,9.79
I0002831,O000990,P0008,5,241.75,21.72
I0002832,O000990,P0015,5,325.89,15.57
I0002833,O000991,P0041,3,192.29,20.19
I0002834,O000991,P0042,5,364.34,24.63
I0002835,O000992,P0191,3,62.02,24.32
I0002836,O000992,P0192,4,88.82,16.14
I0002837,O000993,P0471,4,57.39,27.14
I0002838,O000993,P0472,5,69.58,31.67
I0002839,O000993,P0466,2,66.77,32.24
I0002840,O000994,P0501,5,32.02,13.55
I0002841,O000994,P0502,4,83.06,27.82
I0002842,O000995,P0321,3,153.71,34.88
I0002843,O000995,P0322,1,308.69,13.06
I0002844,O000996,P0016,1,72.71,16.78
I0002845,O000996,P0004,2,152.79,9.98
I0002846,O000996,P0012,4,455.67,19.18
I0002847,O000997,P0151,3,89.74,3.71
I0002848,O000997,P0152,2,84.33,6.18
I0002849,O000997,P0152,2,112.52,10.12
I0002850,O000997,P0166,1,104.57,21.62
I0002851,O000998,P0011,4,373.63,20.83
I0002852,O000998,P0008,3,325.77,8.90
I0002853,O000998,P0020,3,68.51,23.21
I0002854,O000999,P0021,5,447.66,34.84
I0002855,O000999,P0022,4,542.79,30.39
I0002856,O000999,P0003,4,91.49,27.00
I0002857,O001000,P0167,3,150.66,18.07
I0002858,O001000,P0160,3,167.02,1.22
I0002859,O001000,P0170,3,99.07,5.98
I0002860,O001001,P0001,1,466.00,18.13
I0002861,O001001,P0002,5,613.91,8.76
I0002862,O001002,P0181,3,163.24,15.89
I0002863,O001002,P0182,-2,108.35,29.80
I0002864,O001002,P0152,3,159.80,5.17
I0002865,O001003,P0168,4,38.03,29.89
I0002866,O001003,P0154,3,45.46,8.94
I0002867,O001003,P0170,5,95.17,13.53
I0002868,O001003,P0155,5,113.89,15.95
I0002869,O001004,P0012,4,592.84,6.33
I0002870,O001004,P0005,4,206.97,17.62
I0002871,O001004,P0020,4,96.31,18.96
I0002872,O001005,P0041,2,235.09,20.34
I0002873,O001005,P0042,-4,412.58,31.17
I0002874,O001006,P0001,2,483.77,14.34
I0002875,O001006,P0002,1,530.52,24.54
I0002876,O001007,P0181,1,128.76,32.33
I0002877,O001007,P0182,4,76.29,15.40
I0002878,O001008,P0001,1,268.23,2.68
I0002879,O001008,P0002,4,461.15,29.66
I0002880,O001009,P0061,3,219.29,15.16
I0002881,O001009,P0062,5,197.39,32.55
I0002882,O001009,P0013,2,440.84,6.16
I0002883,O001010,P0191,5,66.41,31.17
I0002884,O001010,P0192,2,154.12,15.72
I0002885,O001010,P0156,2,89.61,2.77
I0002886,O001011,P0061,2,353.98,18.30
I0002887,O001011,P0062,5,335.83,32.53
I0002888,O001012,P0001,2,363.38,31.95
I0002889,O001012,P0002,1,571.39,15.32
I0002890,O001013,P0312,2,291.32,14.88
I0002891,O001013,P0316,1,233.26,29.80
I0002892,O001013,P0308,3,218.52,11.57
I0002893,O001014,P0471,2,50.98,5.71
I0002894,O001014,P0472,5,86.34,11.82
I0002895,O001014,P0465,5,73.21,27.64
I0002896,O001014,P0451,1,113.15,31.23
I0002897,O001015,P0460,3,82.64,13.68
I0002898,O001015,P0463,3,95.72,0.36
I0002899,O001015,P0465,4,68.97,32.46
I0002900,O001016,P0381,1,84.19,32.13
I0002901,O001016,P0382,5,289.17,14.81
I0002902,O001017,P0181,5,134.56,24.28
I0002903,O001017,P0182,5,95.37,30.35
I0002904,O001017,P0169,1,61.05,12.45
I0002905,O001018,P0501,1,58.79,6.92
I0002906,O001018,P0502,5,60.87,22.96
I0002907,O001018,P0459,4,119.40,2.48
I0002908,O001019,P0001,2,462.33,8.40
I0002909,O001019,P0011,3,412.58,22.10
I0002910,O001019,P0011,3,398.98,30.64
I0002911,O001020,P0451,1,103.27,17.52
I0002912,O001020,P0452,5,70.80,10.97
I0002913,O001020,P0465,3,74.43,6.47
I0002914,O001020,P0467,1,73.05,24.87
I0002915,O001021,P0308,3,380.42,25.82
I0002916,O001021,P0306,4,142.30,24.58
I0002917,O001021,P0303,1,137.52,22.54
I0002918,O001022,P0361,4,394.78,2.14
I0002919,O001022,P0362,2,300.96,8.85
I0002920,O001022,P0319,1,479.44,11.37
I0002921,O001022,P0311,1,333.91,20.80
I0002922,O001023,P0361,2,475.58,14.96
I0002923,O001023,P0362,1,278.60,10.16
I0002924,O001023,P0306,2,163.69,27.06
I0002925,O001024,P0001,2,331.48,14.43
I0002926,O001024,P0002,5,362.70,28.86
I0002927,O001024,P0019,2,185.51,1.26
I0002928,O001025,P0453,5,157.08,7.62
I0002929,O001025,P0466,4,49.32,4.03
I0002930,O001025,P0453,1,107.19,11.24
I0002931,O001025,P0451,2,76.64,7.21
I0002932,O001026,P0151,4,126.61,26.29
I0002933,O001026,P0152,2,95.25,2.63
I0002934,O001026,P0166,4,67.06,0.91
I0002935,O001027,P0163,2,81.99,4.79
I0002936,O001027,P0163,3,74.15,2.07
I0002937,O001027,P0170,4,100.43,0.31
I0002938,O001027,P0158,5,185.55,2.30
I0002939,O001028,P0010,2,310.46,21.81
I0002940,O001028,P0010,-5,292.87,20.99
I0002941,O001028,P0018,5,130.17,18.36
I0002942,O001028,P0017,3,102.93,4.95
I0002943,O001029,P0457,5,106.08,8.23
I0002944,O001029,P0460,4,130.72,19.17
I0002945,O001029,P0467,2,92.93,29.44
I0002946,O001029,P0456,4,86.61,1.14
I0002947,O001030,P0154,2,33.96,3.09
I0002948,O001030,P0163,5,47.39,11.65
I0002949,O001030,P0158,3,141.70,13.99
I0002950,O001031,P0021,5,399.36,31.21
I0002951,O001031,P0022,1,419.25,3.57
I0002952,O001031,P0007,5,312.57,30.71
I0002953,O001032,P0021,5,408.77,17.53
I0002954,O001032,P0022,2,538.22,32.37
I0002955,O001032,P0006,1,99.18,3.13
I0002956,O001033,P0014,5,263.81,0.24
I0002957,O001033,P0001,4,477.21,22.52
I0002958,O001033,P0001,4,431.66,33.48
I0002959,O001034,P0007,1,202.84,12.87
I0002960,O001034,P0013,4,512.49,11.37
I0002961,O001034,P0017,1,55.35,27.65
I0002962,O001035,P0468,2,88.12,1.19
I0002963,O001035,P0459,5,122.46,32.48
I0002964,O001035,P0457,2,78.56,24.84
I0002965,O001035,P0466,4,73.54,12.44
I0002966,O001036,P0314,1,115.01,17.52
I0002967,O001036,P0305,1,304.28,32.56
I0002968,O001036,P0316,4,205.81,15.64
I0002969,O001037,P0318,1,84.23,25.63
I0002970,O001037,P0308,1,358.48,23.92
I0002971,O001037,P0306,1,208.29,16.28
I0002972,O001037,P0314,3,95.36,24.92
I0002973,O001038,P0021,2,269.85,24.70
I0002974,O001038,P0022,5,397.54,12.27
I0002975,O001038,P0003,5,61.94,7.46
I0002976,O001038,P0010,4,364.46,24.95
I0002977,O001039,P0016,1,84.02,19.61
I0002978,O001039,P0004,1,192.56,30.29
I0002979,O001039,P0003,1,87.85,18.26
I0002980,O001040,P0171,5,86.63,29.97
I0002981,O001040,P0172,3,114.32,28.01
I0002982,O001040,P0153,5,124.24,17.13
I0002983,O001040,P0154,2,44.15,30.03
I0002984,O001041,P0151,5,99.42,26.28
I0002985,O001041,P0152,2,154.83,19.27
I0002986,O001042,P0181,3,179.50,29.01
I0002987,O001042,P0182,5,92.74,14.35
I0002988,O001042,P0168,1,21.30,3.79
I0002989,O001043,P0301,4,184.28,17.92
I0002990,O001043,P0302,1,290.25,32.87
I0002991,O001044,P0306,3,149.83,16.62
I0002992,O001044,P0320,4,388.82,13.82
I0002993,O001044,P0314,5,126.60,12.62
I0002994,O001044,P0312,5,329.75,17.58
I0002995,O001045,P0002,2,618.07,13.90
I0002996,O001045,P0006,3,68.54,4.38
I0002997,O001045,P0014,4,289.83,33.36
I0002998,O001046,P0302,2,175.41,18.02
I0002999,O001046,P0313,1,159.50,13.99
I0003000,O001046,P0308,5,233.87,24.78
I0003001,O001046,P0311,3,342.88,0.87
I0003002,O001047,P0041,2,152.20,27.53
I0003003,O001047,P0042,5,437.53,6.18
I0003004,O001047,P0015,4,253.01,1.24
I0003005,O001048,P0171,1,50.61,8.16
I0003006,O001048,P0172,2,128.73,18.81
I0003007,O001048,P0151,1,133.90,12.85
I0003008,O001048,P0159,1,108.45,22.60
I0003009,O001049,P0166,4,94.13,31.28
I0003010,O001049,P0164,3,136.29,29.55
I0003011,O001049,P0169,4,87.73,24.19
I0003012,O001049,P0163,5,73.04,18.88
I0003013,O001050,P0020,2,92.48,21.59
I0003014,O001050,P0014,5,330.96,19.46
I0003015,O001050,P0017,5,56.32,21.11
I0003016,O001051,P0012,5,355.74,0.41
I0003017,O001051,P0003,4,73.05,23.49
I0003018,O001051,P0001,1,291.80,10.42
I0003019,O001052,P0151,4,115.73,10.86
I0003020,O001052,P0158,4,113.46,3.61
I0003021,O001052,P0167,5,106.76,23.70
I0003022,O001053,P0021,2,315.98,27.25
I0003023,O001053,P0022,1,321.11,2.04
I0003024,O001053,P0014,2,223.49,25.84
I0003025,O001054,P0381,4,85.90,20.94
I0003026,O001054,P0382,5,170.08,3.36
I0003027,O001055,P0014,2,387.22,19.52
I0003028,O001055,P0010,3,334.02,17.99
I0003029,O001055,P0010,5,213.90,34.71
I0003030,O001055,P0015,4,356.03,20.98
I0003031,O001056,P0321,3,122.56,33.65
I0003032,O001056,P0322,2,487.44,27.75
I0003033,O001056,P0309,3,371.37,26.88
I0003034,O001057,P0021,5,408.44,15.49
I0003035,O001057,P0022,3,458.04,34.18
I0003036,O001058,P0001,4,364.82,19.97
I0003037,O001058,P0002,2,392.62,28.08
I0003038,O001059,P0181,2,128.98,0.18
I0003039,O001059,P0182,4,84.10,10.86
I0003040,O001059,P0167,1,123.64,31.66
I0003041,O001060,P0458,3,100.59,14.18
I0003042,O001060,P0469,1,95.00,14.31
I0003043,O001061,P0021,4,434.11,14.56
I0003044,O001061,P0022,3,297.68,28.52
I0003045,O001061,P0005,5,224.28,26.82
I0003046,O001062,P0021,5,321.48,32.00
I0003047,O001062,P0022,2,391.73,19.89
I0003048,O001062,P0018,1,214.97,21.89
I0003049,O001062,P0002,5,586.30,11.76
I0003050,O001063,P0151,2,143.85,21.36
I0003051,O001063,P0152,5,144.16,26.29
I0003052,O001064,P0159,4,144.38,23.67
I0003053,O001064,P0152,2,125.56,18.28
I0003054,O001064,P0152,-5,144.97,8.92
I0003055,O001064,P0157,2,39.04,24.17
I0003056,O001065,P0001,5,359.48,3.27
I0003057,O001065,P0002,1,441.70,29.10
I0003058,O001065,P0014,2,415.80,23.35
I0003059,O001065,P0011,2,498.75,21.51
I0003060,O001066,P0181,4,160.63,28.56
I0003061,O001066,P0182,1,99.12,24.06
I0003062,O001066,P0158,1,183.40,30.85
I0003063,O001066,P0154,3,35.87,14.16
I0003064,O001067,P0021,1,417.20,32.95
I0003065,O001067,P0022,1,378.28,26.15
I0003066,O001068,P0191,1,67.73,12.33
I0003067,O001068,P0192,5,122.04,28.40
I0003068,O001068,P0159,4,98.90,28.97
I0003069,O001068,P0159,2,122.24,13.94
I0003070,O001069,P0381,3,91.70,23.03
I0003071,O001069,P0382,4,251.86,30.08
I0003072,O001069,P0305,5,250.90,29.68
I0003073,O001070,P0160,4,117.57,34.31
I0003074,O001070,P0166,5,122.89,23.53
I0003075,O001071,P0451,4,86.33,26.91
I0003076,O001071,P0452,2,50.12,6.64
I0003077,O001071,P0463,5,87.68,32.94
I0003078,O001072,P0381,4,62.54,31.39
I0003079,O001072,P0382,2,342.44,7.22
I0003080,O001072,P0302,3,216.13,9.57
I0003081,O001073,P0361,3,289.50,12.67
I0003082,O001073,P0362,2,333.26,0.29
I0003083,O001073,P0303,1,148.98,26.86
I0003084,O001073,P0315,3,180.81,13.00
I0003085,O001074,P0004,1,200.53,22.42
I0003086,O001074,P0009,5,418.00,18.84
I0003087,O001075,P0381,5,96.94,3.38
I0003088,O001075,P0382,5,195.96,3.25
I0003089,O001075,P0302,5,309.95,31.54
I0003090,O001076,P0061,3,243.84,16.57
I0003091,O001076,P0062,3,351.33,14.60
I0003092,O001076,P0007,4,250.10,33.26
I0003093,O001076,P0011,2,484.70,5.22
I0003094,O001077,P0021,5,468.32,8.81
I0003095,O001077,P0022,2,532.83,6.53
I0003096,O001077,P0002,4,303.91,9.17
I0003097,O001078,P0165,2,61.83,16.54
I0003098,O001078,P0153,2,113.46,13.65
I0003099,O001078,P0155,4,99.84,27.20
I0003100,O001079,P0151,3,86.46,13.57
I0003101,O001079,P0152,4,113.17,20.68
I0003102,O001079,P0154,3,44.49,12.34
I0003103,O001080,P0158,5,127.16,20.99
I0003104,O001080,P0160,1,179.43,28.48
I0003105,O001081,P0305,4,344.09,17.47
I0003106,O001081,P0304,4,121.55,32.14
I0003107,O001081,P0312,2,419.85,20.42
I0003108,O001081,P0319,5,299.04,5.61
I0003109,O001082,P0467,4,71.60,16.09
I0003110,O001082,P0457,4,73.62,16.07
I0003111,O001082,P0463,4,97.99,34.93
I0003112,O001082,P0468,2,47.63,23.53
I0003113,O001083,P0457,5,83.53,33.54
I0003114,O001083,P0467,3,88.41,26.69
I0003115,O001084,P0014,4,361.91,1.28
I0003116,O001084,P0019,2,99.21,9.56
I0003117,O001084,P0006,3,71.05,7.08
I0003118,O001085,P0164,4,120.52,9.15
I0003119,O001085,P0162,4,70.39,16.37
I0003120,O001085,P0154,2,40.33,0.66
I0003121,O001086,P0018,4,217.15,5.84
I0003122,O001086,P0012,4,505.87,6.91
I0003123,O001086,P0019,4,115.82,24.13
I0003124,O001087,P0181,5,95.12,8.99
I0003125,O001087,P0182,1,85.17,27.11
I0003126,O001087,P0160,2,207.93,22.83
I0003127,O001088,P0001,3,259.09,2.87
I0003128,O001088,P0002,2,401.56,33.85
I0003129,O001088,P0002,5,544.85,14.44
I0003130,O001089,P0019,4,118.99,23.15
I0003131,O001089,P0003,2,84.46,20.03
I0003132,O001089,P0011,4,363.91,6.35
I0003133,O001089,P0016,4,69.24,28.03
I0003134,O001090,P0159,3,196.31,3.62
I0003135,O001090,P0162,2,54.14,23.87
I0003136,O001090,P0170,-2,117.40,17.11
I0003137,O001091,P0061,3,318.03,1.22
I0003138,O001091,P0062,5,313.51,16.60
I0003139,O001092,P0021,4,268.50,7.03
I0003140,O001092,P0022,3,507.76,30.98
I0003141,O001092,P0016,3,100.74,28.30
I0003142,O001092,P0002,5,469.82,22.95
I0003143,O001093,P0361,1,411.69,25.09
I0003144,O001093,P0362,5,333.64,8.45
I0003145,O001093,P0309,5,398.65,19.57
I0003146,O001093,P0311,5,346.84,11.02
I0003147,O001094,P0316,3,151.17,7.56
I0003148,O001094,P0317,5,146.34,20.31
I0003149,O001094,P0301,5,132.82,14.25
I0003150,O001094,P0312,1,222.75,32.16
I0003151,O001095,P0309,2,314.39,1.61
I0003152,O001095,P0301,4,169.09,18.08
I0003153,O001096,P0461,3,83.99,27.43
I0003154,O001096,P0462,5,77.30,20.81
I0003155,O001096,P0466,1,58.56,28.55
I0003156,O001097,P0021,4,372.16,16.15
I0003157,O001097,P0022,1,361.97,6.87
I0003158,O001098,P0461,2,139.90,31.89
I0003159,O001098,P0462,4,99.47,6.50
I0003160,O001098,P0461,4,133.55,16.46
I0003161,O001098,P0451,5,64.91,2.98
I0003162,O001099,P0061,3,223.42,20.94
I0003163,O001099,P0062,2,369.54,3.59
I0003164,O001099,P0015,5,409.07,8.70
I0003165,O001100,P0312,4,400.52,9.36
I0003166,O001100,P0304,3,129.61,26.65
I0003167,O001100,P0301,2,173.36,25.58
I0003168,O001101,P0301,5,195.24,6.62
I0003169,O001101,P0302,4,310.57,17.71
I0003170,O001102,P0191,3,82.35,19.28
I0003171,O001102,P0192,2,154.63,20.57
I0003172,O001103,P0002,2,353.19,29.17
I0003173,O001103,P0004,4,167.61,20.93
I0003174,O001103,P0012,2,378.65,0.75
I0003175,O001104,P0021,4,424.33,29.46
I0003176,O001104,P0022,5,363.98,5.72
I0003177,O001104,P0009,3,309.64,3.27
I0003178,O001105,P0451,3,76.53,33.87
I0003179,O001105,P0452,5,65.61,10.08
I0003180,O001105,P0452,4,68.90,26.48
I0003181,O001105,P0469,2,116.42,20.54
I0003182,O001106,P0321,2,162.67,6.57
I0003183,O001106,P0322,3,361.15,9.61
I0003184,O001107,P0151,5,170.84,4.34
I0003185,O001107,P0152,4,110.78,10.62
I0003186,O001108,P0021,4,352.23,4.77
I0003187,O001108,P0022,1,525.03,1.44
I0003188,O001108,P0001,3,347.63,29.77
I0003189,O001109,P0317,4,108.59,27.16
I0003190,O001109,P0305,5,352.43,32.68
I0003191,O001109,P0305,1,408.18,12.95
I0003192,O001110,P0451,3,65.02,9.98
I0003193,O001110,P0452,5,81.79,9.95
I0003194,O001110,P0466,1,78.08,14.56
I0003195,O001111,P0165,1,97.52,27.69
I0003196,O001111,P0164,4,190.42,31.89
I0003197,O001111,P0165,1,67.60,16.89
I0003198,O001111,P0159,2,191.98,28.60
I0003199,O001112,P0041,2,192.65,19.54
I0003200,O001112,P0042,4,347.42,27.80
I0003201,O001112,P0004,5,177.68,30.12
I0003202,O001113,P0001,3,309.67,2.78
I0003203,O001113,P0002,1,522.48,19.57
I0003204,O001114,P0381,5,109.78,1.17
I0003205,O001114,P0382,2,205.00,2.74
I0003206,O001114,P0301,1,139.44,5.66
I0003207,O001115,P0001,1,372.89,22.27
I0003208,O001115,P0002,3,483.24,21.52
I0003209,O001115,P0008,4,365.47,15.74
I0003210,O001116,P0301,3,154.71,26.00
I0003211,O001116,P0302,3,243.49,5.21
I0003212,O001116,P0306,5,182.50,1.05
I0003213,O001117,P0467,5,72.17,28.87
I0003214,O001117,P0453,1,131.44,10.89
I0003215,O001117,P0468,5,62.48,33.25
I0003216,O001118,P0461,4,115.22,0.36
I0003217,O001118,P0462,5,127.87,20.42
I0003218,O001118,P0457,5,116.05,28.18
I0003219,O001119,P0181,2,109.47,27.02
I0003220,O001119,P0182,1,79.84,19.61
I0003221,O001120,P0017,3,68.35,32.49
I0003222,O001120,P0011,3,418.38,24.03
I0003223,O001120,P0016,3,106.11,15.73
I0003224,O001120,P0017,1,102.18,16.11
I0003225,O001121,P0158,4,144.25,12.87
I0003226,O001121,P0156,2,118.20,30.90
I0003227,O001122,P0451,5,77.32,2.90
I0003228,O001122,P0452,1,101.64,12.17
I0003229,O001123,P0171,4,60.19,34.83
I0003230,O001123,P0172,-4,131.98,24.21
I0003231,O001123,P0164,4,117.72,7.16
I0003232,O001124,P0471,3,52.52,31.51
I0003233,O001124,P0472,5,103.43,26.83
I0003234,O001125,P0007,-5,170.16,32.98
I0003235,O001125,P0011,1,389.36,31.39
I0003236,O001125,P0017,2,66.96,14.98
I0003237,O001125,P0007,5,319.10,34.24
I0003238,O001126,P0452,2,62.85,21.34
I0003239,O001126,P0460,3,122.97,6.29
I0003240,O001127,P0041,4,196.89,11.61
I0003241,O001127,P0042,4,573.37,31.30
I0003242,O001127,P0009,4,375.06,16.56
I0003243,O001128,P0041,2,247.64,34.01
I0003244,O001128,P0042,2,461.16,8.04
I0003245,O001129,P0171,5,67.87,6.59
I0003246,O001129,P0172,3,95.34,5.18
I0003247,O001129,P0152,3,118.18,18.49
I0003248,O001129,P0165,1,104.75,20.07
I0003249,O001130,P0461,2,90.55,27.11
I0003250,O001130,P0462,3,141.85,7.11
I0003251,O001130,P0457,2,87.67,27.03
I0003252,O001131,P0171,3,46.04,16.18
I0003253,O001131,P0172,5,112.95,3.90
I0003254,O001131,P0152,2,96.80,31.45
I0003255,O001131,P0155,5,173.37,32.21
I0003256,O001132,P0008,5,313.62,25.24
I0003257,O001132,P0001,2,256.55,13.24
I0003258,O001132,P0003,2,64.43,22.77
I0003259,O001132,P0002,1,624.58,13.15
I0003260,O001133,P0005,4,248.62,12.90
I0003261,O001133,P0011,1,492.58,34.67
I0003262,O001133,P0019,4,155.35,13.72
I0003263,O001133,P0007,2,256.34,22.68
I0003264,O001134,P0001,1,377.39,17.94
I0003265,O001134,P0002,2,310.16,21.22
I0003266,O001134,P0004,5,148.94,0.11
I0003267,O001135,P0171,5,42.82,32.52
I0003268,O001135,P0172,1,114.68,28.81
I0003269,O001135,P0156,4,93.30,23.49
I0003270,O001135,P0167,5,130.88,30.83
I0003271,O001136,P0181,1,90.23,30.29
I0003272,O001136,P0182,5,126.90,12.89
I0003273,O001136,P0155,5,180.26,23.20
I0003274,O001137,P0017,5,91.31,6.62
I0003275,O001137,P0014,3,241.03,3.96
I0003276,O001138,P0018,5,171.07,13.05
I0003277,O001138,P0010,1,293.19,4.35
I0003278,O001138,P0007,4,309.53,21.41
I0003279,O001139,P0458,4,81.12,7.59
I0003280,O001139,P0468,4,73.83,18.05
I0003281,O001140,P0016,4,94.77,3.98
I0003282,O001140,P0009,3,365.87,23.26
I0003283,O001140,P0016,2,69.51,8.08
I0003284,O001141,P0191,3,59.01,26.53
I0003285,O001141,P0192,4,100.76,16.88
I0003286,O001141,P0165,2,107.38,19.69
I0003287,O001142,P0021,4,235.08,20.57
I0003288,O001142,P0022,2,347.80,21.66
I0003289,O001142,P0016,3,86.59,24.56
I0003290,O001142,P0012,2,646.57,6.53
I0003291,O001143,P0001,5,380.30,9.53
I0003292,O001143,P0002,1,510.38,9.54
I0003293,O001143,P0013,4,469.65,2.36
I0003294,O001144,P0451,5,123.88,26.69
I0003295,O001144,P0452,2,62.83,15.69
I0003296,O001144,P0457,1,90.57,27.88
I0003297,O001145,P0014,3,298.71,10.57
I0003298,O001145,P0010,-3,254.24,34.62
I0003299,O001145,P0006,3,131.22,29.07
I0003300,O001146,P0008,5,255.22,31.96
I0003301,O001146,P0010,1,388.82,29.16
I0003302,O001146,P0008,2,320.44,1.77
I0003303,O001146,P0009,1,446.62,18.39
I0003304,O001147,P0001,1,309.00,3.73
I0003305,O001147,P0006,4,91.07,1.46
I0003306,O001147,P0006,3,82.05,29.05
I0003307,O001148,P0020,5,116.29,24.38
I0003308,O001148,P0003,3,57.27,22.64
I0003309,O001148,P0011,3,457.89,19.21
I0003310,O001149,P0006,1,127.68,9.46
I0003311,O001149,P0019,5,125.19,26.29
I0003312,O001149,P0019,5,195.06,24.27
I0003313,O001150,P0010,5,302.38,18.22
I0003314,O001150,P0014,4,278.91,2.59
I0003315,O001150,P0020,4,70.75,27.98
I0003316,O001150,P0017,1,80.72,23.38
I0003317,O001151,P0151,3,166.77,3.44
I0003318,O001151,P0152,5,159.62,7.62
I0003319,O001152,P0159,2,113.20,13.76
I0003320,O001152,P0163,3,88.30,5.53
I0003321,O001153,P0021,5,378.81,25.61
I0003322,O001153,P0022,4,537.65,17.27
I0003323,O001153,P0005,5,218.81,31.85
I0003324,O001154,P0452,3,94.24,24.46
I0003325,O001154,P0451,5,117.00,0.65
I0003326,O001154,P0458,3,94.74,17.26
I0003327,O001155,P0019,2,145.94,29.54
I0003328,O001155,P0007,5,263.85,11.17
I0003329,O001155,P0019,5,163.71,28.17
I0003330,O001155,P0006,2,104.50,31.77
I0003331,O001156,P0451,1,108.53,23.86
I0003332,O001156,P0452,4,84.51,11.16
I0003333,O001156,P0453,1,144.92,12.12
I0003334,O001157,P0171,4,76.87,15.96
I0003335,O001157,P0172,1,86.93,2.47
I0003336,O001157,P0157,5,65.65,31.92
I0003337,O001158,P0041,3,233.09,25.99
I0003338,O001158,P0042,3,375.22,20.36
I0003339,O001159,P0501,1,38.55,26.47
I0003340,O001159,P0502,1,107.65,11.73
I0003341,O001160,P0015,5,254.92,28.89
I0003342,O001160,P0002,5,327.62,2.21
I0003343,O001160,P0007,2,304.92,22.88
I0003344,O001160,P0006,3,89.01,30.13
I0003345,O001161,P0001,4,337.28,34.09
I0003346,O001161,P0002,3,539.20,11.70
I0003347,O001161,P0018,5,186.97,0.92
I0003348,O001161,P0017,4,59.67,28.04
I0003349,O001162,P0301,4,128.56,1.59
I0003350,O001162,P0318,4,69.18,22.20
I0003351,O001163,P0321,2,101.57,10.90
I0003352,O001163,P0322,1,437.22,10.74
I0003353,O001163,P0301,1,169.56,2.32
I0003354,O001163,P0309,3,309.34,13.83
I0003355,O001164,P0041,3,229.77,4.48
I0003356,O001164,P0042,2,414.82,30.12
I0003357,O001165,P0151,5,96.86,7.46
I0003358,O001165,P0152,2,167.40,7.81
I0003359,O001166,P0001,5,445.05,7.82
I0003360,O001166,P0002,5,593.36,1.07
I0003361,O001166,P0015,1,353.01,27.26
I0003362,O001167,P0021,3,285.68,13.70
I0003363,O001167,P0022,2,585.40,28.95
I0003364,O001168,P0171,1,42.12,34.20
I0003365,O001168,P0172,3,139.90,6.90
I0003366,O001169,P0301,5,174.47,32.87
I0003367,O001169,P0302,5,277.48,15.96
I0003368,O001170,P0310,3,205.39,17.21
I0003369,O001170,P0313,3,135.99,31.07
I0003370,O001170,P0304,4,131.76,14.31
I0003371,O001170,P0315,2,148.51,9.57
I0003372,O001171,P0001,2,362.44,16.32
I0003373,O001171,P0002,3,352.57,16.21
I0003374,O001172,P0061,2,289.01,28.38
I0003375,O001172,P0062,2,306.77,2.00
I0003376,O001172,P0009,5,347.23,3.54
I0003377,O001173,P0151,1,94.71,32.72
I0003378,O001173,P0152,2,126.93,26.87
I0003379,O001174,P0001,3,462.58,16.61
I0003380,O001174,P0002,2,380.16,26.56
I0003381,O001175,P0021,1,249.70,22.73
I0003382,O001175,P0022,1,320.65,11.78
I0003383,O001176,P0301,4,151.02,22.64
I0003384,O001176,P0302,3,273.42,33.12
I0003385,O001176,P0310,3,276.58,19.62
I0003386,O001177,P0311,5,427.93,14.05
I0003387,O001177,P0318,5,90.52,18.69
I0003388,O001178,P0381,3,56.66,7.22
I0003389,O001178,P0382,3,328.61,6.00
I0003390,O001178,P0317,4,75.55,28.21
I0003391,O001179,P0462,3,105.59,16.88
I0003392,O001179,P0456,1,88.61,9.26
I0003393,O001179,P0459,4,86.96,9.88
I0003394,O001179,P0466,2,45.28,19.89
I0003395,O001180,P0471,2,64.99,13.29
I0003396,O001180,P0472,4,71.97,31.01
I0003397,O001180,P0460,3,77.26,12.62
I0003398,O001181,P0004,2,123.34,24.00
I0003399,O001181,P0016,5,70.14,2.06
I0003400,O001181,P0010,5,257.03,23.59
I0003401,O001182,P0021,3,328.67,9.19
I0003402,O001182,P0022,5,490.69,26.20
I0003403,O001182,P0019,1,132.39,15.97
I0003404,O001183,P0165,1,66.67,5.08
I0003405,O001183,P0154,2,26.08,20.99
I0003406,O001183,P0167,3,128.07,3.58
I0003407,O001183,P0158,1,169.42,26.83
I0003408,O001184,P0451,5,122.46,24.76
I0003409,O001184,P0462,3,122.39,5.67
I0003410,O001184,P0451,5,105.50,11.85
I0003411,O001185,P0471,4,75.56,8.02
I0003412,O001185,P0472,5,76.92,27.56
I0003413,O001185,P0457,5,117.58,21.28
I0003414,O001186,P0321,5,171.24,24.39
I0003415,O001186,P0322,3,421.94,13.39
I0003416,O001186,P0309,3,289.70,17.39
I0003417,O001187,P0041,2,196.26,29.04
I0003418,O001187,P0042,3,472.80,34.61
I0003419,O001187,P0008,1,363.29,25.97
I0003420,O001187,P0015,4,405.62,26.85
I0003421,O001188,P0004,3,139.25,8.59
I0003422,O001188,P0017,2,87.31,27.03
I0003423,O001188,P0019,5,103.64,11.47
I0003424,O001188,P0009,4,347.87,16.26
I0003425,O001189,P0001,3,473.07,16.27
I0003426,O001189,P0020,4,66.64,7.74
I0003427,O001189,P0010,3,302.32,19.12
I0003428,O001190,P0010,2,203.78,21.65
I0003429,O001190,P0011,4,506.06,13.68
I0003430,O001191,P0461,3,89.50,23.17
I0003431,O001191,P0462,4,136.37,5.12
I0003432,O001191,P0468,2,60.19,6.77
I0003433,O001192,P0315,3,200.46,24.32
I0003434,O001192,P0318,1,101.97,15.63
I0003435,O001192,P0318,4,68.61,22.60
I0003436,O001193,P0001,5,344.48,9.31
I0003437,O001193,P0002,2,470.89,5.15
I0003438,O001194,P0015,5,294.40,20.30
I0003439,O001194,P0012,2,359.71,1.76
I0003440,O001195,P0041,3,154.26,8.72
I0003441,O001195,P0042,5,425.43,17.71
I0003442,O001195,P0003,2,57.19,8.19
I0003443,O001196,P0018,3,113.79,33.38
I0003444,O001196,P0007,4,175.13,31.86
I0003445,O001196,P0014,3,288.26,6.62
I0003446,O001196,P0020,5,86.42,32.77
I0003447,O001197,P0381,1,98.72,8.66
I0003448,O001197,P0382,4,311.87,25.66
I0003449,O001198,P0151,1,174.08,29.17
I0003450,O001198,P0161,4,33.19,10.17
I0003451,O001198,P0159,3,126.89,9.59
I0003452,O001199,P0321,2,91.97,5.64
I0003453,O001199,P0322,2,398.08,20.48
I0003454,O001200,P0010,4,393.46,9.05
I0003455,O001200,P0009,3,332.78,27.83
I0003456,O001201,P0001,4,329.14,22.85
I0003457,O001201,P0002,4,545.64,13.98
I0003458,O001201,P0013,4,451.50,13.47
I0003459,O001201,P0010,1,398.62,1.64
I0003460,O001202,P0191,2,68.06,18.81
I0003461,O001202,P0192,4,122.25,17.54
I0003462,O001203,P0041,5,250.02,16.36
I0003463,O001203,P0042,4,417.44,23.99
I0003464,O001203,P0020,4,109.67,4.89
I0003465,O001204,P0321,1,159.15,31.39
I0003466,O001204,P0322,4,457.51,17.79
I0003467,O001204,P0308,5,284.56,17.56
I0003468,O001205,P0061,5,352.42,12.13
I0003469,O001205,P0062,5,223.05,2.55
I0003470,O001206,P0361,5,414.11,7.12
I0003471,O001206,P0362,3,251.54,30.98
I0003472,O001206,P0308,3,221.26,22.87
I0003473,O001207,P0005,2,165.12,16.47
I0003474,O001207,P0009,5,366.12,13.77
I0003475,O001207,P0014,1,275.88,15.11
I0003476,O001207,P0020,4,89.69,20.64
I0003477,O001208,P0465,3,49.20,4.50
I0003478,O001208,P0456,3,92.84,20.02
I0003479,O001209,P0021,5,331.33,7.60
I0003480,O001209,P0022,-3,365.15,23.73
I0003481,O001210,P0061,5,234.82,33.05
I0003482,O001210,P0062,2,345.72,2.29
I0003483,O001211,P0020,5,118.63,18.04
I0003484,O001211,P0007,3,268.60,16.30
I0003485,O001211,P0008,1,181.22,32.48
I0003486,O001212,P0316,3,203.36,7.72
I0003487,O001212,P0316,4,154.78,13.92
I0003488,O001213,P0061,2,195.50,31.20
I0003489,O001213,P0062,5,337.98,20.20
I0003490,O001214,P0061,3,336.98,18.89
I0003491,O001214,P0062,4,280.40,31.21
I0003492,O001214,P0020,1,70.90,24.67
I0003493,O001215,P0041,1,213.07,27.56
I0003494,O001215,P0042,1,576.06,28.07
I0003495,O001216,P0463,5,86.28,28.83
I0003496,O001216,P0459,2,122.31,14.64
I0003497,O001216,P0460,1,77.20,26.61
I0003498,O001217,P0061,4,184.40,21.95
I0003499,O001217,P0062,1,362.06,11.19
I0003500,O001217,P0017,3,89.13,7.64
I0003501,O001218,P0061,4,342.66,9.93
I0003502,O001218,P0062,4,205.35,5.80
I0003503,O001218,P0016,4,104.69,8.45
I0003504,O001218,P0015,4,348.65,7.71
I0003505,O001219,P0303,4,153.24,27.57
I0003506,O001219,P0317,5,104.58,23.61
I0003507,O001220,P0308,3,240.15,19.93
I0003508,O001220,P0315,5,180.91,22.31
I0003509,O001220,P0311,1,245.20,33.98
I0003510,O001221,P0501,4,32.42,2.45
I0003511,O001221,P0502,4,71.08,2.01
I0003512,O001221,P0464,2,15.41,2.71
I0003513,O001222,P0001,1,379.07,31.42
I0003514,O001222,P0002,5,451.19,15.14
I0003515,O001222,P0010,5,364.52,6.93
I0003516,O001223,P0501,4,36.10,10.62
I0003517,O001223,P0502,4,75.13,10.80
I0003518,O001223,P0467,5,95.56,28.69
I0003519,O001224,P0181,4,117.99,22.16
I0003520,O001224,P0182,2,115.00,13.20
I0003521,O001225,P0016,2,92.34,6.74
I0003522,O001225,P0002,4,383.82,8.80
I0003523,O001225,P0009,3,323.82,3.69
I0003524,O001226,P0381,5,92.57,27.87
I0003525,O001226,P0382,3,234.73,18.20
I0003526,O001226,P0301,3,170.29,3.03
I0003527,O001226,P0308,2,216.55,19.65
I0003528,O001227,P0461,2,106.18,17.28
I0003529,O001227,P0462,1,115.94,21.35
I0003530,O001227,P0457,1,105.93,30.68
I0003531,O001228,P0321,2,168.91,8.48
I0003532,O001228,P0322,-3,425.22,10.19
I0003533,O001228,P0303,1,119.30,16.98
I0003534,O001229,P0008,1,274.84,11.21
I0003535,O001229,P0004,5,102.23,0.20
I0003536,O001229,P0015,4,348.90,26.31
I0003537,O001230,P0061,4,197.01,31.96
I0003538,O001230,P0062,1,241.31,21.66
I0003539,O001231,P0001,5,393.12,22.99
I0003540,O001231,P0002,2,304.74,30.43
I0003541,O001232,P0301,3,186.64,4.86
I0003542,O001232,P0302,2,192.75,15.78
I0003543,O001233,P0041,1,156.13,13.52
I0003544,O001233,P0042,1,514.83,2.92
I0003545,O001234,P0301,2,141.41,13.89
I0003546,O001234,P0302,2,235.13,8.19
I0003547,O001234,P0311,3,218.41,20.07
I0003548,O001235,P0191,5,42.21,9.08
I0003549,O001235,P0192,2,98.00,32.52
I0003550,O001236,P0001,5,361.29,5.72
I0003551,O001236,P0002,5,620.32,8.48
I0003552,O001236,P0003,5,61.14,0.90
I0003553,O001237,P0061,3,181.39,31.00
I0003554,O001237,P0062,1,187.52,10.60
I0003555,O001237,P0018,3,116.12,16.42
I0003556,O001238,P0171,2,59.95,6.83
I0003557,O001238,P0172,1,150.33,27.49
I0003558,O001238,P0167,3,125.52,23.11
I0003559,O001238,P0168,5,29.50,2.81
I0003560,O001239,P0501,3,45.52,31.57
I0003561,O001239,P0502,1,60.86,19.76
I0003562,O001239,P0465,4,67.50,19.89
I0003563,O001240,P0461,2,110.74,8.81
I0003564,O001240,P0462,4,91.70,17.67
I0003565,O001241,P0061,2,323.60,12.63
I0003566,O001241,P0062,2,373.16,33.51
I0003567,O001242,P0021,4,297.36,10.01
I0003568,O001242,P0022,4,376.77,19.50
I0003569,O001242,P0013,5,472.45,12.14
I0003570,O001243,P0308,2,396.19,31.32
I0003571,O001243,P0308,2,218.65,3.65
I0003572,O001244,P0311,5,428.17,14.55
I0003573,O001244,P0306,3,225.22,6.37
I0003574,O001245,P0021,3,299.04,19.87
I0003575,O001245,P0022,5,350.61,28.45
I0003576,O001246,P0061,3,317.67,22.46
I0003577,O001246,P0062,5,310.99,10.09
I0003578,O001246,P0009,2,462.11,6.07
I0003579,O001247,P0453,2,156.94,16.80
I0003580,O001247,P0467,5,50.28,33.53
I0003581,O001247,P0458,1,63.43,11.35
I0003582,O001248,P0013,1,310.74,1.66
I0003583,O001248,P0006,-5,128.40,22.12
I0003584,O001248,P0010,1,349.09,20.66
I0003585,O001249,P0151,3,139.79,24.50
I0003586,O001249,P0152,4,82.65,2.71
I0003587,O001249,P0167,2,92.31,20.35
I0003588,O001249,P0166,1,79.92,4.86
I0003589,O001250,P0041,5,140.84,13.69
I0003590,O001250,P0042,4,453.08,4.94
I0003591,O001251,P0301,1,152.73,9.44
I0003592,O001251,P0302,2,271.28,7.80
I0003593,O001252,P0166,4,70.44,8.04
I0003594,O001252,P0170,5,97.31,16.42
I0003595,O001252,P0167,1,162.06,7.31
I0003596,O001253,P0021,4,366.76,34.13
I0003597,O001253,P0022,5,534.70,30.61
I0003598,O001253,P0008,4,303.34,21.66
I0003599,O001254,P0001,3,437.17,3.05
I0003600,O001254,P0002,3,343.64,5.78
I0003601,O001255,P0041,3,178.09,13.07
I0003602,O001255,P0042,5,481.58,16.47
I0003603,O001256,P0466,2,71.91,26.23
I0003604,O001256,P0459,5,88.66,5.97
I0003605,O001257,P0316,4,202.26,19.69
I0003606,O001257,P0319,4,328.68,5.67
I0003607,O001257,P0306,5,216.09,23.75
I0003608,O001258,P0381,5,80.46,11.21
I0003609,O001258,P0382,5,231.18,24.75
I0003610,O001259,P0021,2,352.40,4.93
I0003611,O001259,P0022,5,362.71,30.98
I0003612,O001259,P0002,2,495.97,18.40
I0003613,O001260,P0001,4,251.99,2.98
I0003614,O001260,P0002,2,317.26,8.58
I0003615,O001260,P0020,1,62.80,28.53
I0003616,O001261,P0321,1,92.43,16.49
I0003617,O001261,P0322,5,439.05,23.95
I0003618,O001262,P0151,3,107.97,33.70
I0003619,O001262,P0152,1,152.86,24.35
I0003620,O001262,P0157,2,39.10,1.77
I0003621,O001263,P0001,5,327.78,26.08
I0003622,O001263,P0002,1,403.81,26.13
I0003623,O001263,P0007,4,187.38,8.76
I0003624,O001264,P0381,5,95.70,8.92
I0003625,O001264,P0382,1,251.74,1.91
I0003626,O001264,P0318,2,95.27,11.45
I0003627,O001264,P0308,3,282.61,23.33
I0003628,O001265,P0320,3,357.07,28.95
I0003629,O001265,P0303,3,208.08,12.54
I0003630,O001265,P0319,5,406.40,2.35
I0003631,O001266,P0041,4,185.78,18.84
I0003632,O001266,P0042,4,558.16,27.56
I0003633,O001266,P0017,1,98.48,20.97
I0003634,O001267,P0191,1,83.03,26.00
I0003635,O001267,P0192,4,79.21,24.19
I0003636,O001268,P0321,3,157.43,26.10
I0003637,O001268,P0322,3,338.27,11.33
I0003638,O001269,P0381,4,108.63,23.80
I0003639,O001269,P0382,4,264.02,17.78
I0003640,O001269,P0303,4,122.88,11.38
I0003641,O001270,P0463,3,114.67,11.96
I0003642,O001270,P0459,1,73.81,14.47
I0003643,O001270,P0464,2,18.14,20.55
I0003644,O001271,P0191,5,68.35,19.37
I0003645,O001271,P0192,4,135.13,17.76
I0003646,O001271,P0168,2,33.44,2.98
I0003647,O001271,P0163,3,45.23,5.67
I0003648,O001272,P0321,4,84.89,4.22
I0003649,O001272,P0322,-5,400.77,25.15
I0003650,O001272,P0308,1,292.73,34.06
I0003651,O001273,P0061,4,296.65,12.35
I0003652,O001273,P0062,5,303.11,10.13
I0003653,O001273,P0007,1,216.40,2.27
I0003654,O001274,P0160,2,184.62,11.37
I0003655,O001274,P0163,5,78.59,29.37
I0003656,O001274,P0157,2,54.45,26.35
I0003657,O001275,P0001,5,415.13,3.29
I0003658,O001275,P0002,1,548.98,16.33
I0003659,O001276,P0041,3,191.26,29.72
I0003660,O001276,P0042,4,388.14,6.74
I0003661,O001276,P0006,5,106.90,25.10
I0003662,O001277,P0021,3,408.31,4.42
I0003663,O001277,P0022,3,429.91,29.07
I0003664,O001278,P0061,5,204.19,29.72
I0003665,O001278,P0062,5,299.84,17.52
I0003666,O001278,P0011,2,521.26,8.33
I0003667,O001279,P0155,5,171.15,22.94
I0003668,O001279,P0163,2,73.07,0.83
I0003669,O001279,P0154,3,35.68,19.67
I0003670,O001280,P0003,1,97.11,12.01
I0003671,O001280,P0008,3,317.78,20.39
I0003672,O001280,P0018,5,177.75,25.21
I0003673,O001280,P0018,3,130.28,33.11
I0003674,O001281,P0061,1,281.68,11.45
I0003675,O001281,P0062,4,319.76,17.25
I0003676,O001281,P0004,2,116.19,23.41
I0003677,O001282,P0171,2,85.69,15.50
I0003678,O001282,P0172,5,129.94,7.82
I0003679,O001282,P0164,4,128.28,31.35
I0003680,O001283,P0181,4,124.89,16.74
I0003681,O001283,P0182,4,116.74,7.04
I0003682,O001283,P0169,3,62.50,20.89
I0003683,O001284,P0171,1,47.33,29.74
I0003684,O001284,P0172,4,87.87,20.64
I0003685,O001284,P0168,5,21.18,9.52
I0003686,O001285,P0170,1,67.09,2.46
I0003687,O001285,P0165,5,119.00,32.38
I0003688,O001285,P0151,2,131.44,11.21
I0003689,O001286,P0021,5,278.88,20.10
I0003690,O001286,P0022,1,418.21,2.37
I0003691,O001286,P0004,5,123.32,0.46
I0003692,O001287,P0151,2,151.78,7.99
I0003693,O001287,P0152,4,131.00,24.84
I0003694,O001288,P0153,4,108.70,19.75
I0003695,O001288,P0157,2,55.78,18.68
I0003696,O001288,P0160,2,104.62,3.50
I0003697,O001288,P0151,5,99.81,26.47
I0003698,O001289,P0021,2,364.17,19.28
I0003699,O001289,P0022,5,561.21,3.69
I0003700,O001290,P0168,2,33.92,30.61
I0003701,O001290,P0168,4,29.26,34.39
I0003702,O001290,P0170,2,82.92,12.51
I0003703,O001290,P0155,1,112.96,29.26
I0003704,O001291,P0013,4,460.01,16.29
I0003705,O001291,P0011,3,334.80,29.45
I0003706,O001291,P0011,3,449.87,3.32
I0003707,O001292,P0018,5,192.45,22.91
I0003708,O001292,P0005,3,253.40,24.75
I0003709,O001292,P0011,1,519.07,26.67
I0003710,O001292,P0005,2,166.21,15.15
I0003711,O001293,P0041,4,273.60,30.08
I0003712,O001293,P0042,3,384.25,2.12
I0003713,O001293,P0017,3,83.75,14.99
I0003714,O001293,P0007,2,292.79,31.50
I0003715,O001294,P0021,4,304.85,30.82
I0003716,O001294,P0022,4,570.27,32.85
I0003717,O001294,P0003,2,61.42,19.04
I0003718,O001295,P0309,2,417.84,6.30
I0003719,O001295,P0316,3,203.75,0.86
I0003720,O001295,P0314,4,142.92,9.77
I0003721,O001296,P0159,2,174.53,24.95
I0003722,O001296,P0153,-5,73.67,26.38
I0003723,O001297,P0041,2,177.61,31.41
I0003724,O001297,P0042,2,311.23,26.80
I0003725,O001298,P0451,5,81.17,15.64
I0003726,O001298,P0452,5,100.58,12.61
I0003727,O001299,P0061,3,234.79,10.23
I0003728,O001299,P0062,5,267.49,1.77
I0003729,O001299,P0018,3,128.81,0.71
I0003730,O001300,P0471,4,54.07,3.61
I0003731,O001300,P0472,2,129.95,5.33
I0003732,O001301,P0004,2,146.33,26.90
I0003733,O001301,P0013,1,397.99,12.70
I0003734,O001302,P0012,-4,569.82,3.64
I0003735,O001302,P0003,4,79.74,2.79
I0003736,O001303,P0015,5,353.64,6.97
I0003737,O001303,P0009,2,249.15,28.80
I0003738,O001303,P0020,4,116.08,9.71
I0003739,O001304,P0014,5,418.52,9.58
I0003740,O001304,P0012,1,505.34,12.13
I0003741,O001304,P0002,1,451.21,28.01
I0003742,O001304,P0006,3,112.17,26.46
I0003743,O001305,P0021,1,310.48,32.55
I0003744,O001305,P0022,3,457.13,2.82
I0003745,O001305,P0018,5,150.04,25.74
I0003746,O001306,P0318,3,119.64,6.33
I0003747,O001306,P0303,5,126.30,29.57
I0003748,O001306,P0312,5,213.74,34.03
I0003749,O001307,P0303,2,214.85,10.34
I0003750,O001307,P0308,3,287.16,25.97
I0003751,O001308,P0458,5,90.57,12.42
I0003752,O001308,P0466,3,73.44,5.40
I0003753,O001309,P0461,3,131.22,20.68
I0003754,O001309,P0462,3,129.35,11.64
I0003755,O001310,P0061,3,207.71,2.08
I0003756,O001310,P0062,5,238.28,16.47
I0003757,O001311,P0191,2,60.04,23.60
I0003758,O001311,P0192,4,113.07,27.33
I0003759,O001311,P0167,4,119.07,0.17
I0003760,O001312,P0018,3,108.96,7.56
I0003761,O001312,P0019,3,107.93,0.64
I0003762,O001312,P0010,4,296.02,15.44
I0003763,O001313,P0381,3,68.49,22.66
I0003764,O001313,P0382,5,213.59,13.49
I0003765,O001313,P0305,5,398.24,33.14
I0003766,O001314,P0321,3,157.78,29.28
I0003767,O001314,P0322,5,432.08,1.06
I0003768,O001314,P0320,4,388.28,17.11
I0003769,O001315,P0161,1,42.84,8.16
I0003770,O001315,P0169,3,84.31,27.07
I0003771,O001315,P0166,5,89.64,31.80
I0003772,O001316,P0381,1,80.69,24.97
I0003773,O001316,P0382,4,332.61,17.60
I0003774,O001316,P0307,4,135.65,28.07
I0003775,O001316,P0302,3,325.04,20.17
I0003776,O001317,P0061,2,353.27,13.48
I0003777,O001317,P0062,5,289.19,2.33
I0003778,O001317,P0015,5,393.68,5.82
I0003779,O001317,P0004,2,169.43,29.68
I0003780,O001318,P0191,3,50.85,24.96
I0003781,O001318,P0192,5,91.84,31.47
I0003782,O001318,P0162,1,52.42,19.79
I0003783,O001319,P0151,4,90.48,25.70
I0003784,O001319,P0151,1,118.90,1.58
I0003785,O001320,P0321,3,151.16,17.62
I0003786,O001320,P0322,3,286.39,32.34
I0003787,O001320,P0306,5,291.66,24.89
I0003788,O001321,P0381,4,95.59,12.82
I0003789,O001321,P0382,2,321.41,24.58
I0003790,O001321,P0309,1,476.35,16.95
I0003791,O001321,P0315,2,221.43,11.29
I0003792,O001322,P0301,3,177.67,32.49
I0003793,O001322,P0304,1,88.11,32.37
I0003794,O001323,P0001,4,263.27,5.45
I0003795,O001323,P0015,3,229.57,15.05
I0003796,O001324,P0021,4,352.55,22.02
I0003797,O001324,P0022,4,445.05,4.74
I0003798,O001324,P0007,1,168.40,25.84
I0003799,O001325,P0167,1,124.43,0.75
I0003800,O001325,P0156,2,114.99,27.84
I0003801,O001325,P0152,5,116.47,2.26
I0003802,O001325,P0157,2,67.87,16.49
I0003803,O001326,P0304,2,169.65,9.71
I0003804,O001326,P0314,1,169.47,17.52
I0003805,O001327,P0181,5,122.10,28.23
I0003806,O001327,P0182,2,87.76,12.49
I0003807,O001327,P0154,1,31.99,11.04
I0003808,O001327,P0158,4,198.60,12.17
I0003809,O001328,P0041,5,181.22,23.58
I0003810,O001328,P0042,3,465.76,22.95
I0003811,O001329,P0021,3,276.46,30.71
I0003812,O001329,P0022,2,366.99,29.23
I0003813,O001329,P0003,3,65.51,30.39
I0003814,O001329,P0019,4,150.54,0.70
I0003815,O001330,P0501,3,39.18,28.43
I0003816,O001330,P0502,5,105.35,27.08
I0003817,O001330,P0461,5,76.40,34.63
I0003818,O001331,P0191,1,76.88,33.19
I0003819,O001331,P0192,4,139.62,31.30
I0003820,O001331,P0158,-2,173.92,21.05
I0003821,O001331,P0165,5,91.06,0.63
I0003822,O001332,P0301,1,160.52,1.17
I0003823,O001332,P0302,2,280.48,31.26
I0003824,O001333,P0321,5,175.41,3.40
I0003825,O001333,P0322,1,325.95,0.77
I0003826,O001334,P0191,1,65.81,6.66
I0003827,O001334,P0192,5,111.31,28.31
I0003828,O001334,P0169,3,90.67,9.22
I0003829,O001335,P0013,5,427.44,7.39
I0003830,O001335,P0012,5,522.64,29.73
I0003831,O001335,P0016,1,99.10,26.38
I0003832,O001335,P0017,2,77.27,12.31
I0003833,O001336,P0041,5,273.70,31.27
I0003834,O001336,P0042,2,566.41,13.49
I0003835,O001337,P0501,5,47.69,0.47
I0003836,O001337,P0502,1,64.94,8.59
I0003837,O001337,P0454,3,34.77,12.91
I0003838,O001338,P0171,5,58.49,21.46
I0003839,O001338,P0172,2,110.80,4.97
I0003840,O001339,P0021,1,431.65,28.74
I0003841,O001339,P0022,2,348.79,33.67
I0003842,O001339,P0016,4,120.54,0.62
I0003843,O001340,P0160,1,126.84,12.77
I0003844,O001340,P0159,2,197.32,29.36
I0003845,O001340,P0165,2,97.35,1.07
I0003846,O001341,P0151,4,85.21,8.07
I0003847,O001341,P0152,1,156.41,6.07
I0003848,O001341,P0160,5,172.98,15.64
I0003849,O001342,P0191,2,82.19,17.24
I0003850,O001342,P0192,3,111.23,8.83
I0003851,O001342,P0155,5,94.54,34.83
I0003852,O001342,P0162,3,61.00,12.05
I0003853,O001343,P0471,3,71.48,0.55
I0003854,O001343,P0472,5,95.32,31.51
I0003855,O001343,P0456,5,100.84,8.63
I0003856,O001344,P0471,3,43.53,22.36
I0003857,O001344,P0472,4,84.93,2.84
I0003858,O001344,P0458,4,87.67,10.14
I0003859,O001345,P0001,2,415.68,11.74
I0003860,O001345,P0002,1,610.89,11.63
I0003861,O001345,P0004,5,168.89,16.12
I0003862,O001346,P0170,5,111.22,19.96
I0003863,O001346,P0166,2,99.69,5.38
I0003864,O001347,P0061,4,186.43,6.38
I0003865,O001347,P0062,5,245.01,11.91
I0003866,O001347,P0020,4,107.57,26.64
I0003867,O001348,P0312,4,419.21,9.55
I0003868,O001348,P0317,5,141.04,31.49
I0003869,O001348,P0316,2,246.29,14.82
I0003870,O001349,P0471,2,45.56,7.60
I0003871,O001349,P0472,4,115.66,8.23
I0003872,O001349,P0453,4,122.37,23.64
I0003873,O001350,P0001,5,237.59,24.81
I0003874,O001350,P0002,1,331.51,0.04
I0003875,O001351,P0021,1,264.42,29.56
I0003876,O001351,P0022,2,444.28,26.27
I0003877,O001351,P0016,2,85.78,14.81
I0003878,O001352,P0381,4,84.04,25.47
I0003879,O001352,P0382,5,206.82,25.53
I0003880,O001352,P0311,2,380.20,26.11
I0003881,O001353,P0003,5,55.71,21.33
I0003882,O001353,P0006,1,78.69,14.17
I0003883,O001353,P0013,4,465.56,13.82
I0003884,O001354,P0013,4,527.98,2.16
I0003885,O001354,P0013,1,294.18,32.40
I0003886,O001354,P0007,4,225.02,2.70
I0003887,O001355,P0451,4,111.14,31.22
I0003888,O001355,P0452,5,89.75,34.78
I0003889,O001355,P0457,2,83.55,32.59
I0003890,O001355,P0462,5,125.88,20.85
I0003891,O001356,P0041,1,263.27,13.45
I0003892,O001356,P0042,4,384.88,24.63
I0003893,O001356,P0019,2,96.84,22.99
I0003894,O001357,P0181,3,179.32,18.42
I0003895,O001357,P0182,1,66.27,20.67
I0003896,O001357,P0170,3,96.97,23.33
I0003897,O001358,P0164,2,190.59,5.30
I0003898,O001358,P0157,2,57.97,7.80
I0003899,O001358,P0151,1,134.80,15.36
I0003900,O001359,P0316,2,157.36,12.60
I0003901,O001359,P0309,1,461.72,8.59
I0003902,O001359,P0314,1,174.32,33.22
I0003903,O001360,P0381,1,59.83,0.42
I0003904,O001360,P0382,4,169.43,31.66
I0003905,O001360,P0318,3,98.74,17.21
I0003906,O001361,P0165,4,105.04,14.29
I0003907,O001361,P0159,4,154.55,30.12
I0003908,O001362,P0016,2,80.49,10.96
I0003909,O001362,P0008,1,202.85,10.14
I0003910,O001363,P0171,3,42.46,18.64
I0003911,O001363,P0172,3,124.48,21.23
I0003912,O001363,P0163,3,64.75,25.22
I0003913,O001364,P0018,5,220.32,9.24
I0003914,O001364,P0009,5,448.15,2.26
I0003915,O001365,P0191,1,65.43,15.55
I0003916,O001365,P0192,5,137.68,32.11
I0003917,O001366,P0191,3,61.94,13.29
I0003918,O001366,P0192,2,77.21,25.53
I0003919,O001366,P0154,2,28.85,32.39
I0003920,O001367,P0464,3,20.55,27.70
I0003921,O001367,P0461,5,115.03,16.53
I0003922,O001367,P0458,2,92.19,0.70
I0003923,O001367,P0457,4,89.02,25.56
I0003924,O001368,P0316,4,232.37,14.87
I0003925,O001368,P0307,2,118.08,20.34
I0003926,O001368,P0315,5,224.95,29.59
I0003927,O001369,P0310,4,252.09,15.53
I0003928,O001369,P0309,1,274.66,21.34
I0003929,O001369,P0312,2,370.18,0.60
I0003930,O001370,P0021,1,391.45,25.82
I0003931,O001370,P0022,5,318.93,15.47
I0003932,O001371,P0315,3,200.36,10.65
I0003933,O001371,P0302,3,292.56,24.17
I0003934,O001371,P0317,4,88.79,13.72
I0003935,O001372,P0018,1,145.46,19.16
I0003936,O001372,P0004,5,191.71,6.41
I0003937,O001373,P0361,4,269.57,8.45
I0003938,O001373,P0362,5,316.77,19.82
I0003939,O001374,P0467,3,70.56,6.96
I0003940,O001374,P0454,4,38.35,1.61
I0003941,O001374,P0464,4,20.55,32.69
I0003942,O001375,P0018,5,181.70,31.92
I0003943,O001375,P0003,3,75.39,7.39
I0003944,O001375,P0001,1,426.76,27.45
I0003945,O001376,P0010,1,219.26,13.26
I0003946,O001376,P0019,3,140.03,23.82
I0003947,O001376,P0008,1,303.83,22.04
I0003948,O001377,P0021,4,371.00,4.55
I0003949,O001377,P0022,4,576.96,19.97
I0003950,O001377,P0002,3,402.28,27.64
I0003951,O001377,P0018,5,159.40,12.19
I0003952,O001378,P0381,4,72.15,17.85
I0003953,O001378,P0382,1,176.14,25.53
I0003954,O001379,P0041,2,241.98,25.54
I0003955,O001379,P0042,3,466.49,33.18
I0003956,O001379,P0020,5,103.40,30.55
I0003957,O001379,P0002,3,560.96,14.60
I0003958,O001380,P0061,4,270.19,4.05
I0003959,O001380,P0062,1,369.40,31.89
I0003960,O001380,P0001,5,293.49,21.93
I0003961,O001380,P0019,1,107.07,6.32
I0003962,O001381,P0061,5,208.06,30.34
I0003963,O001381,P0062,5,251.13,17.44
I0003964,O001381,P0013,5,512.36,17.09
I0003965,O001382,P0166,4,119.28,1.29
I0003966,O001382,P0154,3,44.65,28.94
I0003967,O001383,P0171,5,54.57,34.51
I0003968,O001383,P0172,4,142.41,4.01
I0003969,O001383,P0170,4,102.84,8.90
I0003970,O001384,P0181,-5,163.06,23.45
I0003971,O001384,P0182,3,80.85,23.66
I0003972,O001385,P0381,3,73.27,29.49
I0003973,O001385,P0382,3,218.88,4.64
I0003974,O001385,P0304,3,151.40,30.32
I0003975,O001385,P0312,5,305.03,18.94
I0003976,O001386,P0381,2,55.32,23.24
I0003977,O001386,P0382,2,258.13,32.77
I0003978,O001387,P0165,5,113.72,11.75
I0003979,O001387,P0160,4,196.92,20.32
I0003980,O001387,P0164,3,163.18,15.62
I0003981,O001388,P0501,4,63.80,29.02
I0003982,O001388,P0502,1,76.94,9.12
I0003983,O001388,P0456,4,109.02,11.56
I0003984,O001389,P0154,2,36.49,11.95
I0003985,O001389,P0166,1,95.04,18.69
I0003986,O001389,P0165,1,99.41,27.84
I0003987,O001390,P0191,2,85.35,2.52
I0003988,O001390,P0192,4,119.85,19.05
I0003989,O001391,P0321,2,121.82,34.61
I0003990,O001391,P0322,5,327.92,33.32
I0003991,O001392,P0154,3,45.07,4.39
I0003992,O001392,P0158,5,99.43,11.31
I0003993,O001392,P0161,4,41.56,17.37
I0003994,O001392,P0152,1,93.83,21.53
I0003995,O001393,P0151,4,128.19,6.86
I0003996,O001393,P0152,1,89.15,9.82
I0003997,O001393,P0165,2,70.58,0.35
I0003998,O001393,P0158,4,98.71,1.82
I0003999,O001394,P0015,2,323.22,18.70
I0004000,O001394,P0020,1,62.92,5.89
I0004001,O001395,P0309,2,263.29,20.74
I0004002,O001395,P0302,4,255.57,33.28
I0004003,O001396,P0171,2,49.54,34.38
I0004004,O001396,P0172,2,109.57,34.54
I0004005,O001396,P0169,3,74.50,12.26
I0004006,O001397,P0152,2,86.63,6.59
I0004007,O001397,P0170,3,70.83,30.76
I0004008,O001397,P0169,-3,101.68,24.73
I0004009,O001398,P0301,2,229.68,23.70
I0004010,O001398,P0302,2,216.92,0.25
I0004011,O001399,P0061,4,198.40,27.79
I0004012,O001399,P0062,1,361.97,8.75
I0004013,O001400,P0011,2,433.19,5.51
I0004014,O001400,P0014,4,294.27,12.92
I0004015,O001400,P0015,1,259.85,6.37
I0004016,O001400,P0008,5,209.60,6.50
I0004017,O001401,P0171,5,61.51,10.06
I0004018,O001401,P0172,2,80.22,16.48
I0004019,O001402,P0306,5,188.73,16.26
I0004020,O001402,P0313,1,216.79,29.54
I0004021,O001402,P0304,1,118.34,25.50
I0004022,O001403,P0010,1,380.63,33.82
I0004023,O001403,P0012,4,620.82,32.73
I0004024,O001404,P0451,1,92.14,28.50
I0004025,O001404,P0452,4,97.46,22.73
I0004026,O001404,P0468,4,67.40,31.72
I0004027,O001404,P0462,1,76.76,22.76
I0004028,O001405,P0001,4,479.62,16.45
I0004029,O001405,P0002,3,385.84,1.07
I0004030,O001405,P0008,1,236.93,4.55
I0004031,O001406,P0321,3,160.55,8.87
I0004032,O001406,P0322,2,477.78,23.06
I0004033,O001406,P0310,2,190.76,26.35
I0004034,O001406,P0303,3,222.53,2.19
I0004035,O001407,P0162,4,45.20,9.77
I0004036,O001407,P0154,3,29.84,2.26
I0004037,O001407,P0161,2,30.93,11.37
I0004038,O001407,P0170,5,71.08,15.16
I0004039,O001408,P0004,2,171.40,10.17
I0004040,O001408,P0008,4,303.35,26.49
I0004041,O001409,P0152,1,130.97,26.81
I0004042,O001409,P0154,3,28.78,24.34
I0004043,O001410,P0191,4,79.97,12.70
I0004044,O001410,P0192,1,138.61,11.19
I0004045,O001410,P0155,1,166.85,7.50
I0004046,O001411,P0471,2,39.50,12.25
I0004047,O001411,P0472,2,98.07,18.57
I0004048,O001412,P0001,4,258.18,12.12
I0004049,O001412,P0002,5,359.21,17.08
I0004050,O001413,P0304,5,165.98,11.63
I0004051,O001413,P0315,2,134.92,28.91
I0004052,O001414,P0381,3,77.87,24.12
I0004053,O001414,P0382,4,185.89,9.77
I0004054,O001414,P0314,2,101.07,7.05
I0004055,O001414,P0304,1,144.89,30.20
I0004056,O001415,P0001,3,487.61,4.76
I0004057,O001415,P0002,1,375.03,30.45
I0004058,O001415,P0011,5,495.63,20.11
I0004059,O001416,P0041,1,206.41,21.94
I0004060,O001416,P0042,1,324.15,5.20
I0004061,O001416,P0008,2,200.26,31.09
I0004062,O001417,P0009,1,423.98,28.44
I0004063,O001417,P0017,2,64.03,4.88
I0004064,O001418,P0191,5,79.73,3.67
I0004065,O001418,P0192,5,152.90,19.66
I0004066,O001418,P0157,1,42.77,21.63
I0004067,O001418,P0169,2,71.66,33.12
I0004068,O001419,P0171,5,79.58,10.56
I0004069,O001419,P0172,1,122.70,27.04
I0004070,O001420,P0001,2,458.73,0.53
I0004071,O001420,P0002,5,599.65,11.27
I0004072,O001420,P0015,1,235.71,7.16
I0004073,O001420,P0016,5,105.54,27.27
I0004074,O001421,P0171,3,76.04,33.65
I0004075,O001421,P0172,3,94.68,2.46
I0004076,O001421,P0169,2,54.51,30.95
I0004077,O001421,P0168,4,22.96,1.17
I0004078,O001422,P0151,5,150.86,24.39
I0004079,O001422,P0152,2,111.14,26.02
I0004080,O001423,P0001,1,440.60,20.32
I0004081,O001423,P0014,1,276.53,32.18
I0004082,O001423,P0004,3,153.40,28.23
I0004083,O001424,P0152,2,132.56,21.21
I0004084,O001424,P0164,1,146.17,32.03
I0004085,O001424,P0161,1,24.18,28.51
I0004086,O001424,P0155,5,150.03,16.68
I0004087,O001425,P0464,4,19.07,15.24
I0004088,O001425,P0468,1,97.53,26.04
I0004089,O001425,P0459,2,123.44,15.65
I0004090,O001426,P0451,3,64.13,25.53
I0004091,O001426,P0469,1,98.22,20.89
I0004092,O001426,P0456,1,59.32,30.95
I0004093,O001427,P0191,1,85.28,12.58
I0004094,O001427,P0192,1,153.01,0.47
I0004095,O001428,P0041,1,188.72,4.71
I0004096,O001428,P0042,-5,310.50,6.73
I0004097,O001428,P0010,5,321.02,25.85
I0004098,O001429,P0001,4,313.36,3.81
I0004099,O001429,P0002,4,583.35,32.54
I0004100,O001430,P0041,2,221.40,24.18
I0004101,O001430,P0042,4,499.89,4.26
I0004102,O001430,P0004,1,107.69,12.68
I0004103,O001431,P0451,2,117.11,27.83
I0004104,O001431,P0452,4,64.24,26.11
I0004105,O001431,P0453,5,163.70,20.85
I0004106,O001432,P0019,5,155.13,10.83
I0004107,O001432,P0010,5,248.21,14.18
I0004108,O001432,P0001,5,274.46,26.21
I0004109,O001432,P0001,2,360.48,0.64
I0004110,O001433,P0001,5,451.81,15.91
I0004111,O001433,P0002,4,487.15,10.73
I0004112,O001434,P0381,1,73.14,23.02
I0004113,O001434,P0382,1,250.77,30.26
I0004114,O001434,P0305,4,330.55,12.43
I0004115,O001435,P0061,4,300.50,29.95
I0004116,O001435,P0062,3,370.72,32.08
I0004117,O001435,P0016,4,63.68,28.17
I0004118,O001435,P0002,1,608.23,1.94
I0004119,O001436,P0191,4,74.23,22.91
I0004120,O001436,P0192,2,91.52,28.98
I0004121,O001436,P0161,5,21.30,31.66
I0004122,O001437,P0155,4,145.23,23.53
I0004123,O001437,P0166,3,63.37,25.11
I0004124,O001437,P0163,4,81.09,30.22
I0004125,O001438,P0191,3,66.60,22.45
I0004126,O001438,P0192,4,90.39,12.61
I0004127,O001438,P0159,3,157.22,13.93
I0004128,O001439,P0301,3,166.81,33.07
I0004129,O001439,P0302,2,164.22,29.27
I0004130,O001439,P0319,4,332.70,6.16
I0004131,O001439,P0304,5,136.61,12.20
I0004132,O001440,P0010,3,198.60,7.30
I0004133,O001440,P0019,2,119.77,29.09
I0004134,O001441,P0471,5,48.32,34.68
I0004135,O001441,P0472,4,95.33,20.98
I0004136,O001441,P0452,1,98.64,20.65
I0004137,O001442,P0171,3,70.77,8.88
I0004138,O001442,P0172,4,144.80,19.52
I0004139,O001442,P0164,3,143.13,30.16
I0004140,O001443,P0041,4,248.51,25.59
I0004141,O001443,P0042,4,527.42,23.93
I0004142,O001443,P0001,3,381.02,28.49
I0004143,O001444,P0017,4,77.08,19.54
I0004144,O001444,P0008,5,294.89,8.42
I0004145,O001444,P0015,2,333.45,9.39
I0004146,O001444,P0005,5,238.42,33.86
I0004147,O001445,P0156,2,165.24,33.50
I0004148,O001445,P0170,4,122.00,9.86
I0004149,O001445,P0163,1,52.64,23.30
I0004150,O001446,P0021,3,453.22,10.19
I0004151,O001446,P0022,2,398.97,2.76
I0004152,O001446,P0015,1,407.60,23.16
I0004153,O001446,P0017,4,95.99,17.89
I0004154,O001447,P0159,1,188.21,15.79
I0004155,O001447,P0169,-2,91.65,34.96
I0004156,O001447,P0157,4,61.64,24.51
I0004157,O001447,P0153,4,78.74,7.46
I0004158,O001448,P0151,5,92.15,18.35
I0004159,O001448,P0152,3,119.42,14.10
I0004160,O001448,P0164,3,198.53,34.15
I0004161,O001449,P0011,1,504.11,26.12
I0004162,O001449,P0002,4,487.32,11.48
I0004163,O001449,P0003,5,54.06,33.74
I0004164,O001450,P0021,2,450.67,29.49
I0004165,O001450,P0022,2,398.65,12.25
I0004166,O001450,P0009,1,266.84,14.02
I0004167,O001451,P0381,1,95.93,5.58
I0004168,O001451,P0382,1,313.58,10.50
I0004169,O001451,P0304,1,116.70,12.92
I0004170,O001452,P0021,3,291.60,25.69
I0004171,O001452,P0022,3,587.20,9.76
I0004172,O001452,P0002,1,550.16,26.21
I0004173,O001453,P0306,1,179.05,21.61
I0004174,O001453,P0314,5,110.54,8.92
I0004175,O001453,P0317,1,125.85,4.07
I0004176,O001454,P0020,3,83.74,25.80
I0004177,O001454,P0015,3,262.73,30.29
I0004178,O001455,P0018,3,214.88,19.38
I0004179,O001455,P0001,5,481.93,12.69
I0004180,O001455,P0001,1,393.60,32.23
I0004181,O001455,P0015,5,303.20,17.08
I0004182,O001456,P0061,5,347.74,9.81
I0004183,O001456,P0062,1,314.36,3.58
I0004184,O001456,P0015,3,283.58,20.44
I0004185,O001457,P0156,2,155.03,27.92
I0004186,O001457,P0161,5,30.71,26.00
I0004187,O001458,P0361,3,430.09,16.02
I0004188,O001458,P0362,5,363.49,21.67
I0004189,O001459,P0471,1,76.10,26.12
I0004190,O001459,P0472,4,72.76,12.59
I0004191,O001459,P0468,1,72.97,6.58
I0004192,O001459,P0463,3,113.18,6.22
I0004193,O001460,P0451,1,102.67,10.06
I0004194,O001460,P0452,3,102.24,22.39
I0004195,O001460,P0468,2,74.31,18.03
I0004196,O001460,P0457,2,110.64,26.43
I0004197,O001461,P0020,2,83.26,19.78
I0004198,O001461,P0016,-4,92.53,21.83
I0004199,O001461,P0002,3,453.34,21.37
I0004200,O001462,P0014,-2,295.07,34.92
I0004201,O001462,P0009,1,300.82,22.07
I0004202,O001463,P0015,2,276.78,6.43
I0004203,O001463,P0006,3,131.26,12.63
I0004204,O001463,P0012,3,615.11,4.10
I0004205,O001464,P0151,1,143.21,3.07
I0004206,O001464,P0152,1,154.25,3.56
I0004207,O001464,P0167,3,129.61,22.12
I0004208,O001465,P0181,5,160.05,13.39
I0004209,O001465,P0182,5,79.77,7.91
I0004210,O001466,P0001,1,255.79,10.56
I0004211,O001466,P0002,5,367.68,7.18
I0004212,O001466,P0015,1,226.01,22.58
I0004213,O001467,P0157,5,69.01,33.91
I0004214,O001467,P0153,5,131.26,9.80
I0004215,O001467,P0160,5,185.99,12.89
I0004216,O001468,P0361,1,446.49,8.39
I0004217,O001468,P0362,2,207.15,0.27
I0004218,O001468,P0314,2,105.78,7.77
I0004219,O001469,P0014,4,308.81,10.61
I0004220,O001469,P0013,4,433.08,13.60
I0004221,O001470,P0157,2,37.22,19.42
I0004222,O001470,P0167,4,103.05,30.90
I0004223,O001471,P0171,4,46.42,19.72
I0004224,O001471,P0172,2,145.82,14.13
I0004225,O001471,P0155,5,138.82,22.76
I0004226,O001472,P0191,4,84.17,14.78
I0004227,O001472,P0192,5,122.53,5.49
I0004228,O001472,P0167,1,140.28,15.97
I0004229,O001473,P0191,3,86.76,19.28
I0004230,O001473,P0192,4,146.67,18.69
I0004231,O001473,P0159,4,187.68,11.14
I0004232,O001473,P0167,2,168.20,22.20
I0004233,O001474,P0171,5,51.73,0.85
I0004234,O001474,P0172,2,77.32,24.59
I0004235,O001474,P0160,2,203.79,22.48
I0004236,O001475,P0471,4,77.20,3.45
I0004237,O001475,P0472,1,77.38,2.72
I0004238,O001475,P0466,2,85.46,23.40
I0004239,O001475,P0468,3,60.66,20.80
I0004240,O001476,P0466,4,51.38,18.48
I0004241,O001476,P0464,1,22.91,25.02
I0004242,O001476,P0464,4,26.75,11.62
I0004243,O001477,P0381,4,62.05,11.69
I0004244,O001477,P0382,1,251.88,21.35
I0004245,O001477,P0310,4,304.73,5.67
I0004246,O001478,P0321,2,135.16,23.48
I0004247,O001478,P0322,5,408.63,28.12
I0004248,O001479,P0171,3,85.89,2.11
I0004249,O001479,P0172,3,117.60,22.45
I0004250,O001480,P0361,4,256.22,2.70
I0004251,O001480,P0362,1,350.70,29.94
I0004252,O001480,P0302,1,261.58,15.19
I0004253,O001481,P0021,4,456.23,8.70
I0004254,O001481,P0022,2,580.46,30.43
I0004255,O001481,P0010,2,331.94,30.42
I0004256,O001482,P0307,4,145.20,6.94
I0004257,O001482,P0302,1,224.98,27.09
I0004258,O001482,P0316,4,127.20,15.66
I0004259,O001483,P0021,4,303.22,20.14
I0004260,O001483,P0022,3,405.56,32.12
I0004261,O001483,P0008,4,192.28,11.20
I0004262,O001484,P0061,3,243.37,22.38
I0004263,O001484,P0062,1,292.04,25.86
I0004264,O001484,P0011,5,442.99,30.86
I0004265,O001485,P0041,3,218.16,17.33
I0004266,O001485,P0042,2,482.33,10.05
I0004267,O001485,P0005,5,203.42,10.82
I0004268,O001486,P0171,5,70.32,26.76
I0004269,O001486,P0172,5,116.25,27.55
I0004270,O001486,P0155,1,110.33,27.07
I0004271,O001486,P0159,1,137.41,21.97
I0004272,O001487,P0191,1,65.01,33.61
I0004273,O001487,P0192,5,152.30,30.33
I0004274,O001488,P0021,1,393.36,12.28
I0004275,O001488,P0022,2,505.46,34.79
I0004276,O001488,P0008,4,358.97,9.63
I0004277,O001488,P0009,2,390.16,17.99
I0004278,O001489,P0159,1,97.44,16.54
I0004279,O001489,P0161,1,24.79,5.72
I0004280,O001489,P0170,5,76.88,10.80
I0004281,O001490,P0463,2,81.50,14.16
I0004282,O001490,P0455,4,48.32,11.71
I0004283,O001490,P0463,1,112.27,1.84
I0004284,O001490,P0457,2,87.63,21.75
I0004285,O001491,P0361,1,460.78,6.83
I0004286,O001491,P0362,1,340.71,10.52
I0004287,O001492,P0161,5,32.23,9.94
I0004288,O001492,P0156,3,162.01,34.79
I0004289,O001493,P0461,1,130.30,11.53
I0004290,O001493,P0462,4,114.80,14.81
I0004291,O001493,P0460,1,93.07,22.07
I0004292,O001494,P0165,5,65.91,4.38
I0004293,O001494,P0152,4,160.92,1.87
I0004294,O001494,P0151,-3,102.76,21.49
I0004295,O001494,P0162,5,76.17,29.21
I0004296,O001495,P0171,3,59.49,18.05
I0004297,O001495,P0172,2,92.64,2.68
I0004298,O001495,P0156,4,147.03,26.59
I0004299,O001495,P0156,4,97.85,22.97
I0004300,O001496,P0501,4,41.42,23.75
I0004301,O001496,P0502,3,63.54,9.19
I0004302,O001496,P0459,2,65.85,20.11
I0004303,O001497,P0061,3,236.07,3.84
I0004304,O001497,P0062,2,199.10,31.78
I0004305,O001497,P0002,1,330.70,18.59
I0004306,O001498,P0161,1,26.59,34.82
I0004307,O001498,P0152,4,168.83,13.73
I0004308,O001498,P0159,4,134.17,10.64
I0004309,O001499,P0191,2,69.92,27.73
I0004310,O001499,P0192,4,93.99,1.91
I0004311,O001500,P0158,3,182.42,27.67
I0004312,O001500,P0165,5,68.69,20.87
I0004313,O001500,P0158,5,103.27,31.18
I0004314,O001501,P0191,5,54.29,4.19
I0004315,O001501,P0192,4,125.99,23.84
I0004316,O001501,P0169,3,84.92,3.64
I0004317,O001501,P0152,4,118.19,1.13
I0004318,O001502,P0151,5,134.60,10.88
I0004319,O001502,P0152,2,129.36,31.72
I0004320,O001502,P0167,4,126.20,21.76
I0004321,O001502,P0166,3,93.98,15.08
I0004322,O001503,P0471,2,38.82,28.43
I0004323,O001503,P0472,1,90.02,30.03
I0004324,O001503,P0469,5,63.84,11.46
I0004325,O001503,P0462,5,140.85,9.70
I0004326,O001504,P0321,3,144.88,27.39
I0004327,O001504,P0322,5,485.37,14.29
I0004328,O001505,P0301,3,120.86,31.59
I0004329,O001505,P0302,1,235.11,10.68
I0004330,O001506,P0151,4,162.33,14.91
I0004331,O001506,P0152,3,154.70,18.29
I0004332,O001506,P0170,4,85.59,2.83
I0004333,O001506,P0167,4,164.11,13.61
I0004334,O001507,P0161,1,38.23,12.06
I0004335,O001507,P0167,5,107.94,22.66
I0004336,O001508,P0501,4,33.99,12.16
I0004337,O001508,P0502,3,63.67,5.33
I0004338,O001509,P0006,4,104.23,2.90
I0004339,O001509,P0012,2,390.96,9.18
I0004340,O001509,P0003,4,104.73,15.51
I0004341,O001509,P0020,2,62.40,11.46
I0004342,O001510,P0303,3,171.70,0.15
I0004343,O001510,P0308,3,311.99,21.07
I0004344,O001511,P0381,4,97.05,21.34
I0004345,O001511,P0382,2,227.34,5.84
I0004346,O001511,P0301,1,136.15,8.22
I0004347,O001511,P0317,4,131.65,19.91
I0004348,O001512,P0310,5,244.38,10.24
I0004349,O001512,P0317,3,85.91,13.27
I0004350,O001512,P0306,4,219.91,26.20
I0004351,O001513,P0151,2,118.68,18.85
I0004352,O001513,P0152,1,118.69,26.45
I0004353,O001514,P0007,4,307.27,30.60
I0004354,O001514,P0010,5,294.68,11.81
I0004355,O001514,P0004,4,156.94,23.65
I0004356,O001515,P0181,2,138.22,34.87
I0004357,O001515,P0182,5,105.78,27.18
I0004358,O001515,P0168,3,26.44,28.97
I0004359,O001515,P0169,4,93.94,26.58
I0004360,O001516,P0041,3,244.05,27.01
I0004361,O001516,P0042,4,530.37,4.60
I0004362,O001517,P0467,5,79.47,2.47
I0004363,O001517,P0457,2,89.80,25.57
I0004364,O001517,P0467,1,72.70,13.06
I0004365,O001517,P0455,1,76.61,8.59
I0004366,O001518,P0301,5,144.63,5.88
I0004367,O001518,P0302,-5,261.06,27.78
I0004368,O001518,P0305,1,382.98,18.38
I0004369,O001519,P0167,5,130.97,11.68
I0004370,O001519,P0151,4,111.27,27.37
I0004371,O001520,P0001,2,438.14,8.15
I0004372,O001520,P0002,4,316.74,20.69
I0004373,O001521,P0041,4,149.81,33.76
I0004374,O001521,P0042,2,379.83,0.26
I0004375,O001521,P0004,4,113.04,2.53
I0004376,O001522,P0471,1,63.26,5.84
I0004377,O001522,P0472,4,122.38,4.07
I0004378,O001523,P0011,5,366.64,22.30
I0004379,O001523,P0003,1,86.61,2.63
I0004380,O001523,P0008,5,214.76,29.77
I0004381,O001524,P0158,2,192.69,17.34
I0004382,O001524,P0163,5,44.21,26.00
I0004383,O001524,P0152,2,166.07,0.25
I0004384,O001525,P0016,3,63.78,31.30
I0004385,O001525,P0008,5,199.98,7.75
I0004386,O001526,P0471,4,42.00,29.49
I0004387,O001526,P0472,2,92.09,8.36
I0004388,O001527,P0151,4,112.39,13.71
I0004389,O001527,P0152,5,113.62,3.24
I0004390,O001527,P0151,1,107.15,4.24
I0004391,O001527,P0168,3,37.96,27.36
I0004392,O001528,P0181,1,133.66,26.70
I0004393,O001528,P0182,3,71.44,5.92
I0004394,O001528,P0152,1,91.12,18.28
I0004395,O001528,P0154,4,31.93,0.55
I0004396,O001529,P0471,2,54.64,30.99
I0004397,O001529,P0472,3,109.82,31.76
I0004398,O001529,P0451,3,125.99,25.67
I0004399,O001529,P0459,5,95.32,30.79
I0004400,O001530,P0021,1,404.14,24.87
I0004401,O001530,P0022,3,516.84,20.37
I0004402,O001530,P0005,5,169.21,2.25
I0004403,O001531,P0061,2,359.50,14.87
I0004404,O001531,P0062,2,340.49,24.08
I0004405,O001531,P0007,5,234.48,3.25
I0004406,O001532,P0041,1,191.85,15.39
I0004407,O001532,P0042,2,525.58,0.45
I0004408,O001532,P0007,1,220.99,31.78
I0004409,O001533,P0166,4,76.55,1.11
I0004410,O001533,P0162,5,64.71,12.28
I0004411,O001534,P0151,3,158.43,14.81
I0004412,O001534,P0168,4,27.32,3.82
I0004413,O001534,P0156,4,111.74,9.72
I0004414,O001535,P0001,5,436.44,28.99
I0004415,O001535,P0002,5,351.99,16.40
I0004416,O001535,P0010,1,316.10,5.97
I0004417,O001535,P0008,1,208.47,12.05
I0004418,O001536,P0319,5,446.67,6.50
I0004419,O001536,P0317,3,134.22,30.86
I0004420,O001536,P0302,1,194.10,33.98
I0004421,O001537,P0015,1,238.42,24.10
I0004422,O001537,P0013,1,455.57,11.49
I0004423,O001537,P0019,4,155.56,1.23
I0004424,O001538,P0471,3,56.83,15.19
I0004425,O001538,P0472,3,80.49,27.01
I0004426,O001538,P0458,5,96.49,13.04
I0004427,O001538,P0467,5,63.95,32.01
I0004428,O001539,P0311,3,381.44,23.91
I0004429,O001539,P0314,4,89.70,8.18
I0004430,O001539,P0313,5,176.16,22.82
I0004431,O001540,P0019,4,112.39,9.38
I0004432,O001540,P0004,2,183.13,15.45
I0004433,O001540,P0016,1,92.01,18.69
I0004434,O001540,P0001,2,368.38,9.20
I0004435,O001541,P0010,2,274.76,31.39
I0004436,O001541,P0015,2,263.56,18.85
I0004437,O001542,P0361,5,408.90,0.66
I0004438,O001542,P0362,1,355.84,9.40
I0004439,O001543,P0151,2,131.60,21.73
I0004440,O001543,P0152,2,106.64,33.18
I0004441,O001543,P0159,4,152.35,27.36
I0004442,O001543,P0153,5,78.20,24.24
I0004443,O001544,P0005,3,222.80,18.20
I0004444,O001544,P0019,-3,130.88,22.75
I0004445,O001545,P0171,4,78.12,7.12
I0004446,O001545,P0172,4,130.11,31.08
I0004447,O001545,P0168,1,34.85,27.33
I0004448,O001546,P0171,3,60.07,22.81
I0004449,O001546,P0172,4,82.60,25.41
I0004450,O001546,P0166,5,85.38,5.41
I0004451,O001546,P0153,3,132.58,16.52
I0004452,O001547,P0170,1,126.91,19.86
I0004453,O001547,P0168,2,34.19,31.25
I0004454,O001547,P0161,3,39.21,22.62
I0004455,O001548,P0014,2,288.78,27.99
I0004456,O001548,P0004,4,126.60,1.82
I0004457,O001548,P0003,4,81.14,2.26
I0004458,O001549,P0461,2,72.10,19.66
I0004459,O001549,P0462,4,90.19,15.63
I0004460,O001550,P0007,5,274.28,24.71
I0004461,O001550,P0020,4,113.44,1.72
I0004462,O001550,P0011,3,337.56,24.43
I0004463,O001551,P0451,4,84.14,11.99
I0004464,O001551,P0452,5,97.27,12.68
I0004465,O001551,P0467,1,62.00,11.87
I0004466,O001551,P0459,2,103.12,23.84
I0004467,O001552,P0016,5,69.40,16.78
I0004468,O001552,P0002,1,409.64,33.59
I0004469,O001552,P0005,2,246.18,26.57
I0004470,O001553,P0001,5,299.98,21.88
I0004471,O001553,P0010,3,391.31,17.94
I0004472,O001553,P0007,1,312.36,0.53
I0004473,O001553,P0016,1,102.07,20.78
I0004474,O001554,P0021,2,343.51,18.25
I0004475,O001554,P0022,4,474.93,34.04
I0004476,O001554,P0011,4,442.03,26.41
I0004477,O001555,P0061,4,316.52,32.48
I0004478,O001555,P0062,3,353.63,28.14
I0004479,O001555,P0001,1,284.34,2.78
I0004480,O001555,P0001,3,439.02,5.76
I0004481,O001556,P0020,1,80.00,27.72
I0004482,O001556,P0015,2,292.31,6.67
I0004483,O001556,P0011,5,372.43,13.05
I0004484,O001556,P0015,5,328.36,28.45
I0004485,O001557,P0021,1,363.37,10.10
I0004486,O001557,P0022,5,359.02,34.34
I0004487,O001557,P0017,4,80.01,11.68
I0004488,O001558,P0170,1,79.16,32.88
I0004489,O001558,P0160,3,189.35,9.61
I0004490,O001558,P0160,1,138.63,15.38
I0004491,O001559,P0041,1,195.90,18.44
I0004492,O001559,P0042,1,483.56,12.96
I0004493,O001559,P0014,4,276.08,8.27
I0004494,O001559,P0012,5,633.97,34.89
I0004495,O001560,P0021,5,291.93,0.84
I0004496,O001560,P0022,5,579.92,9.72
I0004497,O001561,P0191,5,65.69,29.44
I0004498,O001561,P0192,4,106.00,30.51
I0004499,O001561,P0168,3,29.01,8.12
I0004500,O001562,P0191,4,53.89,9.76
I0004501,O001562,P0192,2,85.67,10.51
I0004502,O001563,P0165,3,113.10,8.60
I0004503,O001563,P0161,2,29.95,0.26
I0004504,O001563,P0153,3,131.72,32.92
I0004505,O001564,P0001,5,326.01,3.72
I0004506,O001564,P0002,3,371.54,28.09
I0004507,O001564,P0016,4,87.46,33.20
I0004508,O001565,P0361,5,348.66,25.59
I0004509,O001565,P0362,2,262.46,14.13
I0004510,O001565,P0306,1,256.90,13.73
I0004511,O001566,P0159,3,141.76,27.22
I0004512,O001566,P0169,3,63.44,33.44
I0004513,O001566,P0166,2,121.39,22.74
I0004514,O001567,P0041,3,249.44,12.44
I0004515,O001567,P0042,4,292.93,22.15
I0004516,O001568,P0191,3,85.11,31.23
I0004517,O001568,P0192,2,125.79,11.45
I0004518,O001568,P0151,1,127.38,18.10
I0004519,O001569,P0171,2,45.51,30.41
I0004520,O001569,P0172,3,149.51,29.44
I0004521,O001570,P0166,3,100.42,12.90
I0004522,O001570,P0158,3,161.57,14.98
I0004523,O001570,P0156,1,111.42,26.17
I0004524,O001571,P0461,2,136.34,4.01
I0004525,O001571,P0462,3,130.48,34.37
I0004526,O001571,P0467,4,90.23,12.00
I0004527,O001572,P0461,1,141.61,15.91
I0004528,O001572,P0462,4,87.21,26.76
I0004529,O001572,P0467,3,82.37,21.65
I0004530,O001572,P0460,2,67.39,24.46
I0004531,O001573,P0162,1,48.13,15.39
I0004532,O001573,P0169,3,61.48,11.05
I0004533,O001573,P0165,3,72.65,26.73
I0004534,O001574,P0004,3,205.66,19.61
I0004535,O001574,P0019,2,166.49,20.36
I0004536,O001574,P0012,2,568.21,22.19
I0004537,O001574,P0002,4,608.54,26.11
I0004538,O001575,P0041,3,175.22,17.42
I0004539,O001575,P0042,2,509.90,15.49
I0004540,O001575,P0017,2,88.71,21.08
I0004541,O001576,P0041,3,266.16,0.53
I0004542,O001576,P0042,2,432.93,25.41
I0004543,O001576,P0017,1,89.27,18.15
I0004544,O001577,P0301,5,174.13,32.88
I0004545,O001577,P0307,1,117.36,18.21
I0004546,O001577,P0306,2,261.31,19.33
I0004547,O001578,P0471,3,46.71,0.73
I0004548,O001578,P0472,2,126.67,8.80
I0004549,O001579,P0319,1,480.66,22.85
I0004550,O001579,P0316,4,136.98,6.33
I0004551,O001579,P0303,1,167.65,6.29
I0004552,O001580,P0061,2,188.05,1.02
I0004553,O001580,P0062,2,249.55,15.50
I0004554,O001580,P0009,1,461.62,24.75
I0004555,O001580,P0016,2,124.49,31.54
I0004556,O001581,P0151,4,90.51,33.42
I0004557,O001581,P0152,1,159.06,24.90
I0004558,O001582,P0021,1,255.64,13.33
I0004559,O001582,P0022,4,434.88,33.58
I0004560,O001582,P0009,3,350.82,30.99
I0004561,O001582,P0016,2,69.51,4.13
I0004562,O001583,P0021,2,338.56,12.76
I0004563,O001583,P0022,3,555.02,7.87
I0004564,O001583,P0018,4,182.29,26.26
I0004565,O001583,P0012,1,626.32,34.20
I0004566,O001584,P0171,3,49.02,26.98
I0004567,O001584,P0172,2,102.64,7.49
I0004568,O001584,P0161,1,21.79,21.42
I0004569,O001585,P0061,5,324.75,3.13
I0004570,O001585,P0062,2,209.04,2.82
I0004571,O001585,P0010,3,366.66,22.21
I0004572,O001586,P0451,1,122.16,29.50
I0004573,O001586,P0452,1,78.33,24.20
I0004574,O001586,P0459,3,72.96,27.01
I0004575,O001586,P0468,3,62.40,30.79
I0004576,O001587,P0164,2,112.86,5.33
I0004577,O001587,P0158,4,181.57,15.81
I0004578,O001587,P0162,5,71.04,32.76
I0004579,O001587,P0155,3,152.29,9.59
I0004580,O001588,P0461,4,94.90,11.11
I0004581,O001588,P0462,4,109.01,29.21
I0004582,O001589,P0321,3,144.21,25.89
I0004583,O001589,P0322,1,424.55,0.59
I0004584,O001589,P0308,3,356.71,27.86
I0004585,O001590,P0466,1,52.15,25.12
I0004586,O001590,P0466,3,62.31,33.76
I0004587,O001591,P0319,4,386.16,26.74
I0004588,O001591,P0301,2,167.82,23.16
I0004589,O001591,P0314,3,86.43,32.55
I0004590,O001591,P0306,2,283.59,22.36
I0004591,O001592,P0191,4,82.96,9.12
I0004592,O001592,P0192,3,105.74,3.30
I0004593,O001593,P0167,3,139.76,33.25
I0004594,O001593,P0166,5,66.20,23.52
I0004595,O001593,P0151,2,88.78,10.93
I0004596,O001594,P0018,3,154.30,14.08
I0004597,O001594,P0015,3,384.20,21.80
I0004598,O001595,P0151,2,127.31,8.66
I0004599,O001595,P0152,4,137.27,10.40
I0004600,O001596,P0151,5,129.44,14.68
I0004601,O001596,P0152,1,108.12,7.90
I0004602,O001597,P0151,3,120.49,0.54
I0004603,O001597,P0152,3,152.95,10.82
I0004604,O001598,P0015,2,333.18,23.12
I0004605,O001598,P0008,3,341.33,17.73
I0004606,O001599,P0471,1,72.15,21.06
I0004607,O001599,P0472,3,110.33,9.86
I0004608,O001599,P0457,1,58.60,18.42
I0004609,O001600,P0161,4,21.98,24.31
I0004610,O001600,P0168,3,23.67,4.44
I0004611,O001600,P0160,2,163.37,33.82
I0004612,O001601,P0001,2,412.31,0.00
I0004613,O001601,P0002,5,449.63,5.38
I0004614,O001601,P0001,2,421.72,22.04
I0004615,O001602,P0181,4,105.93,24.77
I0004616,O001602,P0182,1,73.23,12.82
I0004617,O001602,P0156,1,175.30,34.72
I0004618,O001603,P0501,5,52.37,9.43
I0004619,O001603,P0502,2,58.52,21.33
I0004620,O001604,P0041,4,224.50,28.56
I0004621,O001604,P0042,5,310.04,21.00
I0004622,O001605,P0170,2,93.91,19.82
I0004623,O001605,P0160,5,174.05,6.55
I0004624,O001605,P0153,3,106.46,25.57
I0004625,O001606,P0021,1,358.49,16.93
I0004626,O001606,P0022,2,566.57,20.17
I0004627,O001607,P0001,1,376.46,23.17
I0004628,O001607,P0002,2,327.67,31.62
I0004629,O001607,P0002,4,614.65,23.02
I0004630,O001608,P0164,5,181.51,19.15
I0004631,O001608,P0167,5,151.15,0.05
I0004632,O001608,P0151,2,95.25,27.31
I0004633,O001609,P0061,5,233.76,9.43
I0004634,O001609,P0062,4,365.39,28.31
I0004635,O001609,P0005,4,244.10,29.32
I0004636,O001610,P0361,1,312.29,16.11
I0004637,O001610,P0362,2,280.81,28.70
I0004638,O001610,P0308,3,216.22,5.39
I0004639,O001611,P0017,3,74.15,15.73
I0004640,O001611,P0016,4,70.61,17.81
I0004641,O001611,P0013,4,494.56,12.60
I0004642,O001612,P0061,5,241.48,20.47
I0004643,O001612,P0062,1,237.73,15.93
I0004644,O001612,P0020,4,102.64,10.90
I0004645,O001612,P0017,5,66.45,6.85
I0004646,O001613,P0462,5,93.21,9.78
I0004647,O001613,P0470,2,140.04,23.28
I0004648,O001613,P0462,4,90.47,21.56
I0004649,O001614,P0157,5,66.32,19.09
I0004650,O001614,P0163,3,66.35,21.13
I0004651,O001614,P0152,4,101.53,14.55
I0004652,O001615,P0301,5,166.98,25.81
I0004653,O001615,P0302,3,275.37,28.18
I0004654,O001616,P0171,1,79.34,25.76
I0004655,O001616,P0172,4,147.47,6.78
I0004656,O001617,P0471,5,73.93,3.29
I0004657,O001617,P0472,4,69.86,1.22
I0004658,O001617,P0462,2,133.41,3.82
I0004659,O001617,P0469,2,81.99,32.16
I0004660,O001618,P0160,4,137.41,17.50
I0004661,O001618,P0162,2,80.64,28.38
I0004662,O001619,P0001,2,236.02,22.10
I0004663,O001619,P0002,4,571.15,9.58
I0004664,O001619,P0002,4,302.26,22.73
I0004665,O001619,P0013,4,520.21,7.28
I0004666,O001620,P0001,3,303.41,22.39
I0004667,O001620,P0002,2,578.95,3.34
I0004668,O001620,P0012,3,537.76,32.30
I0004669,O001620,P0003,3,90.87,27.80
I0004670,O001621,P0012,5,613.94,33.64
I0004671,O001621,P0008,5,183.76,9.32
I0004672,O001621,P0002,2,345.48,12.73
I0004673,O001621,P0013,3,327.82,17.73
I0004674,O001622,P0171,3,77.23,20.29
I0004675,O001622,P0172,2,135.69,17.09
I0004676,O001622,P0160,2,202.15,0.12
I0004677,O001622,P0167,3,121.72,13.59
I0004678,O001623,P0463,1,125.09,18.05
I0004679,O001623,P0462,5,116.97,11.31
I0004680,O001624,P0361,1,304.99,2.24
I0004681,O001624,P0362,1,343.81,29.84
I0004682,O001625,P0041,1,248.43,7.57
I0004683,O001625,P0042,3,367.68,25.05
I0004684,O001626,P0301,5,119.43,3.38
I0004685,O001626,P0302,2,322.51,6.00
I0004686,O001627,P0181,4,143.20,34.06
I0004687,O001627,P0182,5,128.67,6.43
I0004688,O001628,P0061,3,351.96,7.54
I0004689,O001628,P0062,1,182.44,6.62
I0004690,O001628,P0015,2,339.68,13.72
I0004691,O001628,P0019,1,134.73,4.51
I0004692,O001629,P0171,3,50.52,25.42
I0004693,O001629,P0172,4,92.62,17.59
I0004694,O001629,P0165,2,68.77,5.60
I0004695,O001630,P0381,1,88.03,0.98
I0004696,O001630,P0382,1,309.59,30.16
I0004697,O001631,P0021,5,392.58,18.28
I0004698,O001631,P0022,3,367.83,24.72
I0004699,O001631,P0013,5,263.92,14.52
I0004700,O001631,P0015,3,360.63,6.88
I0004701,O001632,P0015,1,350.03,20.39
I0004702,O001632,P0017,3,96.69,28.23
I0004703,O001633,P0306,2,263.42,16.69
I0004704,O001633,P0312,1,216.13,16.87
I0004705,O001634,P0381,2,90.14,13.33
I0004706,O001634,P0382,1,252.55,32.86
I0004707,O001634,P0302,3,289.36,11.65
I0004708,O001634,P0318,1,120.80,22.23
I0004709,O001635,P0361,5,414.81,15.60
I0004710,O001635,P0362,3,187.07,22.66
I0004711,O001636,P0021,4,413.23,34.24
I0004712,O001636,P0022,2,399.72,29.76
I0004713,O001637,P0007,1,188.44,29.47
I0004714,O001637,P0016,4,64.27,2.27
I0004715,O001637,P0003,3,80.10,22.77
I0004716,O001637,P0012,2,393.78,33.88
I0004717,O001638,P0361,2,316.15,17.72
I0004718,O001638,P0362,4,189.19,34.39
I0004719,O001638,P0310,1,230.29,25.71
I0004720,O001639,P0171,1,71.07,0.89
I0004721,O001639,P0172,1,144.76,23.03
I0004722,O001639,P0160,3,150.63,24.45
I0004723,O001639,P0169,5,97.77,6.05
I0004724,O001640,P0307,3,110.30,18.28
I0004725,O001640,P0303,4,114.49,14.53
I0004726,O001641,P0021,2,403.35,32.60
I0004727,O001641,P0022,1,318.09,27.25
I0004728,O001642,P0471,1,63.48,9.21
I0004729,O001642,P0472,3,108.00,14.77
I0004730,O001643,P0006,5,64.97,5.08
I0004731,O001643,P0005,2,210.74,10.72
I0004732,O001644,P0151,1,152.39,21.46
I0004733,O001644,P0152,3,155.26,20.68
I0004734,O001644,P0169,5,90.10,0.90
I0004735,O001645,P0301,3,226.76,8.99
I0004736,O001645,P0302,1,206.18,6.71
I0004737,O001645,P0311,4,242.70,14.92
I0004738,O001645,P0319,5,306.48,32.79
I0004739,O001646,P0005,4,143.99,9.49
I0004740,O001646,P0015,4,316.38,17.42
I0004741,O001647,P0181,2,145.90,2.91
I0004742,O001647,P0182,4,74.81,26.67
I0004743,O001648,P0161,4,36.75,13.35
I0004744,O001648,P0154,4,23.61,23.87
I0004745,O001649,P0041,4,226.02,23.51
I0004746,O001649,P0042,5,560.49,7.57
I0004747,O001650,P0361,5,244.81,25.06
I0004748,O001650,P0362,1,308.36,22.70
I0004749,O001650,P0314,4,145.39,1.87
I0004750,O001651,P0314,2,136.92,26.21
I0004751,O001651,P0310,3,188.63,14.62
I0004752,O001651,P0310,5,149.27,6.30
I0004753,O001651,P0303,5,182.04,1.48
I0004754,O001652,P0171,4,79.18,24.34
I0004755,O001652,P0172,1,112.51,11.65
I0004756,O001652,P0159,2,123.97,28.90
I0004757,O001652,P0169,3,88.26,3.68
I0004758,O001653,P0041,4,140.67,14.86
I0004759,O001653,P0042,3,420.60,12.60
I0004760,O001653,P0019,1,183.92,27.02
I0004761,O001654,P0461,1,103.51,1.57
I0004762,O001654,P0462,1,84.43,18.89
I0004763,O001654,P0452,1,49.87,22.19
I0004764,O001655,P0061,3,281.79,17.45
I0004765,O001655,P0062,5,233.76,20.97
I0004766,O001655,P0013,4,333.57,23.50
I0004767,O001655,P0003,2,90.17,15.20
I0004768,O001656,P0464,5,26.07,20.47
I0004769,O001656,P0462,4,112.68,13.41
I0004770,O001657,P0003,4,60.53,18.94
I0004771,O001657,P0018,2,118.24,22.36
I0004772,O001657,P0002,4,539.18,29.65
I0004773,O001658,P0015,5,274.83,13.73
I0004774,O001658,P0020,5,104.28,22.89
I0004775,O001659,P0171,2,74.28,23.05
I0004776,O001659,P0172,1,85.79,28.50
I0004777,O001660,P0017,5,61.64,12.93
I0004778,O001660,P0006,3,73.56,20.18
I0004779,O001660,P0010,3,247.26,22.35
I0004780,O001661,P0021,2,299.33,18.59
I0004781,O001661,P0022,2,490.85,14.15
I0004782,O001662,P0001,4,246.04,10.20
I0004783,O001662,P0002,1,469.21,33.03
I0004784,O001662,P0020,2,91.61,26.78
I0004785,O001663,P0167,3,102.87,17.37
I0004786,O001663,P0157,2,59.57,26.35
I0004787,O001664,P0002,1,440.46,15.63
I0004788,O001664,P0015,3,214.44,11.23
I0004789,O001664,P0017,4,82.30,31.77
I0004790,O001665,P0471,4,41.63,12.47
I0004791,O001665,P0472,4,113.99,5.24
I0004792,O001666,P0471,4,60.57,2.63
I0004793,O001666,P0472,1,110.33,26.06
I0004794,O001667,P0061,5,324.78,31.67
I0004795,O001667,P0062,5,309.84,14.93
I0004796,O001667,P0017,4,68.63,28.25
I0004797,O001668,P0041,-3,196.60,23.05
I0004798,O001668,P0042,3,448.08,27.36
I0004799,O001669,P0191,3,57.54,28.87
I0004800,O001669,P0192,5,121.52,33.90
I0004801,O001670,P0019,4,141.06,11.61
I0004802,O001670,P0009,2,432.00,12.53
I0004803,O001671,P0171,3,76.29,18.12
I0004804,O001671,P0172,4,95.13,4.60
I0004805,O001671,P0153,3,126.00,8.40
I0004806,O001671,P0162,2,75.57,6.19
I0004807,O001672,P0470,3,73.15,24.93
I0004808,O001672,P0468,4,94.45,6.09
I0004809,O001672,P0470,5,130.00,3.63
I0004810,O001673,P0171,5,58.72,16.58
I0004811,O001673,P0172,2,136.17,6.91
I0004812,O001673,P0157,4,69.19,19.92
I0004813,O001674,P0061,1,341.75,13.77
I0004814,O001674,P0062,2,280.00,6.31
I0004815,O001674,P0016,5,69.76,17.29
I0004816,O001675,P0041,3,197.23,12.97
I0004817,O001675,P0042,1,590.68,20.92
I0004818,O001675,P0011,2,473.96,6.62
I0004819,O001676,P0021,1,354.06,6.50
I0004820,O001676,P0022,4,475.61,28.93
I0004821,O001677,P0381,3,67.46,6.88
I0004822,O001677,P0382,-3,198.53,11.28
I0004823,O001677,P0311,2,425.63,8.57
I0004824,O001678,P0021,4,342.64,8.14
I0004825,O001678,P0022,2,297.87,15.00
I0004826,O001678,P0019,3,134.01,6.87
I0004827,O001678,P0015,4,385.12,7.57
I0004828,O001679,P0191,1,74.68,31.42
I0004829,O001679,P0192,2,77.05,14.13
I0004830,O001679,P0160,5,188.56,30.08
I0004831,O001680,P0009,3,286.86,7.44
I0004832,O001680,P0015,2,217.90,21.07
I0004833,O001681,P0152,3,160.16,27.34
I0004834,O001681,P0154,4,37.09,32.91
I0004835,O001681,P0162,4,42.26,19.56
I0004836,O001682,P0314,3,91.18,24.53
I0004837,O001682,P0317,-4,90.01,8.41
I0004838,O001682,P0301,1,179.96,6.86
I0004839,O001683,P0016,5,100.86,29.49
I0004840,O001683,P0020,2,109.60,1.65
I0004841,O001683,P0004,3,142.75,2.30
I0004842,O001684,P0001,2,332.79,7.36
I0004843,O001684,P0020,2,100.47,31.32
I0004844,O001685,P0001,2,280.64,26.99
I0004845,O001685,P0012,5,624.77,23.70
I0004846,O001685,P0008,5,324.59,19.66
I0004847,O001686,P0151,1,137.27,7.36
I0004848,O001686,P0152,4,156.16,31.23
I0004849,O001686,P0163,1,77.21,23.53
I0004850,O001687,P0061,3,269.53,24.05
I0004851,O001687,P0062,3,212.11,34.38
I0004852,O001687,P0013,1,439.69,29.77
I0004853,O001688,P0041,3,242.44,27.57
I0004854,O001688,P0042,5,433.47,27.68
I0004855,O001688,P0011,4,269.35,16.74
I0004856,O001689,P0041,1,197.34,18.22
I0004857,O001689,P0042,5,531.54,8.97
I0004858,O001689,P0002,1,414.91,22.88
I0004859,O001690,P0021,2,301.82,23.00
I0004860,O001690,P0022,1,515.49,23.29
I0004861,O001690,P0017,3,54.59,25.38
I0004862,O001690,P0012,5,368.41,11.44
I0004863,O001691,P0019,2,102.18,31.90
I0004864,O001691,P0018,3,185.57,4.24
I0004865,O001691,P0015,1,230.75,28.22
I0004866,O001692,P0314,5,95.18,28.62
I0004867,O001692,P0303,1,145.21,3.08
I0004868,O001692,P0305,2,210.76,2.25
I0004869,O001693,P0021,5,302.52,13.76
I0004870,O001693,P0022,1,304.52,17.03
I0004871,O001693,P0008,5,241.40,6.99
I0004872,O001694,P0001,4,345.70,8.10
I0004873,O001694,P0002,4,461.25,3.00
I0004874,O001695,P0501,3,55.80,26.24
I0004875,O001695,P0502,3,72.76,19.31
I0004876,O001695,P0469,3,70.37,14.85
I0004877,O001695,P0467,5,55.01,3.36
I0004878,O001696,P0181,4,93.88,32.52
I0004879,O001696,P0182,3,83.05,3.72
I0004880,O001696,P0170,4,74.33,10.93
I0004881,O001697,P0041,1,258.11,9.82
I0004882,O001697,P0042,4,289.66,3.96
I0004883,O001697,P0002,2,399.74,10.76
I0004884,O001698,P0461,3,71.08,23.12
I0004885,O001698,P0462,4,110.87,13.98
I0004886,O001698,P0466,4,74.44,25.76
I0004887,O001698,P0466,4,78.46,12.30
I0004888,O001699,P0015,5,362.64,24.73
I0004889,O001699,P0006,1,93.00,0.92
I0004890,O001700,P0041,1,258.20,27.59
I0004891,O001700,P0042,3,509.59,4.98
I0004892,O001701,P0164,5,107.79,4.01
I0004893,O001701,P0169,1,91.93,20.30
I0004894,O001701,P0166,2,67.06,17.29
I0004895,O001702,P0041,3,162.22,30.45
I0004896,O001702,P0042,3,388.95,17.83
I0004897,O001703,P0017,4,91.73,16.08
I0004898,O001703,P0001,1,369.16,22.12
I0004899,O001703,P0012,5,365.29,17.06
I0004900,O001704,P0471,1,69.20,27.50
I0004901,O001704,P0472,5,71.85,18.34
I0004902,O001704,P0468,2,55.54,17.14
I0004903,O001705,P0181,5,146.76,22.40
I0004904,O001705,P0182,3,69.04,14.54
I0004905,O001705,P0158,3,108.50,7.48
I0004906,O001706,P0152,1,137.44,13.06
I0004907,O001706,P0160,3,211.35,2.49
I0004908,O001707,P0041,2,139.73,12.81
I0004909,O001707,P0042,3,385.15,29.34
I0004910,O001707,P0009,4,376.41,12.43
I0004911,O001708,P0321,-4,96.07,9.63
I0004912,O001708,P0322,4,484.89,14.20
I0004913,O001709,P0315,2,137.64,1.17
I0004914,O001709,P0308,5,422.23,25.72
I0004915,O001709,P0315,1,140.75,6.28
I0004916,O001710,P0381,1,105.61,2.53
I0004917,O001710,P0382,1,314.87,27.82
I0004918,O001710,P0319,1,383.60,13.14
I0004919,O001711,P0011,5,360.93,20.66
I0004920,O001711,P0004,2,145.86,11.81
I0004921,O001711,P0020,3,64.03,9.47
I0004922,O001712,P0181,5,155.32,17.03
I0004923,O001712,P0182,4,110.65,1.15
I0004924,O001713,P0151,5,88.10,12.25
I0004925,O001713,P0152,2,95.11,7.28
I0004926,O001713,P0157,3,40.61,16.29
I0004927,O001714,P0361,2,315.34,3.84
I0004928,O001714,P0362,3,263.82,13.86
I0004929,O001714,P0302,2,269.45,4.54
I0004930,O001715,P0301,2,156.98,23.43
I0004931,O001715,P0302,3,327.16,30.01
I0004932,O001716,P0021,4,328.53,28.94
I0004933,O001716,P0022,3,558.84,34.31
I0004934,O001717,P0451,3,114.36,17.80
I0004935,O001717,P0452,5,81.95,6.00
I0004936,O001717,P0453,2,88.44,20.89
I0004937,O001718,P0463,2,103.76,13.10
I0004938,O001718,P0453,5,140.53,30.20
I0004939,O001719,P0321,3,130.99,13.73
I0004940,O001719,P0322,4,466.03,20.17
I0004941,O001719,P0307,5,123.77,13.39
I0004942,O001719,P0316,3,244.46,16.85
I0004943,O001720,P0151,2,165.06,21.66
I0004944,O001720,P0159,2,187.14,15.84
I0004945,O001720,P0166,4,103.22,7.56
I0004946,O001721,P0169,2,57.55,28.81
I0004947,O001721,P0161,4,35.18,25.51
I0004948,O001721,P0159,2,170.33,30.53
I0004949,O001722,P0001,5,370.59,25.33
I0004950,O001722,P0002,2,369.07,13.79
I0004951,O001722,P0020,2,122.03,27.22
I0004952,O001723,P0041,2,146.80,11.04
I0004953,O001723,P0042,5,383.17,27.20
I0004954,O001723,P0005,4,149.23,30.58
I0004955,O001724,P0361,3,287.87,33.57
I0004956,O001724,P0362,4,354.02,7.87
I0004957,O001725,P0003,1,78.92,7.43
I0004958,O001725,P0003,5,75.71,6.77
I0004959,O001726,P0464,5,24.48,32.87
I0004960,O001726,P0462,4,97.18,28.87
I0004961,O001726,P0462,3,73.58,6.43
I0004962,O001727,P0307,4,104.53,3.63
I0004963,O001727,P0309,3,284.89,17.41
I0004964,O001727,P0305,1,370.68,9.57
I0004965,O001728,P0151,4,169.00,9.01
I0004966,O001728,P0152,3,110.64,1.09
I0004967,O001729,P0021,2,248.77,7.62
I0004968,O001729,P0022,1,612.33,24.81
I0004969,O001730,P0471,2,63.96,24.56
I0004970,O001730,P0472,2,80.32,22.36
I0004971,O001730,P0459,5,88.19,3.77
I0004972,O001730,P0465,1,71.67,4.93
I0004973,O001731,P0471,1,57.09,23.60
I0004974,O001731,P0472,1,115.50,23.23
I0004975,O001731,P0462,5,100.75,6.16
I0004976,O001732,P0061,1,235.73,8.44
I0004977,O001732,P0062,2,276.45,23.39
I0004978,O001732,P0001,3,332.17,2.74
I0004979,O001733,P0470,4,133.83,23.21
I0004980,O001733,P0460,2,76.07,20.79
I0004981,O001734,P0018,3,195.14,32.76
I0004982,O001734,P0015,1,316.09,9.05
I0004983,O001734,P0011,2,424.86,5.03
I0004984,O001735,P0021,4,282.81,30.56
I0004985,O001735,P0022,5,449.82,9.85
I0004986,O001735,P0002,2,506.83,20.37
I0004987,O001736,P0461,5,80.41,21.69
I0004988,O001736,P0462,3,85.08,28.80
I0004989,O001737,P0061,3,203.49,11.69
I0004990,O001737,P0062,4,226.08,24.23
I0004991,O001737,P0019,1,114.09,17.41
I0004992,O001738,P0302,2,250.51,11.79
I0004993,O001738,P0314,1,138.90,18.83
I0004994,O001738,P0319,5,401.64,25.59
I0004995,O001739,P0302,2,229.79,29.49
I0004996,O001739,P0319,1,386.87,33.32
I0004997,O001740,P0501,2,45.26,32.69
I0004998,O001740,P0502,4,56.31,15.85
I0004999,O001741,P0151,2,162.96,0.81
I0005000,O001741,P0152,1,106.57,28.17
I0005001,O001741,P0170,1,83.07,24.92
I0005002,O001742,P0160,2,130.53,23.61
I0005003,O001742,P0165,3,97.07,1.92
I0005004,O001743,P0021,4,319.52,19.05
I0005005,O001743,P0022,5,371.47,7.38
I0005006,O001743,P0011,4,407.30,10.76
I0005007,O001744,P0301,3,170.94,1.72
I0005008,O001744,P0302,1,274.71,25.88
I0005009,O001745,P0061,1,278.87,28.62
I0005010,O001745,P0062,4,304.12,18.60
I0005011,O001745,P0004,5,174.53,30.96
I0005012,O001746,P0001,2,438.50,32.52
I0005013,O001746,P0018,5,215.56,19.50
I0005014,O001747,P0381,5,71.25,23.08
I0005015,O001747,P0382,4,288.49,6.62
I0005016,O001747,P0314,5,146.77,18.32
I0005017,O001748,P0001,4,401.14,21.77
I0005018,O001748,P0002,5,346.53,31.32
I0005019,O001749,P0061,2,354.62,10.34
I0005020,O001749,P0062,5,317.17,20.18
I0005021,O001749,P0011,3,415.81,5.99
I0005022,O001749,P0007,1,258.07,25.36
I0005023,O001750,P0361,5,257.44,3.67
I0005024,O001750,P0362,2,349.47,16.32
I0005025,O001750,P0309,3,277.94,25.29
I0005026,O001751,P0301,1,139.78,24.19
I0005027,O001751,P0302,1,200.11,17.04
I0005028,O001751,P0307,5,83.90,5.26
I0005029,O001752,P0007,4,190.01,3.62
I0005030,O001752,P0007,2,308.36,21.80
I0005031,O001752,P0001,2,359.15,14.63
I0005032,O001752,P0006,3,79.35,12.75
I0005033,O001753,P0021,3,235.38,31.37
I0005034,O001753,P0022,2,321.30,10.45
I0005035,O001753,P0020,4,107.17,14.97
I0005036,O001754,P0016,4,100.01,31.45
I0005037,O001754,P0014,4,321.85,0.16
I0005038,O001754,P0014,4,407.24,32.94
I0005039,O001755,P0501,1,51.46,1.62
I0005040,O001755,P0502,1,98.58,10.48
I0005041,O001755,P0470,2,121.56,21.98
I0005042,O001755,P0466,4,69.23,1.11
I0005043,O001756,P0451,1,73.05,27.14
I0005044,O001756,P0452,3,59.04,28.60
I0005045,O001757,P0501,1,59.30,22.05
I0005046,O001757,P0502,3,61.00,20.91
I0005047,O001757,P0459,5,118.47,19.61
I0005048,O001757,P0469,2,79.72,31.41
I0005049,O001758,P0191,5,84.85,32.28
I0005050,O001758,P0192,4,131.81,5.01
I0005051,O001758,P0158,1,163.40,11.26
I0005052,O001759,P0021,5,330.90,7.35
I0005053,O001759,P0022,1,470.94,25.13
I0005054,O001759,P0020,3,78.86,0.10
I0005055,O001760,P0012,3,477.92,27.18
I0005056,O001760,P0020,1,81.59,25.74
I0005057,O001761,P0021,5,303.39,11.71
I0005058,O001761,P0022,4,312.69,7.18
I0005059,O001762,P0464,2,16.46,26.62
I0005060,O001762,P0469,2,112.06,9.19
I0005061,O001762,P0459,3,92.15,21.03
I0005062,O001763,P0041,4,217.58,22.97
I0005063,O001763,P0042,1,457.79,23.50
I0005064,O001763,P0014,2,310.22,0.73
I0005065,O001764,P0009,1,462.59,24.80
I0005066,O001764,P0012,3,425.27,27.34
I0005067,O001765,P0167,1,95.00,18.06
I0005068,O001765,P0166,5,67.21,8.07
I0005069,O001765,P0151,2,114.89,23.40
I0005070,O001766,P0061,5,267.18,21.06
I0005071,O001766,P0062,5,276.69,28.45
I0005072,O001766,P0017,2,96.30,6.72
I0005073,O001767,P0011,1,392.58,27.17
I0005074,O001767,P0004,1,146.69,8.94
I0005075,O001767,P0020,2,109.84,1.20
I0005076,O001768,P0001,2,361.55,24.73
I0005077,O001768,P0002,4,578.11,27.48
I0005078,O001769,P0001,1,294.21,17.53
I0005079,O001769,P0002,5,328.12,30.75
I0005080,O001770,P0001,2,246.32,4.79
I0005081,O001770,P0002,4,388.53,16.00
I0005082,O001770,P0014,2,309.71,25.17
I0005083,O001770,P0006,2,91.48,28.98
I0005084,O001771,P0019,5,156.73,28.69
I0005085,O001771,P0011,3,335.77,32.92
I0005086,O001771,P0001,3,325.44,23.40
I0005087,O001772,P0021,3,469.97,23.76
I0005088,O001772,P0022,3,429.07,19.92
I0005089,O001773,P0318,2,86.99,0.60
I0005090,O001773,P0313,4,242.28,8.75
I0005091,O001773,P0310,5,294.35,10.28
I0005092,O001773,P0313,5,136.41,27.19
I0005093,O001774,P0154,3,42.21,5.71
I0005094,O001774,P0162,-3,79.67,34.59
I0005095,O001774,P0159,1,182.73,23.71
I0005096,O001775,P0020,1,72.65,16.71
I0005097,O001775,P0016,5,118.02,8.27
I0005098,O001775,P0012,4,500.23,21.95
I0005099,O001776,P0461,5,139.77,5.57
I0005100,O001776,P0462,1,89.90,34.57
I0005101,O001776,P0464,5,26.17,19.49
I0005102,O001777,P0471,5,61.22,17.39
I0005103,O001777,P0472,4,79.77,4.72
I0005104,O001777,P0456,3,70.21,7.02
I0005105,O001778,P0181,1,100.63,27.13
I0005106,O001778,P0182,4,119.89,21.45
I0005107,O001778,P0156,3,106.22,13.17
I0005108,O001778,P0160,4,173.59,0.13
I0005109,O001779,P0041,5,220.48,18.89
I0005110,O001779,P0042,1,587.02,1.74
I0005111,O001779,P0012,2,504.22,17.61
I0005112,O001779,P0016,5,92.56,5.70
I0005113,O001780,P0021,1,331.63,12.54
I0005114,O001780,P0022,3,578.59,1.69
I0005115,O001780,P0004,4,207.59,26.30
I0005116,O001781,P0361,1,385.82,30.02
I0005117,O001781,P0362,3,327.85,19.14
I0005118,O001781,P0308,1,317.67,30.30
I0005119,O001782,P0011,2,421.60,18.25
I0005120,O001782,P0004,4,205.57,25.20
I0005121,O001782,P0003,4,59.25,15.42
I0005122,O001782,P0005,2,228.70,23.57
I0005123,O001783,P0009,1,314.16,28.41
I0005124,O001783,P0016,1,81.06,12.39
I0005125,O001784,P0006,5,91.54,17.26
I0005126,O001784,P0014,3,214.00,28.17
I0005127,O001784,P0016,2,123.56,26.46
I0005128,O001785,P0191,4,63.94,21.61
I0005129,O001785,P0192,5,77.82,22.64
I0005130,O001785,P0158,1,160.31,31.94
I0005131,O001786,P0009,3,224.81,12.16
I0005132,O001786,P0006,1,79.32,22.38
I0005133,O001786,P0009,5,393.04,14.56
I0005134,O001787,P0016,5,84.53,10.24
I0005135,O001787,P0009,3,379.62,2.02
I0005136,O001787,P0005,3,152.62,18.56
I0005137,O001788,P0171,1,76.01,8.14
I0005138,O001788,P0172,4,104.11,0.20
I0005139,O001788,P0166,3,92.99,27.22
I0005140,O001788,P0156,5,119.86,3.76
I0005141,O001789,P0181,2,127.79,3.69
I0005142,O001789,P0182,5,110.69,21.79
I0005143,O001789,P0157,5,59.19,6.67
I0005144,O001790,P0001,1,308.35,28.24
I0005145,O001790,P0003,3,84.93,16.88
I0005146,O001791,P0309,1,477.75,15.96
I0005147,O001791,P0302,5,290.07,33.24
I0005148,O001791,P0303,4,164.29,18.52
I0005149,O001792,P0171,4,70.36,31.92
I0005150,O001792,P0172,1,100.69,0.06
I0005151,O001793,P0151,4,85.36,31.86
I0005152,O001793,P0152,1,85.47,17.49
I0005153,O001794,P0020,1,79.12,29.57
I0005154,O001794,P0002,4,548.74,31.26
I0005155,O001795,P0153,4,83.46,10.67
I0005156,O001795,P0152,2,102.06,6.28
I0005157,O001795,P0154,2,30.90,19.86
I0005158,O001796,P0041,3,253.85,27.53
I0005159,O001796,P0042,2,385.25,34.02
I0005160,O001796,P0011,2,506.01,2.93
I0005161,O001796,P0009,5,444.11,29.18
I0005162,O001797,P0021,3,386.59,4.84
I0005163,O001797,P0022,3,354.69,4.04
I0005164,O001798,P0171,3,60.84,25.62
I0005165,O001798,P0172,4,101.94,30.95
I0005166,O001799,P0361,2,344.76,15.72
I0005167,O001799,P0362,5,293.10,1.11
I0005168,O001799,P0314,5,160.79,33.09
I0005169,O001800,P0061,2,240.54,16.16
I0005170,O001800,P0062,3,316.31,31.51
I0005171,O001801,P0305,5,306.85,11.21
I0005172,O001801,P0306,5,236.58,4.48
I0005173,O001801,P0315,3,212.78,10.14
I0005174,O001801,P0313,1,168.93,9.63
I0005175,O001802,P0381,2,110.39,6.03
I0005176,O001802,P0382,2,347.61,10.70
I0005177,O001802,P0307,2,97.84,13.57
I0005178,O001802,P0318,4,133.57,27.10
I0005179,O001803,P0001,4,286.40,28.33
I0005180,O001803,P0002,4,325.37,21.40
I0005181,O001803,P0004,1,153.94,0.28
I0005182,O001804,P0381,4,62.67,2.57
I0005183,O001804,P0382,5,328.51,32.18
I0005184,O001805,P0455,1,45.32,22.94
I0005185,O001805,P0454,3,23.82,22.56
I0005186,O001805,P0462,2,85.43,1.24
I0005187,O001806,P0361,1,454.00,14.60
I0005188,O001806,P0362,4,199.12,8.63
I0005189,O001807,P0471,3,47.23,27.79
I0005190,O001807,P0472,2,113.71,31.10
I0005191,O001807,P0455,5,65.48,7.06
I0005192,O001807,P0469,2,115.59,2.21
I0005193,O001808,P0181,5,163.07,16.04
I0005194,O001808,P0182,3,98.34,6.55
I0005195,O001808,P0160,3,140.23,10.33
I0005196,O001808,P0161,5,24.69,0.75
I0005197,O001809,P0301,2,173.21,21.70
I0005198,O001809,P0302,2,329.11,15.09
I0005199,O001809,P0312,1,267.21,11.84
I0005200,O001810,P0012,2,546.06,15.91
I0005201,O001810,P0013,3,283.34,28.60
I0005202,O001811,P0061,4,220.41,7.22
I0005203,O001811,P0062,2,209.55,10.29
I0005204,O001812,P0151,3,114.70,23.94
I0005205,O001812,P0152,1,160.80,23.42
I0005206,O001812,P0158,3,190.34,31.99
I0005207,O001813,P0007,-3,237.56,26.85
I0005208,O001813,P0007,4,325.42,14.72
I0005209,O001813,P0004,4,162.29,5.36
I0005210,O001814,P0461,3,92.73,29.93
I0005211,O001814,P0462,3,111.02,9.64
I0005212,O001814,P0468,1,88.56,8.28
I0005213,O001815,P0301,-3,208.17,22.97
I0005214,O001815,P0302,3,290.03,14.31
I0005215,O001815,P0313,2,221.65,19.25
I0005216,O001816,P0021,4,302.68,30.44
I0005217,O001816,P0022,4,503.88,27.39
I0005218,O001816,P0009,3,401.31,16.41
I0005219,O001817,P0312,4,409.85,33.31
I0005220,O001817,P0308,4,249.78,11.64
I0005221,O001818,P0501,3,32.40,13.53
I0005222,O001818,P0502,4,54.54,32.78
I0005223,O001818,P0464,4,15.97,1.65
I0005224,O001818,P0464,2,20.56,30.08
I0005225,O001819,P0459,2,105.45,18.21
I0005226,O001819,P0457,1,77.50,27.57
I0005227,O001820,P0019,2,104.24,3.33
I0005228,O001820,P0005,5,198.86,29.96
I0005229,O001820,P0016,3,93.03,21.14
I0005230,O001821,P0461,5,113.88,3.03
I0005231,O001821,P0462,4,114.68,5.88
I0005232,O001821,P0460,4,128.12,11.79
I0005233,O001822,P0321,4,149.36,27.76
I0005234,O001822,P0322,5,457.28,27.42
I0005235,O001823,P0021,4,321.14,20.86
I0005236,O001823,P0022,2,327.88,11.54
I0005237,O001823,P0004,2,146.48,18.73
I0005238,O001824,P0191,5,61.47,11.04
I0005239,O001824,P0192,4,86.05,18.03
I0005240,O001824,P0160,1,126.23,34.32
I0005241,O001825,P0061,2,306.50,21.69
I0005242,O001825,P0062,4,288.47,27.62
I0005243,O001825,P0011,2,278.51,10.78
I0005244,O001826,P0020,2,85.65,13.39
I0005245,O001826,P0020,4,119.11,27.07
I0005246,O001826,P0015,2,347.33,30.35
I0005247,O001827,P0159,5,187.88,26.23
I0005248,O001827,P0157,2,42.05,24.66
I0005249,O001827,P0169,2,84.74,32.01
I0005250,O001827,P0166,1,81.00,26.44
I0005251,O001828,P0021,5,447.83,24.58
I0005252,O001828,P0022,4,595.50,16.62
I0005253,O001829,P0170,5,112.72,16.70
I0005254,O001829,P0162,3,42.60,32.11
I0005255,O001829,P0165,4,84.51,22.66
I0005256,O001830,P0501,-3,49.93,10.56
I0005257,O001830,P0502,1,64.20,13.48
I0005258,O001830,P0468,2,79.45,34.86
I0005259,O001830,P0470,1,89.25,3.38
I0005260,O001831,P0061,5,185.55,24.92
I0005261,O001831,P0062,5,263.44,24.13
I0005262,O001831,P0014,5,272.81,34.11
I0005263,O001832,P0041,2,196.17,17.18
I0005264,O001832,P0042,1,387.83,22.09
I0005265,O001832,P0019,1,198.32,25.24
I0005266,O001833,P0162,5,46.44,34.47
I0005267,O001833,P0158,1,175.15,20.19
I0005268,O001833,P0153,1,131.08,1.03
I0005269,O001834,P0456,3,101.54,16.42
I0005270,O001834,P0453,2,145.60,33.66
I0005271,O001834,P0466,4,49.62,28.55
I0005272,O001835,P0316,3,131.68,5.03
I0005273,O001835,P0319,4,396.42,28.58
I0005274,O001835,P0314,5,147.23,34.08
I0005275,O001835,P0308,3,294.04,6.01
I0005276,O001836,P0307,1,122.84,24.37
I0005277,O001836,P0315,1,200.97,34.03
I0005278,O001837,P0316,4,137.79,22.63
I0005279,O001837,P0301,2,215.54,25.78
I0005280,O001837,P0301,2,173.49,34.66
I0005281,O001838,P0191,5,56.02,20.89
I0005282,O001838,P0192,3,107.91,22.59
I0005283,O001838,P0169,5,81.02,17.89
I0005284,O001839,P0001,4,328.24,33.95
I0005285,O001839,P0002,4,474.05,27.51
I0005286,O001839,P0007,2,285.56,31.40
I0005287,O001839,P0016,4,61.71,5.02
I0005288,O001840,P0041,3,192.31,10.71
I0005289,O001840,P0042,3,509.19,0.11
I0005290,O001841,P0021,2,334.60,0.09
I0005291,O001841,P0022,1,554.99,33.84
I0005292,O001841,P0016,5,65.45,5.06
I0005293,O001842,P0181,5,157.37,21.45
I0005294,O001842,P0182,4,75.13,6.86
I0005295,O001842,P0158,4,153.24,7.36
I0005296,O001843,P0004,4,121.07,4.97
I0005297,O001843,P0013,5,475.79,22.22
I0005298,O001843,P0012,3,392.04,19.02
I0005299,O001844,P0007,3,266.18,29.32
I0005300,O001844,P0010,2,206.80,13.81
I0005301,O001844,P0006,1,92.83,22.09
I0005302,O001845,P0471,2,58.75,27.56
I0005303,O001845,P0472,3,78.54,12.65
I0005304,O001845,P0464,2,15.36,14.86
I0005305,O001846,P0451,5,96.14,27.30
I0005306,O001846,P0452,2,93.77,26.40
I0005307,O001846,P0467,3,77.62,0.75
I0005308,O001847,P0017,3,81.18,19.35
I0005309,O001847,P0011,3,490.09,17.78
I0005310,O001847,P0002,-5,471.90,30.56
I0005311,O001847,P0001,2,345.12,24.04
I0005312,O001848,P0171,3,75.32,12.07
I0005313,O001848,P0172,3,99.13,29.27
I0005314,O001849,P0171,4,48.45,4.95
I0005315,O001849,P0172,2,136.83,2.96
I0005316,O001849,P0165,1,73.22,1.19
I0005317,O001849,P0155,4,103.05,27.13
I0005318,O001850,P0061,1,343.82,2.46
I0005319,O001850,P0062,4,279.17,30.53
I0005320,O001850,P0017,1,89.73,26.96
I0005321,O001851,P0459,3,89.25,7.42
I0005322,O001851,P0461,3,124.77,18.76
I0005323,O001851,P0462,5,125.98,6.63
I0005324,O001851,P0464,4,23.76,22.96
I0005325,O001852,P0001,3,422.18,23.58
I0005326,O001852,P0002,2,531.54,0.46
I0005327,O001852,P0012,2,451.14,3.92
I0005328,O001853,P0361,2,393.45,21.04
I0005329,O001853,P0362,5,195.50,10.99
I0005330,O001854,P0168,1,19.75,5.06
I0005331,O001854,P0160,2,137.54,30.25
I0005332,O001855,P0361,3,311.35,32.75
I0005333,O001855,P0362,5,235.27,0.54
I0005334,O001855,P0311,3,421.75,29.05
I0005335,O001856,P0151,-4,161.39,13.74
I0005336,O001856,P0152,1,105.84,13.70
I0005337,O001857,P0462,3,114.89,29.20
I0005338,O001857,P0451,5,106.62,14.99
I0005339,O001857,P0462,2,84.82,28.15
I0005340,O001858,P0161,4,37.08,26.84
I0005341,O001858,P0155,2,168.09,0.64
I0005342,O001858,P0153,1,95.46,31.73
I0005343,O001859,P0321,3,140.16,34.40
I0005344,O001859,P0322,1,343.54,5.69
I0005345,O001859,P0308,2,252.09,13.51
I0005346,O001859,P0301,3,182.67,9.25
I0005347,O001860,P0001,3,247.86,12.61
I0005348,O001860,P0002,1,600.47,24.48
I0005349,O001861,P0461,4,77.27,22.25
I0005350,O001861,P0465,5,74.04,31.88
I0005351,O001861,P0468,5,93.86,32.19
I0005352,O001862,P0361,1,414.31,11.94
I0005353,O001862,P0362,3,188.90,30.37
I0005354,O001862,P0303,4,158.98,4.95
I0005355,O001862,P0320,3,327.24,12.67
I0005356,O001863,P0191,3,69.25,5.90
I0005357,O001863,P0192,5,148.71,27.91
I0005358,O001863,P0170,4,71.34,14.98
I0005359,O001864,P0181,3,153.31,18.81
I0005360,O001864,P0182,1,112.27,7.03
I0005361,O001864,P0163,3,71.40,2.70
I0005362,O001864,P0157,1,51.28,28.53
I0005363,O001865,P0041,1,164.56,21.72
I0005364,O001865,P0042,4,433.02,13.31
I0005365,O001866,P0181,4,146.05,26.29
I0005366,O001866,P0182,3,82.39,18.47
I0005367,O001866,P0154,2,22.88,15.81
I0005368,O001866,P0157,3,56.70,14.70
I0005369,O001867,P0181,3,117.49,3.02
I0005370,O001867,P0182,2,79.47,10.96
I0005371,O001868,P0453,3,103.80,31.85
I0005372,O001868,P0465,3,54.52,8.59
I0005373,O001868,P0452,4,94.80,0.70
I0005374,O001868,P0463,1,112.75,9.66
I0005375,O001869,P0151,1,85.59,3.89
I0005376,O001869,P0152,3,139.74,10.47
I0005377,O001869,P0170,3,104.58,3.45
I0005378,O001870,P0501,2,59.03,18.11
I0005379,O001870,P0502,5,104.89,18.15
I0005380,O001870,P0464,2,19.59,4.90
I0005381,O001870,P0453,5,167.70,22.82
I0005382,O001871,P0001,4,356.70,7.39
I0005383,O001871,P0002,2,508.74,13.22
I0005384,O001871,P0017,4,101.14,15.99
I0005385,O001872,P0001,2,352.88,12.48
I0005386,O001872,P0002,3,354.93,26.52
I0005387,O001872,P0009,3,286.27,7.21
I0005388,O001873,P0321,1,89.89,13.29
I0005389,O001873,P0322,4,407.02,21.78
I0005390,O001873,P0314,3,107.10,0.39
I0005391,O001874,P0464,2,26.01,34.07
I0005392,O001874,P0462,2,120.88,32.35
I0005393,O001874,P0464,5,21.44,1.48
I0005394,O001874,P0460,2,112.94,5.85
I0005395,O001875,P0168,3,21.97,11.41
I0005396,O001875,P0169,5,95.11,11.27
I0005397,O001876,P0171,2,60.06,12.15
I0005398,O001876,P0172,1,83.22,0.11
I0005399,O001877,P0306,3,184.39,17.90
I0005400,O001877,P0303,4,144.02,27.14
I0005401,O001877,P0310,2,192.95,17.73
I0005402,O001878,P0061,4,324.72,14.70
I0005403,O001878,P0062,2,368.15,25.33
I0005404,O001878,P0007,3,332.20,8.95
I0005405,O001878,P0010,1,294.48,11.23
I0005406,O001879,P0381,5,59.57,3.38
I0005407,O001879,P0382,3,262.37,4.77
I0005408,O001879,P0312,2,421.73,3.46
I0005409,O001880,P0061,1,195.63,22.61
I0005410,O001880,P0062,4,345.05,13.75
I0005411,O001881,P0181,2,105.05,6.12
I0005412,O001881,P0182,1,84.61,27.76
I0005413,O001882,P0181,3,105.48,19.19
I0005414,O001882,P0182,5,84.67,15.89
I0005415,O001882,P0156,4,152.66,15.30
I0005416,O001883,P0501,3,47.85,34.24
I0005417,O001883,P0502,5,54.15,24.36
I0005418,O001884,P0381,4,83.34,13.88
I0005419,O001884,P0382,4,207.52,7.15
I0005420,O001885,P0162,1,41.88,13.48
I0005421,O001885,P0168,1,32.90,24.29
I0005422,O001885,P0159,2,126.60,21.55
I0005423,O001885,P0157,3,64.71,32.72
I0005424,O001886,P0005,5,200.77,1.45
I0005425,O001886,P0015,5,426.97,26.72
I0005426,O001886,P0011,5,381.68,6.62
I0005427,O001887,P0061,1,184.10,4.86
I0005428,O001887,P0062,1,329.76,31.34
I0005429,O001888,P0471,1,68.77,10.21
I0005430,O001888,P0472,2,101.92,0.50
I0005431,O001889,P0321,3,157.60,10.61
I0005432,O001889,P0322,2,427.98,24.48
I0005433,O001889,P0306,4,184.10,7.42
I0005434,O001890,P0041,4,264.57,24.48
I0005435,O001890,P0042,4,446.92,11.81
I0005436,O001891,P0163,5,48.18,9.09
I0005437,O001891,P0163,-2,44.34,28.15
I0005438,O001892,P0311,4,314.88,22.73
I0005439,O001892,P0320,2,219.73,23.47
I0005440,O001892,P0303,-5,138.19,20.95
I0005441,O001892,P0303,4,115.98,31.43
I0005442,O001893,P0453,4,87.80,3.51
I0005443,O001893,P0457,3,88.99,21.36
I0005444,O001893,P0458,1,62.65,14.43
I0005445,O001894,P0041,2,143.12,28.73
I0005446,O001894,P0042,1,548.43,24.83
I0005447,O001895,P0041,3,162.55,30.85
I0005448,O001895,P0042,5,441.89,11.23
I0005449,O001896,P0461,4,82.48,23.42
I0005450,O001896,P0462,2,90.87,33.41
I0005451,O001896,P0462,1,83.60,24.22
I0005452,O001897,P0451,3,70.24,22.20
I0005453,O001897,P0454,3,36.05,8.84
I0005454,O001897,P0463,2,77.10,33.20
I0005455,O001897,P0457,4,108.74,14.47
I0005456,O001898,P0361,4,375.63,33.05
I0005457,O001898,P0362,2,275.70,10.70
I0005458,O001899,P0181,-5,162.59,29.05
I0005459,O001899,P0182,4,106.56,16.94
I0005460,O001900,P0151,5,152.73,27.87
I0005461,O001900,P0152,1,165.42,34.11
I0005462,O001900,P0164,2,194.52,18.04
I0005463,O001901,P0301,3,195.32,21.72
I0005464,O001901,P0302,5,325.09,15.81
I0005465,O001901,P0312,5,328.57,27.89
I0005466,O001902,P0303,2,126.13,7.44
I0005467,O001902,P0303,3,216.81,30.56
I0005468,O001902,P0306,1,237.62,29.13
I0005469,O001902,P0302,1,280.37,4.88
I0005470,O001903,P0191,5,45.15,24.46
I0005471,O001903,P0192,2,121.39,26.71
I0005472,O001904,P0164,5,114.96,8.95
I0005473,O001904,P0161,4,29.84,16.08
I0005474,O001905,P0020,5,90.99,15.37
I0005475,O001905,P0004,1,157.45,2.20
I0005476,O001905,P0019,5,149.28,8.32
I0005477,O001906,P0041,3,221.37,34.85
I0005478,O001906,P0042,3,460.28,11.89
I0005479,O001906,P0001,5,295.83,30.57
I0005480,O001907,P0014,3,273.39,2.04
I0005481,O001907,P0006,4,132.63,4.01
I0005482,O001908,P0001,3,355.79,32.45
I0005483,O001908,P0002,3,496.67,4.28
I0005484,O001908,P0008,3,361.30,27.86
I0005485,O001909,P0171,2,78.68,9.61
I0005486,O001909,P0172,1,90.67,31.87
I0005487,O001909,P0164,1,189.73,31.06
I0005488,O001910,P0451,2,112.41,33.66
I0005489,O001910,P0452,1,86.79,11.78
I0005490,O001911,P0018,4,210.01,17.94
I0005491,O001911,P0018,2,220.22,19.08
I0005492,O001911,P0009,4,426.74,18.61
I0005493,O001912,P0168,1,21.92,3.30
I0005494,O001912,P0151,1,148.90,29.35
I0005495,O001912,P0156,3,162.00,10.53
I0005496,O001912,P0167,5,154.00,10.82
I0005497,O001913,P0003,2,73.87,25.20
I0005498,O001913,P0019,5,124.42,0.25
I0005499,O001913,P0015,1,287.75,23.33
I0005500,O001914,P0463,5,121.58,29.92
I0005501,O001914,P0468,1,81.11,4.74
I0005502,O001915,P0061,3,289.70,7.92
I0005503,O001915,P0062,3,192.66,12.95
I0005504,O001916,P0301,3,237.74,33.90
I0005505,O001916,P0302,2,324.91,16.70
I0005506,O001916,P0314,1,90.19,21.84
I0005507,O001916,P0301,5,205.91,13.66
I0005508,O001917,P0021,3,405.13,32.29
I0005509,O001917,P0022,4,451.31,27.27
I0005510,O001918,P0011,1,364.65,16.01
I0005511,O001918,P0013,4,520.39,28.78
I0005512,O001919,P0061,2,328.23,28.14
I0005513,O001919,P0062,4,252.48,30.50
I0005514,O001919,P0019,2,139.30,12.23
I0005515,O001920,P0151,5,103.76,33.38
I0005516,O001920,P0152,2,158.88,29.43
I0005517,O001920,P0159,1,108.75,30.38
I0005518,O001921,P0171,3,83.62,30.62
I0005519,O001921,P0172,1,145.34,32.20
I0005520,O001922,P0001,4,317.57,1.97
I0005521,O001922,P0002,2,540.32,19.73
I0005522,O001922,P0020,5,83.96,30.06
I0005523,O001923,P0361,3,398.62,25.05
I0005524,O001923,P0362,5,364.72,27.60
I0005525,O001923,P0311,5,231.58,29.91
I0005526,O001923,P0306,3,210.90,18.90
I0005527,O001924,P0316,5,126.56,15.05
I0005528,O001924,P0311,5,227.32,26.00
I0005529,O001924,P0311,5,329.22,28.74
I0005530,O001925,P0021,3,300.45,5.89
I0005531,O001925,P0022,3,564.85,28.54
I0005532,O001925,P0003,5,62.48,34.47
I0005533,O001926,P0457,2,115.32,6.47
I0005534,O001926,P0462,5,104.79,7.95
I0005535,O001926,P0465,3,44.93,10.70
I0005536,O001927,P0470,4,141.47,13.55
I0005537,O001927,P0461,4,103.68,25.13
I0005538,O001927,P0460,5,106.35,0.10
I0005539,O001928,P0381,3,58.77,1.39
I0005540,O001928,P0382,4,242.70,33.93
I0005541,O001928,P0304,5,94.49,1.99
I0005542,O001929,P0151,4,112.33,2.58
I0005543,O001929,P0152,4,141.76,1.44
I0005544,O001929,P0159,2,187.26,17.39
I0005545,O001930,P0171,4,47.02,7.94
I0005546,O001930,P0172,4,134.52,1.01
I0005547,O001930,P0151,3,101.98,23.51
I0005548,O001931,P0021,2,322.27,19.09
I0005549,O001931,P0022,3,386.00,33.87
I0005550,O001931,P0013,5,297.22,22.73
I0005551,O001932,P0061,5,221.26,13.51
I0005552,O001932,P0062,3,312.51,33.34
I0005553,O001932,P0019,2,110.76,23.35
I0005554,O001933,P0171,4,71.61,15.45
I0005555,O001933,P0172,1,140.71,20.45
I0005556,O001934,P0164,4,177.63,17.69
I0005557,O001934,P0152,2,120.45,25.01
I0005558,O001934,P0164,3,209.26,11.57
I0005559,O001935,P0061,1,337.53,27.02
I0005560,O001935,P0062,2,207.70,10.26
I0005561,O001936,P0171,1,83.10,8.87
I0005562,O001936,P0172,-4,141.19,3.59
I0005563,O001936,P0161,1,34.18,21.49
I0005564,O001936,P0154,2,46.03,28.52
I0005565,O001937,P0020,2,104.46,19.64
I0005566,O001937,P0012,2,622.26,4.02
I0005567,O001938,P0451,5,100.35,1.80
I0005568,O001938,P0452,3,63.29,34.08
I0005569,O001938,P0459,2,90.74,23.96
I0005570,O001939,P0158,5,136.33,28.41
I0005571,O001939,P0164,1,160.96,12.54
I0005572,O001940,P0041,3,262.53,13.73
I0005573,O001940,P0042,1,391.64,18.96
I0005574,O001940,P0009,1,368.52,13.29
I0005575,O001941,P0461,4,136.16,32.27
I0005576,O001941,P0467,4,56.90,9.37
I0005577,O001942,P0001,2,477.78,2.59
I0005578,O001942,P0002,4,511.10,17.77
I0005579,O001942,P0006,1,99.86,1.12
I0005580,O001943,P0471,4,40.38,1.62
I0005581,O001943,P0472,4,65.48,8.47
I0005582,O001943,P0453,4,126.43,10.04
I0005583,O001943,P0470,3,141.24,30.82
I0005584,O001944,P0312,2,315.26,15.21
I0005585,O001944,P0309,2,248.88,12.44
I0005586,O001944,P0308,3,223.23,14.80
I0005587,O001945,P0021,2,377.44,6.84
I0005588,O001945,P0022,2,303.98,19.02
I0005589,O001945,P0017,4,107.86,26.89
I0005590,O001945,P0017,5,80.34,2.05
I0005591,O001946,P0316,2,206.56,33.73
I0005592,O001946,P0311,4,398.30,13.09
I0005593,O001947,P0314,3,135.73,9.79
I0005594,O001947,P0308,1,288.45,7.48
I0005595,O001948,P0316,2,230.61,17.18
I0005596,O001948,P0312,2,302.03,6.45
I0005597,O001948,P0302,5,201.11,27.34
I0005598,O001949,P0452,5,84.40,28.85
I0005599,O001949,P0463,5,68.13,25.69
I0005600,O001950,P0301,5,139.31,31.14
I0005601,O001950,P0302,1,241.92,24.03
I0005602,O001951,P0301,1,154.40,13.40
I0005603,O001951,P0302,4,304.82,0.54
I0005604,O001952,P0191,5,44.73,14.10
I0005605,O001952,P0192,2,103.93,25.09
I0005606,O001953,P0302,4,306.29,9.64
I0005607,O001953,P0312,3,352.34,9.00
I0005608,O001953,P0305,4,307.98,10.49
I0005609,O001954,P0451,1,62.08,32.71
I0005610,O001954,P0452,2,61.03,32.93
I0005611,O001955,P0458,2,98.52,31.62
I0005612,O001955,P0466,3,86.92,7.32
I0005613,O001955,P0464,4,15.38,11.98
I0005614,O001956,P0191,4,69.20,29.84
I0005615,O001956,P0192,2,87.67,25.61
I0005616,O001957,P0451,3,92.49,17.44
I0005617,O001957,P0452,2,54.97,24.14
I0005618,O001957,P0467,4,85.59,19.30
I0005619,O001958,P0318,3,81.86,12.84
I0005620,O001958,P0303,5,210.74,19.22
I0005621,O001959,P0308,1,220.92,14.78
I0005622,O001959,P0308,4,282.86,27.65
I0005623,O001959,P0316,1,132.04,16.55
I0005624,O001959,P0302,4,252.69,30.74
I0005625,O001960,P0001,5,332.59,30.24
I0005626,O001960,P0020,1,70.77,20.20
I0005627,O001960,P0012,2,644.95,10.96
I0005628,O001961,P0169,1,75.75,20.71
I0005629,O001961,P0155,3,139.83,14.15
I0005630,O001962,P0156,5,159.99,26.87
I0005631,O001962,P0156,2,146.66,11.84
I0005632,O001962,P0151,5,90.05,6.94
I0005633,O001962,P0164,4,109.95,24.60
I0005634,O001963,P0041,5,204.34,7.34
I0005635,O001963,P0042,5,541.21,21.92
I0005636,O001963,P0015,4,224.33,19.49
I0005637,O001963,P0015,1,225.89,34.10
I0005638,O001964,P0191,5,76.38,9.16
I0005639,O001964,P0192,1,79.94,9.52
I0005640,O001964,P0165,1,108.09,0.99
I0005641,O001965,P0181,1,96.95,23.12
I0005642,O001965,P0182,2,100.81,16.31
I0005643,O001965,P0169,4,63.31,8.74
I0005644,O001965,P0156,3,173.00,11.28
I0005645,O001966,P0451,5,94.75,25.97
I0005646,O001966,P0452,5,59.60,23.57
I0005647,O001966,P0460,2,122.15,7.80
I0005648,O001967,P0171,5,60.22,21.59
I0005649,O001967,P0172,4,146.18,30.53
I0005650,O001967,P0163,5,82.36,23.59
I0005651,O001968,P0061,4,300.89,11.19
I0005652,O001968,P0062,5,277.69,16.88
I0005653,O001968,P0015,4,210.24,31.59
I0005654,O001969,P0061,4,270.00,28.56
I0005655,O001969,P0062,3,229.85,28.67
I0005656,O001969,P0018,3,138.92,14.09
I0005657,O001970,P0156,5,157.05,30.47
I0005658,O001970,P0169,2,89.25,1.93
I0005659,O001970,P0162,5,59.85,23.93
I0005660,O001970,P0161,1,37.81,29.14
I0005661,O001971,P0361,-4,323.58,29.75
I0005662,O001971,P0362,4,287.93,13.90
I0005663,O001972,P0463,5,87.38,17.69
I0005664,O001972,P0465,2,76.13,1.99
I0005665,O001972,P0456,4,63.54,3.54
I0005666,O001973,P0470,4,129.77,5.55
I0005667,O001973,P0469,5,111.60,31.85
I0005668,O001974,P0021,4,321.49,30.38
I0005669,O001974,P0022,3,373.40,3.15
I0005670,O001975,P0021,3,316.44,2.62
I0005671,O001975,P0022,4,535.96,3.05
I0005672,O001976,P0011,2,274.66,19.83
I0005673,O001976,P0001,4,335.98,16.14
I0005674,O001977,P0155,3,181.66,9.64
I0005675,O001977,P0159,2,174.43,2.27
I0005676,O001978,P0361,4,282.63,24.89
I0005677,O001978,P0362,4,253.22,27.29
I0005678,O001978,P0307,5,86.54,1.21
I0005679,O001978,P0320,3,230.64,6.05
I0005680,O001979,P0455,5,48.18,20.39
I0005681,O001979,P0458,1,78.24,17.14
I0005682,O001979,P0463,3,139.76,30.20
I0005683,O001980,P0318,2,79.58,32.33
I0005684,O001980,P0304,1,106.52,4.06
I0005685,O001980,P0317,5,112.29,14.00
I0005686,O001981,P0021,2,365.58,8.71
I0005687,O001981,P0022,2,323.62,13.07
I0005688,O001982,P0301,1,130.62,27.77
I0005689,O001982,P0319,5,440.68,15.02
I0005690,O001982,P0309,3,371.04,2.71
I0005691,O001983,P0471,4,64.61,24.37
I0005692,O001983,P0472,2,123.83,4.95
I0005693,O001984,P0156,5,95.09,11.98
I0005694,O001984,P0161,4,39.00,32.95
I0005695,O001984,P0159,3,130.95,0.26
I0005696,O001985,P0013,2,304.42,12.24
I0005697,O001985,P0011,5,431.64,9.38
I0005698,O001986,P0165,5,116.24,9.23
I0005699,O001986,P0166,1,109.75,26.04
I0005700,O001986,P0161,1,42.06,14.82
I0005701,O001987,P0021,3,361.41,16.66
I0005702,O001987,P0022,2,484.28,4.53
I0005703,O001988,P0151,3,110.13,5.05
I0005704,O001988,P0152,2,125.12,2.87
I0005705,O001988,P0151,5,129.92,27.25
I0005706,O001988,P0169,2,49.79,11.03
I0005707,O001989,P0317,3,135.60,24.20
I0005708,O001989,P0308,2,412.05,5.91
I0005709,O001989,P0311,1,249.36,5.98
I0005710,O001990,P0061,5,237.44,10.28
I0005711,O001990,P0062,5,356.01,19.67
I0005712,O001990,P0018,1,127.27,23.61
I0005713,O001991,P0171,1,85.16,10.14
I0005714,O001991,P0172,5,85.08,15.47
I0005715,O001992,P0451,3,70.52,21.08
I0005716,O001992,P0454,2,34.85,7.13
I0005717,O001993,P0156,5,149.01,31.41
I0005718,O001993,P0169,5,89.37,11.34
I0005719,O001994,P0002,3,362.83,14.06
I0005720,O001994,P0008,2,301.67,4.00
I0005721,O001994,P0012,1,380.72,0.39
I0005722,O001995,P0158,1,134.79,2.25
I0005723,O001995,P0168,5,20.87,31.50
I0005724,O001995,P0165,1,97.31,11.83
I0005725,O001995,P0152,5,136.83,25.38
I0005726,O001996,P0061,1,345.79,0.81
I0005727,O001996,P0062,1,318.68,19.84
I0005728,O001997,P0301,3,198.70,17.05
I0005729,O001997,P0302,1,308.77,2.28
I0005730,O001998,P0191,3,66.27,20.81
I0005731,O001998,P0192,1,124.16,1.73
I0005732,O001999,P0157,4,50.02,20.62
I0005733,O001999,P0153,2,119.15,10.08
I0005734,O002000,P0001,4,330.39,3.86
I0005735,O002000,P0002,3,504.10,12.93
I0005736,O002000,P0002,4,498.08,29.04
I0005737,O002001,P0161,5,43.27,8.95
I0005738,O002001,P0159,5,106.21,5.17
I0005739,O002001,P0169,-5,78.22,25.62
I0005740,O002002,P0017,2,81.14,14.83
I0005741,O002002,P0004,1,137.06,32.12
I0005742,O002003,P0061,1,234.29,9.21
I0005743,O002003,P0062,3,193.71,30.44
I0005744,O002003,P0017,1,89.52,30.86
I0005745,O002003,P0009,5,267.84,8.98
I0005746,O002004,P0009,3,390.38,20.56
I0005747,O002004,P0001,4,471.02,10.52
I0005748,O002005,P0307,4,118.23,14.13
I0005749,O002005,P0319,3,336.23,5.31
I0005750,O002005,P0302,3,191.86,33.86
I0005751,O002006,P0461,5,72.51,27.91
I0005752,O002006,P0462,2,72.64,3.60
I0005753,O002006,P0461,2,103.61,26.74
I0005754,O002007,P0006,4,99.53,29.33
I0005755,O002007,P0014,2,233.72,11.74
I0005756,O002007,P0011,1,485.00,32.21
I0005757,O002007,P0011,2,442.55,34.56
I0005758,O002008,P0002,5,539.92,0.60
I0005759,O002008,P0009,2,446.08,34.62
I0005760,O002008,P0013,3,318.10,26.61
I0005761,O002008,P0016,2,107.52,7.70
I0005762,O002009,P0313,-3,209.66,7.32
I0005763,O002009,P0313,5,144.79,15.19
I0005764,O002009,P0307,1,83.18,0.11
I0005765,O002010,P0012,2,496.09,6.67
I0005766,O002010,P0004,5,133.05,29.92
I0005767,O002010,P0006,3,114.00,20.75
I0005768,O002010,P0004,4,170.06,30.90
I0005769,O002011,P0041,3,175.73,12.84
I0005770,O002011,P0042,4,322.46,34.28
I0005771,O002012,P0455,4,86.54,15.75
I0005772,O002012,P0458,2,71.48,34.58
I0005773,O002013,P0453,1,93.39,34.60
I0005774,O002013,P0453,5,155.34,34.07
I0005775,O002013,P0461,4,85.17,1.94
I0005776,O002014,P0458,3,58.03,21.44
I0005777,O002014,P0453,1,116.14,1.68
I0005778,O002014,P0452,4,66.36,11.91
I0005779,O002015,P0005,5,154.91,20.08
I0005780,O002015,P0015,3,208.56,11.92
I0005781,O002015,P0017,1,69.70,19.03
I0005782,O002016,P0381,1,108.81,33.42
I0005783,O002016,P0382,3,215.82,8.26
I0005784,O002017,P0021,2,393.89,4.22
I0005785,O002017,P0022,5,365.58,24.98
I0005786,O002017,P0015,3,384.39,9.75
I0005787,O002017,P0018,4,170.93,18.38
I0005788,O002018,P0001,2,268.85,25.13
I0005789,O002018,P0002,5,367.48,20.28
I0005790,O002018,P0009,4,254.85,14.11
I0005791,O002019,P0191,1,77.35,29.26
I0005792,O002019,P0192,2,140.79,27.79
I0005793,O002019,P0169,5,52.39,21.71
I0005794,O002020,P0181,5,135.06,23.94
I0005795,O002020,P0182,3,118.20,7.38
I0005796,O002020,P0168,5,18.88,8.27
I0005797,O002020,P0156,-2,144.29,11.26
I0005798,O002021,P0314,4,90.47,32.72
I0005799,O002021,P0306,2,281.21,23.62
I0005800,O002022,P0003,3,75.66,7.13
I0005801,O002022,P0009,3,286.13,26.24
I0005802,O002022,P0019,1,129.03,9.94
I0005803,O002022,P0020,5,66.85,4.98
I0005804,O002023,P0166,4,87.62,28.70
I0005805,O002023,P0164,5,200.27,7.05
I0005806,O002023,P0164,1,121.70,24.76
I0005807,O002023,P0169,-5,85.39,0.64
I0005808,O002024,P0001,1,258.27,12.75
I0005809,O002024,P0002,2,339.95,11.83
I0005810,O002024,P0004,2,148.47,9.05
I0005811,O002024,P0005,4,186.30,14.92
I0005812,O002025,P0191,3,50.27,31.14
I0005813,O002025,P0192,5,153.36,5.70
I0005814,O002025,P0166,1,113.32,30.77
I0005815,O002026,P0041,5,272.58,17.60
I0005816,O002026,P0042,5,346.13,33.32
I0005817,O002026,P0005,4,208.92,19.57
I0005818,O002027,P0156,3,111.75,10.91
I0005819,O002027,P0167,1,100.62,7.40
I0005820,O002027,P0162,4,78.74,30.38
I0005821,O002028,P0312,1,254.90,21.72
I0005822,O002028,P0302,2,313.58,15.49
I0005823,O002029,P0301,3,211.28,30.25
I0005824,O002029,P0302,1,256.52,15.65
I0005825,O002030,P0361,4,463.73,2.71
I0005826,O002030,P0362,1,301.37,29.05
I0005827,O002030,P0319,5,487.49,6.98
I0005828,O002030,P0312,3,220.68,2.21
I0005829,O002031,P0460,5,73.20,3.59
I0005830,O002031,P0466,2,53.84,33.41
I0005831,O002031,P0470,4,104.67,33.06
I0005832,O002032,P0501,1,34.29,10.38
I0005833,O002032,P0502,5,58.86,14.17
I0005834,O002032,P0457,1,108.10,34.67
I0005835,O002032,P0465,3,87.63,4.12
I0005836,O002033,P0018,1,132.10,4.10
I0005837,O002033,P0017,2,69.82,1.86
I0005838,O002034,P0009,3,237.24,25.86
I0005839,O002034,P0005,4,231.55,18.87
I0005840,O002034,P0007,4,293.31,17.81
I0005841,O002034,P0017,3,56.62,6.32
I0005842,O002035,P0160,1,150.30,21.90
I0005843,O002035,P0163,2,64.71,24.47
I0005844,O002035,P0163,1,48.57,26.39
I0005845,O002036,P0459,1,81.64,15.38
I0005846,O002036,P0462,2,109.79,19.94
I0005847,O002037,P0455,4,65.99,14.70
I0005848,O002037,P0465,5,70.75,31.77
I0005849,O002038,P0451,5,111.47,30.24
I0005850,O002038,P0468,2,54.41,33.53
I0005851,O002039,P0157,2,40.59,6.33
I0005852,O002039,P0151,2,132.13,3.62
I0005853,O002039,P0170,2,119.24,11.21
I0005854,O002040,P0013,1,395.68,19.47
I0005855,O002040,P0002,3,384.14,19.01
I0005856,O002041,P0061,5,289.20,19.85
I0005857,O002041,P0062,2,320.10,26.81
I0005858,O002041,P0004,2,203.57,31.75
I0005859,O002042,P0017,2,111.80,28.07
I0005860,O002042,P0020,4,116.53,23.02
I0005861,O002042,P0020,3,71.64,7.64
I0005862,O002043,P0452,2,84.94,29.08
I0005863,O002043,P0463,4,68.08,33.28
I0005864,O002044,P0461,4,86.68,34.85
I0005865,O002044,P0465,-3,80.96,20.64
I0005866,O002044,P0458,3,84.33,32.56
I0005867,O002044,P0458,3,98.58,1.96
I0005868,O002045,P0461,1,118.35,26.40
I0005869,O002045,P0462,4,133.65,25.08
I0005870,O002045,P0459,1,76.05,2.76
I0005871,O002046,P0451,3,63.78,14.65
I0005872,O002046,P0452,5,63.63,21.17
I0005873,O002047,P0167,5,158.55,34.20
I0005874,O002047,P0152,1,156.63,7.67
I0005875,O002047,P0158,3,197.09,0.34
I0005876,O002047,P0151,1,96.11,18.67
I0005877,O002048,P0167,2,102.06,12.92
I0005878,O002048,P0151,5,125.44,7.70
I0005879,O002049,P0361,2,463.90,19.81
I0005880,O002049,P0362,5,307.69,4.66
I0005881,O002049,P0312,2,221.86,20.67
I0005882,O002049,P0319,5,473.76,24.52
I0005883,O002050,P0151,4,168.68,26.41
I0005884,O002050,P0152,5,85.30,22.72
I0005885,O002051,P0021,3,391.00,15.41
I0005886,O002051,P0022,-2,404.22,16.08
I0005887,O002052,P0016,1,93.48,31.72
I0005888,O002052,P0006,2,112.19,29.49
I0005889,O002053,P0465,3,65.43,3.84
I0005890,O002053,P0455,3,60.97,12.34
I0005891,O002053,P0465,4,89.88,32.15
I0005892,O002054,P0163,4,70.68,19.77
I0005893,O002054,P0156,2,154.72,13.64
I0005894,O002055,P0471,2,62.26,16.96
I0005895,O002055,P0472,5,126.12,6.51
I0005896,O002055,P0453,2,89.43,6.96
I0005897,O002056,P0016,3,121.84,24.82
I0005898,O002056,P0006,4,84.11,15.33
I0005899,O002056,P0015,4,411.95,2.65
I0005900,O002056,P0017,5,107.99,19.53
I0005901,O002057,P0001,5,443.50,4.58
I0005902,O002057,P0002,1,579.71,29.39
I0005903,O002058,P0181,5,170.67,7.60
I0005904,O002058,P0182,2,69.51,15.20
I0005905,O002059,P0317,2,91.48,23.54
I0005906,O002059,P0310,1,287.20,17.50
I0005907,O002059,P0310,1,284.61,12.42
I0005908,O002060,P0171,4,71.32,15.09
I0005909,O002060,P0172,4,118.91,0.91
I0005910,O002061,P0151,1,152.48,17.31
I0005911,O002061,P0152,2,130.89,28.46
I0005912,O002061,P0170,5,64.46,25.26
I0005913,O002062,P0191,1,73.53,1.91
I0005914,O002062,P0192,4,141.72,12.73
I0005915,O002062,P0169,2,86.67,34.11
I0005916,O002062,P0157,3,40.28,33.79
I0005917,O002063,P0171,3,53.82,9.99
I0005918,O002063,P0172,1,153.22,21.88
I0005919,O002063,P0156,3,127.20,11.10
I0005920,O002063,P0162,2,71.74,16.43
I0005921,O002064,P0151,1,104.17,25.21
I0005922,O002064,P0152,4,125.87,9.60
I0005923,O002064,P0165,3,62.67,22.20
I0005924,O002065,P0167,5,135.79,2.48
I0005925,O002065,P0159,3,113.76,4.44
I0005926,O002066,P0021,2,442.20,34.72
I0005927,O002066,P0022,1,430.22,8.49
I0005928,O002067,P0004,4,142.24,6.70
I0005929,O002067,P0016,5,122.87,2.29
I0005930,O002068,P0004,5,138.01,18.46
I0005931,O002068,P0006,3,98.24,34.89
I0005932,O002068,P0014,4,255.54,16.55
I0005933,O002069,P0361,4,442.22,10.27
I0005934,O002069,P0362,5,362.82,16.18
I0005935,O002069,P0317,5,134.11,27.82
I0005936,O002070,P0361,1,426.90,10.79
I0005937,O002070,P0362,4,324.11,11.26
I0005938,O002071,P0319,5,384.14,28.78
I0005939,O002071,P0318,4,75.23,1.58
I0005940,O002071,P0303,3,138.06,3.57
I0005941,O002072,P0381,2,93.39,18.86
I0005942,O002072,P0382,3,301.27,7.87
I0005943,O002073,P0456,5,80.55,11.27
I0005944,O002073,P0451,5,90.36,24.42
I0005945,O002073,P0463,1,69.49,5.31
I0005946,O002074,P0171,1,55.59,21.87
I0005947,O002074,P0172,4,108.88,34.09
I0005948,O002074,P0159,5,175.17,12.10
I0005949,O002075,P0181,2,105.71,11.47
I0005950,O002075,P0182,4,127.26,2.56
I0005951,O002075,P0162,3,70.22,31.78
I0005952,O002076,P0151,3,125.22,26.41
I0005953,O002076,P0152,5,116.77,18.87
I0005954,O002076,P0154,3,43.99,9.29
I0005955,O002077,P0041,3,196.72,3.66
I0005956,O002077,P0042,5,457.11,25.79
I0005957,O002078,P0315,5,165.54,5.58
I0005958,O002078,P0317,3,147.44,27.24
I0005959,O002079,P0309,5,267.60,6.70
I0005960,O002079,P0319,5,338.51,33.03
I0005961,O002079,P0319,1,344.34,9.51
I0005962,O002079,P0312,3,290.09,33.71
I0005963,O002080,P0003,2,52.10,10.08
I0005964,O002080,P0008,1,366.17,3.48
I0005965,O002080,P0014,3,276.41,18.95
I0005966,O002081,P0017,3,63.73,1.93
I0005967,O002081,P0013,1,475.39,9.91
I0005968,O002081,P0005,2,126.52,33.72
I0005969,O002081,P0006,4,106.17,5.02
I0005970,O002082,P0041,3,267.12,22.14
I0005971,O002082,P0042,1,310.34,30.68
I0005972,O002083,P0181,2,165.47,10.74
I0005973,O002083,P0182,2,108.59,13.81
I0005974,O002083,P0165,3,79.52,14.90
I0005975,O002084,P0361,1,309.57,16.90
I0005976,O002084,P0362,3,230.70,1.97
I0005977,O002085,P0319,2,256.94,20.33
I0005978,O002085,P0318,4,122.00,1.44
I0005979,O002086,P0471,4,44.85,6.48
I0005980,O002086,P0472,4,99.47,16.36
I0005981,O002086,P0455,2,80.77,31.01
I0005982,O002087,P0010,1,223.59,6.55
I0005983,O002087,P0020,3,85.83,2.03
I0005984,O002087,P0009,3,265.69,17.82
I0005985,O002088,P0061,3,293.18,4.21
I0005986,O002088,P0062,2,297.09,18.11
I0005987,O002088,P0015,4,290.20,26.40
I0005988,O002089,P0312,3,316.97,28.14
I0005989,O002089,P0317,5,146.25,22.03
I0005990,O002089,P0305,5,343.19,2.37
I0005991,O002090,P0159,4,149.10,24.88
I0005992,O002090,P0160,1,147.38,21.84
I0005993,O002090,P0155,3,120.56,2.75
I0005994,O002090,P0169,1,99.37,12.36
I0005995,O002091,P0451,1,89.70,4.41
I0005996,O002091,P0452,5,93.76,25.52
I0005997,O002091,P0467,2,58.77,4.09
I0005998,O002092,P0016,2,101.77,12.02
I0005999,O002092,P0014,1,405.60,30.67
I0006000,O002093,P0012,1,592.70,4.21
I0006001,O002093,P0020,5,110.08,7.10
I0006002,O002094,P0041,2,224.27,9.79
I0006003,O002094,P0042,4,521.44,2.33
I0006004,O002094,P0003,1,92.61,25.56
I0006005,O002094,P0002,2,485.43,17.32
I0006006,O002095,P0471,5,50.17,15.51
I0006007,O002095,P0472,2,103.41,6.76
I0006008,O002096,P0061,1,294.53,9.45
I0006009,O002096,P0062,2,218.82,10.35
I0006010,O002096,P0005,4,224.87,9.85
I0006011,O002097,P0381,4,61.04,15.52
I0006012,O002097,P0382,1,294.03,4.54
I0006013,O002097,P0302,3,233.62,15.18
I0006014,O002097,P0306,3,167.65,20.67
I0006015,O002098,P0001,4,288.12,9.68
I0006016,O002098,P0002,2,334.98,23.90
I0006017,O002098,P0014,3,286.73,30.64
I0006018,O002099,P0061,2,273.80,33.82
I0006019,O002099,P0062,2,214.20,31.42
I0006020,O002100,P0151,4,133.39,17.29
I0006021,O002100,P0161,1,37.87,4.91
I0006022,O002101,P0041,3,175.25,32.18
I0006023,O002101,P0042,3,541.31,27.78
I0006024,O002101,P0018,4,185.80,14.40
I0006025,O002102,P0301,1,190.51,18.97
I0006026,O002102,P0302,3,305.48,24.84
I0006027,O002102,P0320,2,386.42,25.40
I0006028,O002103,P0171,3,59.60,14.66
I0006029,O002103,P0172,1,91.84,17.93
I0006030,O002103,P0154,5,24.55,9.09
I0006031,O002104,P0191,4,84.84,15.00
I0006032,O002104,P0192,4,106.47,3.35
I0006033,O002104,P0152,3,124.36,22.42
I0006034,O002105,P0321,1,145.13,11.38
I0006035,O002105,P0322,2,334.20,18.62
I0006036,O002105,P0308,4,393.75,20.79
I0006037,O002105,P0310,4,210.79,11.97
I0006038,O002106,P0160,4,113.02,13.37
I0006039,O002106,P0159,5,154.99,25.84
I0006040,O002107,P0301,3,204.61,18.01
I0006041,O002107,P0302,5,313.45,9.23
I0006042,O002107,P0313,2,254.48,29.18
I0006043,O002108,P0041,1,188.37,21.10
I0006044,O002108,P0042,1,439.69,26.69
I0006045,O002109,P0381,3,94.73,24.44
I0006046,O002109,P0382,4,288.70,4.25
I0006047,O002110,P0017,3,55.85,4.03
I0006048,O002110,P0019,5,142.59,9.66
I0006049,O002110,P0007,5,261.33,4.08
I0006050,O002110,P0015,1,413.44,8.93
I0006051,O002111,P0321,5,143.83,1.84
I0006052,O002111,P0322,2,360.68,15.48
I0006053,O002111,P0304,5,148.25,12.57
I0006054,O002112,P0061,4,354.61,23.20
I0006055,O002112,P0062,3,237.03,26.78
I0006056,O002112,P0013,3,275.22,6.15
I0006057,O002113,P0061,4,186.44,11.21
I0006058,O002113,P0062,3,213.39,21.72
I0006059,O002114,P0191,5,74.82,4.28
I0006060,O002114,P0192,4,101.80,32.13
I0006061,O002114,P0163,3,66.67,11.65
I0006062,O002115,P0041,5,150.21,25.60
I0006063,O002115,P0042,1,568.86,24.08
I0006064,O002116,P0163,1,76.28,0.30
I0006065,O002116,P0168,5,27.99,19.24
I0006066,O002116,P0157,1,35.84,9.97
I0006067,O002116,P0165,3,101.68,1.38
I0006068,O002117,P0041,3,258.23,7.38
I0006069,O002117,P0042,4,581.93,6.41
I0006070,O002118,P0016,5,76.75,11.73
I0006071,O002118,P0002,4,565.12,26.06
I0006072,O002118,P0003,-3,89.67,12.15
I0006073,O002118,P0006,2,106.15,20.64
I0006074,O002119,P0010,2,400.57,21.14
I0006075,O002119,P0020,3,114.28,14.40
I0006076,O002119,P0003,4,85.01,19.11
I0006077,O002119,P0003,1,81.60,3.06
I0006078,O002120,P0013,4,451.46,2.19
I0006079,O002120,P0003,4,55.07,10.10
I0006080,O002120,P0010,1,213.03,23.44
I0006081,O002121,P0019,4,112.80,8.26
I0006082,O002121,P0006,3,116.07,20.28
I0006083,O002122,P0151,4,99.56,5.18
I0006084,O002122,P0152,1,108.29,25.91
I0006085,O002122,P0151,1,93.37,31.16
I0006086,O002122,P0166,3,59.90,33.13
I0006087,O002123,P0321,1,145.46,6.64
I0006088,O002123,P0322,1,344.65,31.95
I0006089,O002123,P0317,4,74.17,22.44
I0006090,O002124,P0471,2,52.46,11.27
I0006091,O002124,P0472,4,70.95,32.09
I0006092,O002124,P0455,5,80.68,10.27
I0006093,O002125,P0171,3,69.96,2.03
I0006094,O002125,P0172,2,81.83,25.28
I0006095,O002125,P0162,1,53.39,20.73
I0006096,O002125,P0168,5,26.37,3.38
I0006097,O002126,P0010,5,392.12,28.85
I0006098,O002126,P0020,5,60.44,29.51
I0006099,O002126,P0014,1,379.72,23.04
I0006100,O002127,P0041,1,178.08,22.82
I0006101,O002127,P0042,1,303.28,16.81
I0006102,O002128,P0151,5,128.40,1.87
I0006103,O002128,P0152,1,99.62,17.76
I0006104,O002128,P0162,3,50.03,13.32
I0006105,O002129,P0162,2,69.54,22.78
I0006106,O002129,P0161,1,25.70,8.07
I0006107,O002129,P0165,3,71.96,30.80
I0006108,O002130,P0041,5,226.77,25.68
I0006109,O002130,P0042,3,369.65,2.21
I0006110,O002130,P0012,2,573.13,15.51
I0006111,O002130,P0018,2,116.25,28.50
I0006112,O002131,P0455,4,43.21,6.65
I0006113,O002131,P0451,2,123.50,23.60
I0006114,O002131,P0468,2,69.76,12.94
I0006115,O002132,P0181,4,90.94,25.56
I0006116,O002132,P0182,1,101.44,17.73
I0006117,O002133,P0041,5,253.95,15.44
I0006118,O002133,P0042,3,507.75,15.06
I0006119,O002133,P0004,5,140.59,22.77
I0006120,O002134,P0041,1,274.55,31.42
I0006121,O002134,P0042,3,295.09,10.95
I0006122,O002134,P0006,1,123.94,2.93
I0006123,O002134,P0009,3,377.46,6.48
I0006124,O002135,P0041,1,181.61,21.99
I0006125,O002135,P0042,2,502.03,5.60
I0006126,O002136,P0306,2,203.92,27.53
I0006127,O002136,P0316,3,201.81,30.05
I0006128,O002136,P0320,3,289.81,2.82
I0006129,O002137,P0021,5,379.90,19.43
I0006130,O002137,P0022,4,477.20,17.90
I0006131,O002138,P0458,3,57.60,22.50
I0006132,O002138,P0470,4,97.65,19.99
I0006133,O002138,P0453,3,96.44,29.82
I0006134,O002139,P0316,2,224.65,5.17
I0006135,O002139,P0311,4,328.18,18.67
I0006136,O002139,P0312,5,231.29,33.16
I0006137,O002139,P0301,1,229.44,23.94
I0006138,O002140,P0018,2,129.08,7.32
I0006139,O002140,P0015,4,323.63,26.75
I0006140,O002141,P0041,3,149.47,17.77
I0006141,O002141,P0042,1,506.08,25.54
I0006142,O002141,P0008,2,229.63,23.08
I0006143,O002142,P0301,1,227.26,31.85
I0006144,O002142,P0302,1,285.16,28.94
I0006145,O002142,P0318,4,93.15,30.92
I0006146,O002143,P0191,1,55.26,19.23
I0006147,O002143,P0192,4,143.25,22.63
I0006148,O002143,P0163,4,72.97,34.81
I0006149,O002143,P0157,2,69.54,19.76
I0006150,O002144,P0061,5,246.02,12.21
I0006151,O002144,P0062,2,211.13,13.00
I0006152,O002144,P0009,2,460.29,16.63
I0006153,O002145,P0061,3,186.87,30.24
I0006154,O002145,P0062,5,285.52,28.20
I0006155,O002146,P0021,2,276.30,13.77
I0006156,O002146,P0022,1,329.07,0.56
I0006157,O002146,P0020,3,69.51,29.16
I0006158,O002147,P0361,3,337.56,21.73
I0006159,O002147,P0362,3,351.89,5.73
I0006160,O002147,P0320,4,272.47,24.67
I0006161,O002147,P0307,5,117.98,2.84
I0006162,O002148,P0041,4,232.23,22.50
I0006163,O002148,P0042,3,588.04,20.64
I0006164,O002148,P0004,3,130.32,16.77
I0006165,O002149,P0061,5,217.23,1.35
I0006166,O002149,P0062,5,367.20,6.05
I0006167,O002149,P0002,2,490.45,2.67
I0006168,O002149,P0013,5,436.37,12.77
I0006169,O002150,P0361,1,320.92,31.49
I0006170,O002150,P0362,3,189.16,10.30
I0006171,O002150,P0307,2,118.16,23.30
I0006172,O002150,P0310,1,239.99,29.85
I0006173,O002151,P0171,4,70.82,30.87
I0006174,O002151,P0172,4,113.95,14.97
I0006175,O002151,P0158,4,119.80,13.03
I0006176,O002152,P0381,1,106.13,27.78
I0006177,O002152,P0382,1,316.72,31.26
I0006178,O002153,P0191,1,60.86,2.40
I0006179,O002153,P0192,-2,145.88,19.33
I0006180,O002154,P0013,5,477.46,10.45
I0006181,O002154,P0012,5,380.42,26.39
I0006182,O002154,P0016,2,78.96,21.79
I0006183,O002155,P0015,2,367.55,32.50
I0006184,O002155,P0001,4,247.47,21.71
I0006185,O002156,P0451,1,87.83,1.52
I0006186,O002156,P0452,4,88.54,1.61
I0006187,O002156,P0464,1,23.67,16.45
I0006188,O002157,P0181,5,109.96,11.19
I0006189,O002157,P0182,3,82.81,5.78
I0006190,O002158,P0151,4,94.76,30.94
I0006191,O002158,P0169,3,66.84,12.19
I0006192,O002158,P0159,5,105.34,27.17
I0006193,O002159,P0171,2,58.39,34.05
I0006194,O002159,P0172,1,135.28,3.48
I0006195,O002160,P0001,5,386.65,25.52
I0006196,O002160,P0002,1,485.37,7.81
I0006197,O002160,P0014,1,224.92,10.62
I0006198,O002161,P0501,3,57.40,16.94
I0006199,O002161,P0502,3,64.42,23.49
I0006200,O002162,P0315,4,145.11,26.04
I0006201,O002162,P0302,-2,195.54,33.01
I0006202,O002163,P0470,2,78.88,0.28
I0006203,O002163,P0460,1,133.15,28.49
I0006204,O002163,P0460,4,129.64,24.38
I0006205,O002164,P0471,3,75.01,2.23
I0006206,O002164,P0472,2,90.85,11.02
I0006207,O002164,P0456,3,65.10,11.08
I0006208,O002165,P0013,1,267.73,11.46
I0006209,O002165,P0004,3,105.64,11.63
I0006210,O002165,P0015,3,234.29,15.71
I0006211,O002165,P0009,3,237.07,19.77
I0006212,O002166,P0021,5,450.21,19.30
I0006213,O002166,P0022,5,339.46,21.47
I0006214,O002166,P0002,4,350.82,2.64
I0006215,O002167,P0151,4,97.72,12.92
I0006216,O002167,P0152,3,141.23,34.85
I0006217,O002168,P0361,3,382.19,15.44
I0006218,O002168,P0362,2,322.71,34.19
I0006219,O002168,P0307,4,124.41,1.94
I0006220,O002168,P0310,2,243.28,31.28
I0006221,O002169,P0166,2,103.39,21.47
I0006222,O002169,P0168,2,23.99,3.97
I0006223,O002170,P0302,5,216.27,18.93
I0006224,O002170,P0317,1,113.93,28.73
I0006225,O002170,P0311,5,296.37,1.76
I0006226,O002171,P0301,1,167.57,5.11
I0006227,O002171,P0302,3,259.10,12.80
I0006228,O002172,P0151,2,106.11,5.70
I0006229,O002172,P0152,4,99.73,13.56
I0006230,O002172,P0161,2,22.61,4.94
I0006231,O002173,P0021,5,281.25,8.70
I0006232,O002173,P0022,1,539.52,17.82
I0006233,O002174,P0471,1,50.90,32.22
I0006234,O002174,P0472,1,73.65,10.45
I0006235,O002174,P0460,5,67.38,24.19
I0006236,O002174,P0459,4,72.00,0.12
I0006237,O002175,P0013,2,491.39,6.02
I0006238,O002175,P0001,1,396.05,32.93
I0006239,O002175,P0015,1,269.89,32.35
I0006240,O002175,P0007,2,240.09,11.99
I0006241,O002176,P0041,1,186.79,7.22
I0006242,O002176,P0042,5,459.40,18.30
I0006243,O002177,P0313,2,246.66,16.44
I0006244,O002177,P0304,2,125.04,28.76
I0006245,O002178,P0301,2,181.81,18.10
I0006246,O002178,P0302,5,294.12,22.13
I0006247,O002179,P0041,2,218.35,22.72
I0006248,O002179,P0042,5,378.78,0.19
I0006249,O002180,P0021,5,233.94,12.82
I0006250,O002180,P0022,4,411.99,18.33
I0006251,O002181,P0151,5,102.04,30.26
I0006252,O002181,P0152,3,120.84,16.64
I0006253,O002182,P0501,1,32.74,14.14
I0006254,O002182,P0502,4,78.66,10.70
I0006255,O002183,P0191,2,59.13,27.76
I0006256,O002183,P0192,2,114.20,25.47
I0006257,O002183,P0166,2,79.07,26.09
I0006258,O002184,P0154,5,25.68,34.13
I0006259,O002184,P0155,5,149.17,29.37
I0006260,O002184,P0167,5,136.41,29.53
I0006261,O002185,P0151,2,112.01,1.29
I0006262,O002185,P0152,5,94.47,27.69
I0006263,O002185,P0151,2,173.09,18.22
I0006264,O002186,P0301,1,150.77,12.42
I0006265,O002186,P0311,3,373.44,17.54
I0006266,O002187,P0318,4,121.47,18.90
I0006267,O002187,P0303,2,191.45,32.80
I0006268,O002187,P0307,1,110.38,32.59
I0006269,O002188,P0301,1,124.76,28.97
I0006270,O002188,P0302,1,287.01,22.49
I0006271,O002188,P0311,5,293.31,17.97
I0006272,O002188,P0302,5,187.48,9.14
I0006273,O002189,P0041,5,257.39,3.28
I0006274,O002189,P0042,5,405.80,12.25
I0006275,O002189,P0017,5,92.64,3.31
I0006276,O002190,P0451,4,76.78,7.71
I0006277,O002190,P0452,5,90.45,29.69
I0006278,O002190,P0461,1,84.00,16.32
I0006279,O002191,P0451,5,68.09,11.52
I0006280,O002191,P0452,5,84.21,31.29
I0006281,O002192,P0308,2,306.48,32.23
I0006282,O002192,P0301,2,175.26,17.43
I0006283,O002193,P0155,3,135.89,30.62
I0006284,O002193,P0154,3,35.51,31.88
I0006285,O002194,P0009,3,313.64,31.18
I0006286,O002194,P0004,4,204.73,28.43
I0006287,O002194,P0010,4,236.04,30.26
I0006288,O002195,P0181,4,166.79,27.41
I0006289,O002195,P0182,5,76.46,31.33
I0006290,O002196,P0501,1,63.69,17.48
I0006291,O002196,P0502,3,92.20,16.88
I0006292,O002196,P0460,5,68.85,15.13
I0006293,O002197,P0310,4,155.13,4.13
I0006294,O002197,P0309,4,440.62,30.32
I0006295,O002197,P0302,4,267.66,14.69
I0006296,O002197,P0314,2,155.28,17.65
I0006297,O002198,P0461,1,112.72,33.10
I0006298,O002198,P0462,4,72.34,16.55
I0006299,O002198,P0464,4,17.17,16.05
I0006300,O002199,P0381,1,57.96,27.40
I0006301,O002199,P0382,4,257.90,3.76
I0006302,O002199,P0312,2,359.56,23.72
I0006303,O002199,P0310,3,234.17,31.66
I0006304,O002200,P0181,-5,167.63,34.17
I0006305,O002200,P0182,4,123.96,12.13
I0006306,O002201,P0021,4,402.87,34.98
I0006307,O002201,P0022,1,568.59,6.05
I0006308,O002201,P0005,4,161.65,25.36
I0006309,O002201,P0001,5,397.88,0.96
I0006310,O002202,P0021,1,359.31,26.17
I0006311,O002202,P0022,1,427.30,14.53
I0006312,O002202,P0020,2,111.66,14.77
I0006313,O002202,P0020,1,69.51,33.59
I0006314,O002203,P0013,3,411.53,16.97
I0006315,O002203,P0008,1,283.33,2.51
I0006316,O002203,P0020,3,106.93,34.45
I0006317,O002204,P0061,2,217.56,34.58
I0006318,O002204,P0062,5,303.15,0.35
I0006319,O002204,P0006,-3,98.03,13.46
I0006320,O002204,P0003,5,58.25,3.58
I0006321,O002205,P0020,1,92.85,32.55
I0006322,O002205,P0008,4,233.01,21.93
I0006323,O002205,P0017,2,102.88,21.03
I0006324,O002206,P0001,3,255.10,19.25
I0006325,O002206,P0002,3,583.67,17.19
I0006326,O002207,P0021,2,424.32,20.33
I0006327,O002207,P0022,3,348.34,9.26
I0006328,O002208,P0321,3,89.29,20.68
I0006329,O002208,P0322,5,462.32,13.53
I0006330,O002208,P0305,5,248.38,28.13
I0006331,O002208,P0305,1,237.25,7.68
I0006332,O002209,P0171,4,57.02,33.65
I0006333,O002209,P0172,1,147.68,5.23
I0006334,O002209,P0154,1,43.47,24.18
I0006335,O002209,P0157,3,63.19,15.08
I0006336,O002210,P0151,5,149.92,26.11
I0006337,O002210,P0152,1,129.26,30.94
I0006338,O002210,P0159,2,170.08,5.02
I0006339,O002211,P0302,4,286.65,2.77
I0006340,O002211,P0305,5,247.03,0.58
I0006341,O002211,P0305,5,257.10,6.53
I0006342,O002212,P0021,1,423.37,8.68
I0006343,O002212,P0022,1,523.42,18.06
I0006344,O002213,P0152,4,94.25,8.13
I0006345,O002213,P0160,1,157.78,0.79
I0006346,O002214,P0169,3,101.46,6.59
I0006347,O002214,P0170,4,129.87,7.90
I0006348,O002215,P0321,5,103.16,8.94
I0006349,O002215,P0322,1,418.27,33.39
I0006350,O002215,P0308,1,208.17,18.37
I0006351,O002216,P0020,4,101.67,13.89
I0006352,O002216,P0014,4,366.05,28.85
I0006353,O002216,P0010,5,375.87,34.07
I0006354,O002217,P0154,5,41.19,5.29
I0006355,O002217,P0151,3,137.17,27.64
I0006356,O002217,P0154,4,32.30,26.89
I0006357,O002218,P0381,5,73.07,20.97
I0006358,O002218,P0382,4,327.97,8.36
I0006359,O002218,P0309,1,251.42,28.10
I0006360,O002219,P0061,3,305.41,0.86
I0006361,O002219,P0062,2,219.44,18.67
I0006362,O002219,P0007,5,190.63,9.56
I0006363,O002220,P0021,2,259.97,6.42
I0006364,O002220,P0022,5,409.50,4.32
I0006365,O002220,P0007,4,252.59,6.83
I0006366,O002221,P0164,5,134.74,12.43
I0006367,O002221,P0161,2,40.85,5.68
I0006368,O002221,P0164,4,208.45,17.04
I0006369,O002222,P0461,1,69.73,21.90
I0006370,O002222,P0462,2,76.30,23.40
I0006371,O002223,P0361,2,406.30,11.95
I0006372,O002223,P0362,4,312.28,18.79
I0006373,O002224,P0319,5,447.47,12.64
I0006374,O002224,P0311,4,393.66,1.62
I0006375,O002224,P0318,5,81.64,1.25
I0006376,O002224,P0302,3,296.06,10.57
I0006377,O002225,P0464,-3,27.72,31.09
I0006378,O002225,P0464,1,18.20,5.14
I0006379,O002226,P0451,1,65.81,5.43
I0006380,O002226,P0452,4,68.51,22.44
I0006381,O002226,P0461,1,143.81,21.88
I0006382,O002227,P0465,4,69.54,25.41
I0006383,O002227,P0463,2,126.32,29.00
I0006384,O002227,P0467,4,79.17,9.05
I0006385,O002228,P0041,1,261.69,22.17
I0006386,O002228,P0042,-2,466.88,0.42
I0006387,O002228,P0002,5,345.76,12.04
I0006388,O002228,P0004,1,112.51,17.33
I0006389,O002229,P0021,3,289.79,13.08
I0006390,O002229,P0022,2,409.75,9.20
I0006391,O002229,P0003,4,59.22,18.74
I0006392,O002230,P0153,3,71.49,7.93
I0006393,O002230,P0155,3,99.70,3.38
I0006394,O002230,P0163,3,71.04,32.15
I0006395,O002231,P0301,2,241.95,26.42
I0006396,O002231,P0302,1,266.23,30.88
I0006397,O002232,P0302,2,198.89,6.09
I0006398,O002232,P0319,5,320.67,30.27
I0006399,O002232,P0310,5,233.99,12.58
I0006400,O002233,P0501,4,52.13,13.66
I0006401,O002233,P0502,5,80.25,20.23
I0006402,O002233,P0454,3,30.97,26.04
I0006403,O002234,P0471,3,77.98,8.69
I0006404,O002234,P0472,2,80.10,17.26
I0006405,O002234,P0454,4,22.38,18.92
I0006406,O002235,P0361,5,307.38,17.39
I0006407,O002235,P0362,1,315.67,3.53
I0006408,O002235,P0319,5,381.36,0.03
I0006409,O002235,P0307,1,108.20,10.09
I0006410,O002236,P0009,3,398.27,31.03
I0006411,O002236,P0016,3,124.05,13.87
I0006412,O002236,P0014,3,223.63,3.42
I0006413,O002237,P0191,5,70.62,14.97
I0006414,O002237,P0192,1,92.67,1.24
I0006415,O002237,P0151,5,87.71,12.10
I0006416,O002237,P0158,3,100.26,21.94
I0006417,O002238,P0181,3,143.13,14.53
I0006418,O002238,P0182,5,111.64,17.25
I0006419,O002238,P0160,2,106.67,12.56
I0006420,O002239,P0001,1,417.23,19.44
I0006421,O002239,P0002,5,372.00,17.12
I0006422,O002240,P0014,2,361.58,10.44
I0006423,O002240,P0013,5,511.35,15.17
I0006424,O002240,P0014,2,259.93,31.46
I0006425,O002240,P0017,1,82.66,27.60
I0006426,O002241,P0170,2,97.35,8.58
I0006427,O002241,P0167,2,138.72,28.55
I0006428,O002241,P0159,3,195.84,25.26
I0006429,O002242,P0013,3,388.96,17.76
I0006430,O002242,P0002,5,419.58,1.73
I0006431,O002242,P0004,4,111.41,24.64
I0006432,O002243,P0191,2,46.02,17.54
I0006433,O002243,P0192,1,126.34,13.76
I0006434,O002243,P0153,3,78.04,11.26
I0006435,O002244,P0003,4,93.38,15.46
I0006436,O002244,P0001,2,322.42,7.84
I0006437,O002244,P0012,5,634.26,6.70
I0006438,O002245,P0301,1,219.18,15.72
I0006439,O002245,P0302,3,227.67,13.93
I0006440,O002246,P0181,4,131.99,25.72
I0006441,O002246,P0182,1,78.99,31.51
I0006442,O002246,P0153,3,131.71,21.77
I0006443,O002247,P0471,5,69.35,23.39
I0006444,O002247,P0472,2,104.72,2.64
I0006445,O002248,P0321,2,161.00,31.86
I0006446,O002248,P0322,2,376.92,10.23
I0006447,O002248,P0309,4,305.15,31.84
I0006448,O002249,P0451,2,65.56,27.22
I0006449,O002249,P0452,1,88.18,34.25
I0006450,O002249,P0451,5,83.98,26.44
I0006451,O002250,P0471,2,42.31,8.62
I0006452,O002250,P0472,3,75.49,25.20
I0006453,O002251,P0181,5,130.66,29.73
I0006454,O002251,P0182,2,68.66,2.76
I0006455,O002251,P0156,3,125.91,15.34
I0006456,O002251,P0159,1,165.17,34.71
I0006457,O002252,P0061,3,245.21,18.57
I0006458,O002252,P0062,3,325.86,2.57
I0006459,O002253,P0001,2,455.17,10.64
I0006460,O002253,P0002,5,587.22,6.07
I0006461,O002253,P0016,3,125.09,27.83
I0006462,O002254,P0151,4,110.08,5.58
I0006463,O002254,P0152,5,148.89,13.93
I0006464,O002254,P0170,5,105.15,30.12
I0006465,O002255,P0017,3,84.34,2.68
I0006466,O002255,P0015,4,361.19,32.57
I0006467,O002256,P0181,5,179.58,29.03
I0006468,O002256,P0182,1,86.49,21.42
I0006469,O002256,P0168,1,36.05,11.80
I0006470,O002257,P0361,5,370.48,9.51
I0006471,O002257,P0362,4,333.64,4.09
I0006472,O002257,P0318,1,125.09,15.85
I0006473,O002258,P0021,5,250.61,7.70
I0006474,O002258,P0022,4,559.36,16.24
I0006475,O002258,P0015,2,328.47,10.23
I0006476,O002259,P0002,1,339.02,10.34
I0006477,O002259,P0007,2,210.39,20.08
I0006478,O002259,P0018,2,194.45,14.79
I0006479,O002260,P0007,1,184.96,28.07
I0006480,O002260,P0006,5,94.50,16.21
I0006481,O002260,P0015,2,350.83,12.73
I0006482,O002261,P0041,3,234.52,19.63
I0006483,O002261,P0042,1,443.36,29.94
I0006484,O002261,P0001,2,305.76,20.26
I0006485,O002262,P0157,4,64.47,1.03
I0006486,O002262,P0165,5,67.52,5.83
I0006487,O002262,P0170,4,102.77,5.91
I0006488,O002262,P0167,5,135.98,30.28
I0006489,O002263,P0001,3,384.37,34.96
I0006490,O002263,P0002,2,349.32,0.84
I0006491,O002263,P0002,5,336.61,30.19
I0006492,O002264,P0001,5,424.39,10.75
I0006493,O002264,P0002,5,344.45,17.29
I0006494,O002264,P0011,5,407.46,24.84
I0006495,O002265,P0156,3,101.25,18.80
I0006496,O002265,P0157,3,41.26,11.71
I0006497,O002266,P0318,2,132.30,14.25
I0006498,O002266,P0310,1,189.99,0.89
I0006499,O002266,P0302,1,300.44,5.49
I0006500,O002267,P0041,1,145.44,19.64
I0006501,O002267,P0042,3,332.99,13.29
I0006502,O002267,P0014,3,226.71,1.22
I0006503,O002267,P0006,3,82.31,6.37
I0006504,O002268,P0466,2,88.68,4.81
I0006505,O002268,P0456,1,59.13,30.15
I0006506,O002268,P0459,2,95.97,1.67
I0006507,O002268,P0465,3,45.21,15.50
I0006508,O002269,P0321,1,109.82,16.22
I0006509,O002269,P0322,3,474.03,33.80
I0006510,O002269,P0303,-2,180.57,28.91
I0006511,O002269,P0304,3,99.71,28.43
I0006512,O002270,P0319,1,325.23,15.58
I0006513,O002270,P0305,1,305.69,30.93
I0006514,O002270,P0305,5,273.77,17.53
I0006515,O002270,P0305,2,291.86,5.71
I0006516,O002271,P0151,2,97.83,32.21
I0006517,O002271,P0152,5,113.03,33.20
I0006518,O002272,P0166,5,84.94,15.44
I0006519,O002272,P0163,1,75.27,7.69
I0006520,O002273,P0301,2,171.06,24.56
I0006521,O002273,P0302,3,281.66,30.53
I0006522,O002274,P0461,5,100.85,2.64
I0006523,O002274,P0462,2,73.28,20.84
I0006524,O002275,P0153,5,67.46,12.53
I0006525,O002275,P0151,3,115.45,23.03
I0006526,O002275,P0168,4,24.08,33.68
I0006527,O002276,P0168,2,18.67,6.69
I0006528,O002276,P0161,3,39.33,24.43
I0006529,O002276,P0169,3,97.40,12.49
I0006530,O002276,P0161,5,34.26,6.05
I0006531,O002277,P0061,2,320.45,7.16
I0006532,O002277,P0062,4,211.32,12.43
I0006533,O002278,P0021,4,349.35,6.22
I0006534,O002278,P0022,2,372.32,0.51
I0006535,O002278,P0014,1,335.26,26.74
I0006536,O002278,P0018,5,209.31,12.69
I0006537,O002279,P0041,4,168.62,23.32
I0006538,O002279,P0042,4,324.30,21.16
I0006539,O002279,P0010,3,398.67,2.74
I0006540,O002279,P0007,1,329.10,9.03
I0006541,O002280,P0151,2,128.97,18.05
I0006542,O002280,P0152,4,114.41,7.39
I0006543,O002280,P0151,3,168.24,9.64
I0006544,O002281,P0181,4,138.95,33.97
I0006545,O002281,P0182,3,67.95,6.96
I0006546,O002281,P0167,-4,154.65,17.03
I0006547,O002281,P0164,5,103.88,28.42
I0006548,O002282,P0317,4,89.46,20.21
I0006549,O002282,P0313,3,126.47,23.40
I0006550,O002282,P0308,2,249.78,24.87
I0006551,O002283,P0467,5,87.29,30.95
I0006552,O002283,P0454,2,40.58,13.37
I0006553,O002284,P0191,-4,52.59,11.38
I0006554,O002284,P0192,2,91.90,20.72
I0006555,O002284,P0155,4,154.39,28.57
I0006556,O002285,P0171,3,72.62,16.48
I0006557,O002285,P0172,1,142.95,14.69
I0006558,O002285,P0167,5,163.09,23.23
I0006559,O002286,P0181,2,114.31,33.99
I0006560,O002286,P0182,3,92.82,4.37
I0006561,O002286,P0170,5,106.06,33.31
I0006562,O002286,P0164,3,132.68,29.00
I0006563,O002287,P0154,2,32.91,24.39
I0006564,O002287,P0159,4,104.36,20.70
I0006565,O002288,P0171,1,79.75,9.26
I0006566,O002288,P0172,5,157.10,32.42
I0006567,O002288,P0154,4,35.74,4.06
I0006568,O002288,P0167,3,166.99,26.31
I0006569,O001817,P0026,-3,121.30,0.00
I0006570,O001533,P0325,-3,70.37,0.00
I0006571,O001736,P0325,-3,129.35,0.00
I0006572,O000939,P0025,-4,149.12,0.00
I0006573,O001604,P0326,-4,75.08,0.00
I0006574,O001401,P0475,-5,38.64,0.00
I0006575,O000509,P0476,-4,161.36,0.00
I0006576,O002064,P0026,-3,176.76,0.00
I0006577,O000892,P0025,1,51.23,0.00
I0006578,O001923,P0326,2,71.04,0.00
I0006579,O000097,P0325,1,142.76,0.00
I0006580,O001242,P0025,1,152.71,0.00
I0006581,O001879,P0475,-5,107.18,0.00
I0006582,O000173,P0476,2,86.46,0.00
I0006583,O000672,P0325,1,129.35,0.00
I0006584,O000790,P0175,-5,169.21,0.00
I0006585,O001857,P0476,-4,145.13,0.00
I0006586,O000505,P0026,-3,164.47,0.00
I0006587,O000668,P0176,-4,157.17,0.00
I0006588,O001486,P0175,-5,97.09,0.00
I0006589,O000093,P0175,1,172.28,0.00
I0006590,O001544,P0176,-4,80.11,0.00
I0006591,O002088,P0475,-5,148.86,0.00
I0006592,O000759,P0326,2,19.96,0.00
I0006593,O000455,P0325,1,159.63,0.00
I0006594,O000563,P0176,-4,159.77,0.00
I0006595,O000031,P0475,2,80.21,0.00
I0006596,O000898,P0175,-5,19.61,0.00
I0006597,O001508,P0026,2,26.59,0.00
I0006598,O002107,P0175,1,73.64,0.00
I0006599,O000491,P0025,1,159.94,0.00
I0006600,O000985,P0175,-5,133.27,0.00
I0006601,O001821,P0476,-4,64.94,0.00
I0006602,O001356,P0026,2,75.48,0.00
I0006603,O000340,P0026,-3,32.27,0.00
I0006604,O001772,P0475,-5,55.12,0.00
I0006605,O000746,P0325,1,107.37,0.00
I0006606,O001082,P0326,-4,62.63,0.00
I0006607,O001534,P0025,-4,152.09,0.00
I0006608,O000614,P0175,1,138.74,0.00
I0006609,O001084,P0325,1,124.83,0.00
I0006610,O000129,P0476,-4,135.47,0.00
I0006611,O001500,P0176,-4,24.59,0.00
I0006612,O001484,P0476,-4,118.49,0.00
I0006613,O002075,P0326,-4,62.29,0.00
I0006614,O001909,P0476,-4,165.78,0.00
I0006615,O000712,P0175,-5,178.81,0.00
I0006616,O000955,P0325,-3,161.85,0.00
I0006617,O001488,P0326,2,150.41,0.00
I0006618,O000260,P0026,-3,70.05,0.00
I0006619,O002101,P0475,2,34.40,0.00
I0006620,O002120,P0326,2,48.80,0.00
I0006621,O001288,P0476,2,41.72,0.00
I0006622,O001467,P0175,1,65.11,0.00
I0006623,O000642,P0325,-3,35.68,0.00
I0006624,O000695,P0326,-4,164.16,0.00
I0006625,O000639,P0026,-3,76.05,0.00
I0006626,O001798,P0475,-5,43.12,0.00
I0006627,O001977,P0326,2,123.47,0.00
I0006628,O000137,P0176,2,31.00,0.00
I0006629,O001495,P0476,2,58.20,0.00
I0006630,O002259,P0025,-4,60.20,0.00
I0006631,O001162,P0475,2,65.55,0.00
I0006632,O001455,P0476,-4,107.46,0.00
I0006633,O001310,P0025,-4,169.23,0.00
I0006634,O001167,P0325,1,40.41,0.00
I0006635,O000558,P0026,-3,136.59,0.00
I0006636,O000647,P0175,1,109.74,0.00
I0006637,O000156,P0025,-4,159.44,0.00
I0006638,O001317,P0025,1,80.32,0.00
I0006639,O001206,P0175,-5,105.40,0.00
I0006640,O002057,P0476,-4,53.50,0.00
I0006641,O001853,P0025,-4,171.28,0.00
I0006642,O000729,P0025,-4,46.27,0.00
I0006643,O000454,P0176,-4,56.86,0.00
I0006644,O000762,P0175,-5,51.15,0.00
I0006645,O002065,P0176,2,174.03,0.00
I0006646,O001648,P0026,-3,123.30,0.00
I0006647,O001835,P0176,-4,117.85,0.00
I0006648,O000977,P0025,1,145.63,0.00
I0006649,O001018,P0475,2,106.48,0.00
I0006650,O000966,P0176,2,84.08,0.00
I0006651,O001868,P0326,-4,133.97,0.00
I0006652,O000118,P0475,-5,84.30,0.00
I0006653,O001755,P0475,-5,164.95,0.00
I0006654,O000883,P0326,-4,116.95,0.00
I0006655,O000599,P0026,-3,70.66,0.00
I0006656,O000845,P0175,-5,83.72,0.00
I0006657,O000210,P0325,-3,119.95,0.00
I0006658,O000015,P0475,-5,62.36,0.00
I0006659,O000305,P0476,-4,26.37,0.00
I0006660,O001805,P0325,-3,116.35,0.00
I0006661,O000351,P0475,2,52.87,0.00
I0006662,O001450,P0325,-3,31.06,0.00
I0006663,O001459,P0025,-4,78.72,0.00
I0006664,O001954,P0026,2,109.95,0.00
I0006665,O001817,P0475,-5,113.54,0.00
I0006666,O001533,P0476,-4,71.52,0.00
I0006667,O001736,P0175,-5,34.81,0.00
I0006668,O000939,P0325,-3,174.45,0.00
I0006669,O001604,P0175,1,57.55,0.00
I0006670,O001401,P0476,2,139.08,0.00
I0006671,O000509,P0326,-4,159.03,0.00
I0006672,O002064,P0025,1,150.63,0.00
I0006673,O000892,P0176,2,176.69,0.00
I0006674,O001923,P0325,-3,143.42,0.00
I0006675,O000097,P0326,-4,116.48,0.00
I0006676,O001242,P0176,-4,117.92,0.00
I0006677,O001879,P0026,-3,18.80,0.00
I0006678,O000173,P0476,2,123.65,0.00
I0006679,O000672,P0326,2,107.59,0.00
I0006680,O000790,P0326,-4,71.28,0.00
I0006681,O001857,P0176,-4,156.93,0.00
I0006682,O000505,P0325,-3,99.36,0.00
I0006683,O000668,P0475,2,58.57,0.00
I0006684,O001486,P0026,2,123.47,0.00
I0006685,O000093,P0176,-4,28.04,0.00
I0006686,O001544,P0476,2,148.52,0.00
I0006687,O002088,P0026,2,149.07,0.00
I0006688,O000759,P0025,-4,55.89,0.00
I0006689,O000455,P0326,-4,95.81,0.00
I0006690,O000563,P0026,2,159.80,0.00
I0006691,O000031,P0025,-4,36.55,0.00
I0006692,O000898,P0176,2,179.37,0.00
I0006693,O001508,P0475,-5,68.15,0.00
I0006694,O002107,P0175,-5,80.56,0.00
I0006695,O000491,P0176,2,71.44,0.00
I0006696,O000985,P0176,-4,129.36,0.00
