order_id,customer_id,order_date,status,region_code
O000001,C0001,2024-03-03 08:09:29,PLACED,SOUTH
O000002,C0002,2023-02-20 08:39:59,DELIVERED,SOUTH
O000003,C0002,2026-01-22 06:58:56,SHIPPED,SOUTH
O000004,C0003,2026-03-14 06:10:00,DELIVERED,WEST
O000005,C0003,2026-06-10 23:39:04,DELIVERED,WEST
O000006,C0004,2023-01-11 23:20:34,DELIVERED,SOUTH
O000007,C0004,2025-07-07 05:46:47,DELIVERED,SOUTH
O000008,C0004,2026-01-22 12:53:09,DELIVERED,SOUTH
O000009,C0005,2023-08-31 00:46:23,DELIVERED,EAST
O000010,C0005,2025-06-26 22:18:35,RETURNED,EAST
O000011,C0005,2026-02-27 05:55:27,DELIVERED,EAST
O000012,C0005,2026-04-05 02:20:56,DELIVERED,EAST
O000013,C0006,2023-06-01 02:38:34,DELIVERED,NORTH
O000014,C0006,2023-11-28 07:33:10,DELIVERED,CENTRAL
O000015,C0006,2024-12-23 11:42:25,RETURNED,EAST
O000016,C0006,2026-01-07 10:24:47,DELIVERED,EAST
O000017,,2026-04-23 00:00:00,SHIPPED,EAST
O000018,C0006,2026-05-07 03:48:45,PLACED,EAST
O000019,C0007,2025-09-01 12:26:17,SHIPPED,EAST
O000020,C0008,2025-06-16 20:04:24,DELIVERED,NORTH
O000021,C0008,2025-12-01 08:49:47,DELIVERED,NORTH
O000022,C0008,2026-01-02 09:19:43,DELIVERED,NORTH
O000023,C0008,2026-04-05 22:30:37,DELIVERED,NORTH
O000024,C0008,2026-06-09 07:22:36,DELIVERED,NORTH
O000025,C0009,2023-05-05 01:37:18,DELIVERED,NORTH
O000026,C0009,2023-10-17 01:32:29,PLACED,NORTH
O000027,C0010,2025-09-14 17:12:51,PLACED,SOUTH
O000028,C0010,2026-01-21 07:31:12,DELIVERED,SOUTH
O000029,C0010,2026-03-05 07:12:51,DELIVERED,SOUTH
O000030,C0010,2026-04-24 12:28:03,DELIVERED,SOUTH
O000031,C0010,2026-05-05 06:49:38,DELIVERED,SOUTH
O000032,C0011,2026-05-27 21:52:50,RETURNED,NORTH
O000033,C0012,2026-04-22 21:14:19,SHIPPED,CENTRAL
O000034,C0013,2023-12-22 21:38:01,DELIVERED,EAST
O000035,C0013,2024-03-21 11:09:33,DELIVERED,EAST
O000036,C0014,2024-05-21 22:10:52,DELIVERED,CENTRAL
O000037,C0014,2024-05-28 22:30:36,DELIVERED,CENTRAL
O000038,C0014,2025-11-03 13:53:51,PLACED,CENTRAL
O000039,C0014,2025-11-19 13:32:40,DELIVERED,EAST
O000040,C0014,2026-04-02 17:58:04,DELIVERED,CENTRAL
O000041,C0015,2024-09-07 08:33:05,SHIPPED,WEST
O000042,C0015,2025-03-16 05:18:12,DELIVERED,WEST
O000043,C0015,2025-03-29 15:31:52,DELIVERED,WEST
O000044,C0015,2025-06-30 08:36:26,DELIVERED,WEST
O000045,C0015,2025-10-02 12:49:18,DELIVERED,WEST
O000046,C0015,2026-04-10 15:01:26,CANCELLED,WEST
O000047,C0016,2024-01-19 05:16:05,DELIVERED,CENTRAL
O000048,C0016,2025-06-27 08:54:11,CANCELLED,CENTRAL
O000049,C0016,2025-09-18 01:14:58,SHIPPED,CENTRAL
O000050,C0017,2024-07-16 20:38:04,CANCELLED,SOUTH
O000051,C0017,2026-05-21 16:43:51,PLACED,SOUTH
O000052,,2026-06-09 00:28:54,DELIVERED,SOUTH
O000053,C0018,2023-06-20 16:32:34,DELIVERED,CENTRAL
O000054,C0018,2026-02-07 02:06:55,PLACED,SOUTH
O000055,C0018,2026-02-18 18:37:03,SHIPPED,NORTH
O000056,C0018,2026-03-21 07:06:42,SHIPPED,NORTH
O000057,C0018,2026-04-22 13:37:28,DELIVERED,SOUTH
O000058,C0018,2026-06-29 04:14:51,DELIVERED,SOUTH
O000059,C0019,2024-08-15 22:08:31,RETURNED,WEST
O000060,C0019,2024-09-28 09:01:02,SHIPPED,WEST
O000061,C0019,2025-12-26 04:49:34,DELIVERED,CENTRAL
O000062,C0019,2026-06-06 02:43:49,SHIPPED,WEST
O000063,C0020,2025-11-25 04:00:41,SHIPPED,EAST
O000064,C0020,2025-12-08 18:14:17,CANCELLED,CENTRAL
O000065,C0020,2026-05-08 03:15:01,SHIPPED,EAST
O000066,C0020,2026-05-21 22:25:01,PLACED,EAST
O000067,C0020,2026-06-08 22:33:43,SHIPPED,EAST
O000068,C0021,2024-11-07 00:15:52,DELIVERED,NORTH
O000069,C0022,2025-08-29 12:46:11,DELIVERED,CENTRAL
O000070,C0022,2026-03-08 10:54:45,DELIVERED,CENTRAL
O000071,C0022,2026-03-18 15:24:19,DELIVERED,WEST
O000072,C0023,2024-07-09 20:56:23,DELIVERED,CENTRAL
O000073,C0023,2025-05-16 00:04:30,DELIVERED,EAST
O000074,C0024,2023-01-31 06:20:51,SHIPPED,SOUTH
O000075,C0024,2024-10-11 00:00:00,PLACED,EAST
O000076,C0024,2025-04-18 16:43:48,CANCELLED,EAST
O000077,C0025,2024-01-10 18:14:20,DELIVERED,NORTH
O000078,C0025,2026-01-19 10:55:40,SHIPPED,EAST
O000079,C0026,2025-06-01 05:46:03,CANCELLED,SOUTH
O000080,C0026,2026-02-13 12:59:24,PLACED,EAST
O000081,C0026,2026-05-12 13:29:22,SHIPPED,SOUTH
O000082,C0026,2026-06-20 13:35:48,DELIVERED,CENTRAL
O000083,C0027,2025-04-11 02:52:43,DELIVERED,NORTH
O000084,C0027,2025-04-14 12:20:38,DELIVERED,WEST
O000085,C0027,2025-06-19 23:34:20,DELIVERED,WEST
O000086,C0027,2025-09-20 00:00:00,DELIVERED,NORTH
O000087,,2026-02-19 06:10:15,SHIPPED,EAST
O000088,C0027,2026-04-22 14:34:25,DELIVERED,EAST
O000089,C0028,2024-09-11 21:07:12,CANCELLED,EAST
O000090,C0028,2025-03-27 21:02:34,DELIVERED,EAST
O000091,C0028,2026-04-07 14:50:50,SHIPPED,EAST
O000092,C0028,2026-06-07 03:33:59,DELIVERED,EAST
O000093,C0029,2024-01-21 07:35:31,SHIPPED,WEST
O000094,C0029,2026-05-19 10:51:10,RETURNED,EAST
O000095,C0030,2023-03-17 01:34:21,SHIPPED,NORTH
O000096,C0030,2023-06-19 20:03:23,SHIPPED,NORTH
O000097,C0030,2026-01-20 00:00:00,CANCELLED,NORTH
O000098,C0031,2024-08-20 06:30:45,SHIPPED,SOUTH
O000099,C0031,2026-01-03 10:05:39,DELIVERED,SOUTH
O000100,C0032,2025-04-18 04:30:59,CANCELLED,CENTRAL
O000101,C0032,2025-05-16 10:14:33,DELIVERED,CENTRAL
O000102,C0032,2026-01-29 07:25:31,PLACED,CENTRAL
O000103,C0033,2024-09-24 13:24:12,CANCELLED,NORTH
O000104,C0033,2025-09-02 09:18:55,CANCELLED,NORTH
O000105,C0033,2026-04-27 01:09:22,CANCELLED,NORTH
O000106,C0033,2026-05-10 00:55:39,DELIVERED,NORTH
O000107,C0033,2026-06-16 16:55:08,DELIVERED,NORTH
O000108,C0034,2024-10-01 04:24:04,PLACED,NORTH
O000109,C0034,2026-01-05 01:12:56,DELIVERED,NORTH
O000110,C0035,2024-06-11 16:28:54,DELIVERED,NORTH
O000111,C0035,2025-01-29 11:27:41,CANCELLED,NORTH
O000112,,2025-10-09 20:35:44,PLACED,NORTH
O000113,C0035,2026-06-21 14:17:11,DELIVERED,NORTH
O000114,C0036,2025-05-03 11:36:34,PLACED,SOUTH
O000115,C0036,2025-05-29 15:59:30,DELIVERED,WEST
O000116,C0036,2025-09-07 12:53:42,PLACED,WEST
O000117,C0036,2025-10-08 00:13:52,DELIVERED,WEST
O000118,C0036,2025-12-02 13:03:07,RETURNED,WEST
O000119,C0036,2025-12-04 02:36:36,DELIVERED,WEST
O000120,C0036,2025-12-06 00:10:44,DELIVERED,WEST
O000121,C0036,2026-02-01 17:29:07,PLACED,WEST
O000122,C0036,2026-03-09 18:31:06,CANCELLED,WEST
O000123,C0036,2026-04-06 09:30:13,SHIPPED,WEST
O000124,C0036,2026-04-25 14:40:14,DELIVERED,WEST
O000125,C0037,2024-01-24 19:37:45,DELIVERED,NORTH
O000126,C0038,2025-10-10 07:36:52,DELIVERED,NORTH
O000127,C0038,2025-11-20 18:10:06,PLACED,NORTH
O000128,C0038,2025-11-26 16:24:23,PLACED,NORTH
O000129,C0038,2025-12-08 04:56:58,DELIVERED,NORTH
O000130,C0038,2025-12-31 02:21:32,SHIPPED,EAST
O000131,C0038,2026-02-13 04:05:52,DELIVERED,WEST
O000132,C0038,2026-02-17 17:25:59,PLACED,NORTH
O000133,C0038,2026-04-24 22:52:24,PLACED,NORTH
O000134,C0038,2026-05-01 06:37:45,SHIPPED,CENTRAL
O000135,C0039,2024-09-24 06:20:08,DELIVERED,CENTRAL
O000136,C0039,2025-08-16 08:48:16,RETURNED,SOUTH
O000137,C0039,2026-05-29 18:10:00,SHIPPED,SOUTH
O000138,C0040,2024-08-12 08:04:23,DELIVERED,WEST
O000139,C0040,2026-06-11 08:50:15,PLACED,WEST
O000140,,2026-06-16 23:04:09,DELIVERED,WEST
O000141,C0040,2026-06-29 14:42:59,SHIPPED,WEST
O000142,C0041,2024-10-19 11:35:10,PLACED,SOUTH
O000143,C0041,2025-12-02 19:59:26,DELIVERED,CENTRAL
O000144,C0042,2024-07-12 07:39:27,PLACED,NORTH
O000145,C0042,2025-03-29 02:28:46,DELIVERED,NORTH
O000146,C0042,2025-08-20 07:45:04,DELIVERED,NORTH
O000147,C0042,2025-09-29 19:37:09,DELIVERED,NORTH
O000148,C0042,2025-11-29 20:04:06,PLACED,NORTH
O000149,C0043,2023-05-31 17:21:01,DELIVERED,CENTRAL
O000150,C0043,2026-02-06 21:36:19,SHIPPED,CENTRAL
O000151,C0044,2023-10-17 15:25:21,RETURNED,NORTH
O000152,C0045,2025-06-04 10:34:19,DELIVERED,CENTRAL
O000153,C0046,2025-11-13 21:18:03,DELIVERED,CENTRAL
O000154,C0046,2026-05-07 00:42:11,RETURNED,CENTRAL
O000155,C0046,2026-05-13 21:17:15,DELIVERED,CENTRAL
O000156,C0047,2025-11-06 22:47:23,CANCELLED,SOUTH
O000157,C0048,2025-11-09 15:25:45,PLACED,WEST
O000158,C0048,2026-02-17 06:41:27,DELIVERED,WEST
O000159,C0048,2026-02-19 18:11:52,DELIVERED,WEST
O000160,C0048,2026-03-01 15:23:05,SHIPPED,WEST
O000161,,2026-03-19 15:12:23,SHIPPED,CENTRAL
O000162,,2026-04-01 00:00:00,DELIVERED,WEST
O000163,C0048,2026-04-13 15:32:49,SHIPPED,WEST
O000164,C0048,2026-05-20 11:21:34,SHIPPED,SOUTH
O000165,C0048,2026-05-27 22:52:10,DELIVERED,WEST
O000166,C0049,2026-06-30 11:22:34,PLACED,NORTH
O000167,C0050,2025-10-23 20:18:38,SHIPPED,WEST
O000168,C0051,2024-03-18 22:23:05,PLACED,CENTRAL
O000169,C0051,2025-01-25 23:23:06,DELIVERED,CENTRAL
O000170,C0051,2025-08-14 11:42:02,PLACED,CENTRAL
O000171,C0051,2025-10-25 03:32:57,DELIVERED,CENTRAL
O000172,C0051,2026-03-15 16:44:41,DELIVERED,CENTRAL
O000173,C0052,2025-12-09 17:59:43,PLACED,SOUTH
O000174,C0052,2026-01-16 00:00:00,DELIVERED,SOUTH
O000175,C0053,2025-05-09 22:29:47,SHIPPED,EAST
O000176,C0054,2025-12-09 21:12:19,PLACED,EAST
O000177,C0055,2023-05-25 06:45:49,DELIVERED,EAST
O000178,C0055,2024-07-03 15:55:22,PLACED,EAST
O000179,C0055,2025-07-29 02:46:20,DELIVERED,EAST
O000180,C0056,2023-07-23 08:31:31,RETURNED,EAST
O000181,C0056,2024-09-28 15:39:47,RETURNED,WEST
O000182,C0056,2024-10-21 07:20:04,PLACED,EAST
O000183,C0056,2025-03-07 08:48:36,SHIPPED,EAST
O000184,C0056,2025-11-30 10:37:37,CANCELLED,CENTRAL
O000185,C0056,2026-01-17 09:32:32,PLACED,EAST
O000186,C0056,2026-02-08 17:25:14,PLACED,EAST
O000187,C0056,2026-05-18 18:37:15,PLACED,CENTRAL
O000188,C0057,2025-05-21 11:42:42,DELIVERED,NORTH
O000189,C0057,2026-03-25 17:09:06,PLACED,NORTH
O000190,C0058,2025-06-24 08:27:34,PLACED,WEST
O000191,C0058,2025-07-08 11:12:18,SHIPPED,WEST
O000192,C0058,2025-07-18 19:35:54,DELIVERED,NORTH
O000193,C0058,2025-08-14 23:49:17,CANCELLED,WEST
O000194,C0058,2025-09-03 21:31:17,PLACED,WEST
O000195,C0058,2025-10-16 09:38:04,SHIPPED,WEST
O000196,C0059,2024-07-20 11:54:07,PLACED,NORTH
O000197,C0059,2025-01-06 14:17:56,DELIVERED,EAST
O000198,C0059,2025-01-27 00:00:00,SHIPPED,NORTH
O000199,C0060,2025-11-02 17:49:08,SHIPPED,NORTH
O000200,C0060,2026-01-11 10:05:16,SHIPPED,CENTRAL
O000201,C0060,2026-01-20 20:02:52,RETURNED,CENTRAL
O000202,C0060,2026-02-16 03:24:23,PLACED,WEST
O000203,C0060,2026-04-01 18:06:36,SHIPPED,CENTRAL
O000204,C0061,2025-04-28 10:08:00,DELIVERED,SOUTH
O000205,C0061,2026-05-23 19:55:47,DELIVERED,SOUTH
O000206,C0062,2024-09-17 04:47:36,PLACED,WEST
O000207,C0062,2025-06-30 15:32:12,DELIVERED,WEST
O000208,C0062,2025-07-31 16:46:01,RETURNED,WEST
O000209,C0062,2025-09-18 12:24:58,DELIVERED,SOUTH
O000210,C0062,2026-05-15 02:37:26,DELIVERED,EAST
O000211,C0063,2025-12-25 11:11:19,RETURNED,NORTH
O000212,C0063,2026-01-24 10:54:11,DELIVERED,NORTH
O000213,C0063,2026-03-11 18:18:47,SHIPPED,NORTH
O000214,C0064,2024-12-16 21:18:17,CANCELLED,SOUTH
O000215,C0064,2025-05-06 11:43:32,SHIPPED,SOUTH
O000216,C0065,2024-11-05 19:24:35,DELIVERED,NORTH
O000217,,2024-12-26 01:11:12,CANCELLED,NORTH
O000218,C0065,2025-05-19 08:45:06,SHIPPED,NORTH
O000219,C0065,2025-06-11 04:51:18,SHIPPED,NORTH
O000220,C0065,2025-08-03 05:21:47,PLACED,NORTH
O000221,C0065,2025-08-31 19:56:32,DELIVERED,NORTH
O000222,C0065,2025-11-05 02:25:46,SHIPPED,NORTH
O000223,C0065,2026-02-08 17:54:24,DELIVERED,NORTH
O000224,C0065,2026-03-04 17:39:25,DELIVERED,CENTRAL
O000225,C0065,2026-03-19 14:40:14,DELIVERED,NORTH
O000226,C0066,2025-11-22 04:16:27,DELIVERED,CENTRAL
O000227,C0066,2026-03-31 12:51:32,SHIPPED,CENTRAL
O000228,C0067,2024-02-11 00:21:16,PLACED,EAST
O000229,C0067,2024-07-14 22:10:48,DELIVERED,EAST
O000230,C0067,2025-02-23 18:17:03,CANCELLED,EAST
O000231,C0067,2025-03-05 17:52:50,DELIVERED,EAST
O000232,C0067,2025-05-20 15:28:30,CANCELLED,EAST
O000233,C0067,2025-10-10 08:32:46,SHIPPED,EAST
O000234,C0067,2025-12-06 06:32:55,DELIVERED,EAST
O000235,C0067,2026-01-01 03:20:16,PLACED,EAST
O000236,C0068,2024-12-03 00:00:00,PLACED,EAST
O000237,C0068,2025-02-10 20:34:06,PLACED,EAST
O000238,C0068,2025-04-14 15:33:16,RETURNED,EAST
O000239,C0069,2025-09-29 08:22:52,DELIVERED,NORTH
O000240,C0070,2024-07-20 17:40:10,DELIVERED,EAST
O000241,,2026-05-18 00:50:29,CANCELLED,EAST
O000242,C0071,2025-06-13 23:04:23,SHIPPED,WEST
O000243,C0071,2025-07-05 06:33:39,DELIVERED,WEST
O000244,,2025-08-15 14:11:41,CANCELLED,WEST
O000245,C0071,2025-10-21 08:36:20,PLACED,WEST
O000246,C0071,2025-10-26 16:01:25,CANCELLED,EAST
O000247,C0071,2025-11-19 04:14:56,PLACED,EAST
O000248,C0071,2026-01-01 20:16:51,DELIVERED,WEST
O000249,C0071,2026-03-16 05:47:33,PLACED,EAST
O000250,C0071,2026-06-16 15:41:43,DELIVERED,NORTH
O000251,C0071,2026-06-21 18:42:37,DELIVERED,WEST
O000252,C0072,2025-12-27 11:02:36,DELIVERED,WEST
O000253,,2026-02-02 21:08:12,SHIPPED,WEST
O000254,C0072,2026-03-31 00:44:10,SHIPPED,WEST
O000255,C0073,2024-09-23 01:03:46,PLACED,NORTH
O000256,C0073,2024-12-24 08:24:06,DELIVERED,WEST
O000257,C0073,2025-02-03 17:27:16,DELIVERED,NORTH
O000258,C0073,2025-02-12 15:26:37,DELIVERED,CENTRAL
O000259,C0073,2025-02-14 09:57:49,SHIPPED,EAST
O000260,C0073,2025-08-05 16:06:13,DELIVERED,EAST
O000261,C0073,2025-08-29 23:24:58,DELIVERED,NORTH
O000262,C0073,2025-09-12 09:16:54,DELIVERED,NORTH
O000263,C0073,2026-04-27 11:34:21,SHIPPED,NORTH
O000264,C0074,2024-10-30 06:59:57,DELIVERED,CENTRAL
O000265,C0074,2025-04-07 03:44:19,DELIVERED,CENTRAL
O000266,C0075,2024-11-18 16:08:51,PLACED,CENTRAL
O000267,C0075,2025-12-15 14:27:38,DELIVERED,CENTRAL
O000268,C0075,2026-01-12 16:48:04,DELIVERED,SOUTH
O000269,C0075,2026-01-20 06:46:08,DELIVERED,NORTH
O000270,C0076,2024-11-22 06:38:10,DELIVERED,CENTRAL
O000271,C0076,2025-08-02 00:57:44,PLACED,EAST
O000272,C0076,2026-04-26 11:30:56,PLACED,NORTH
O000273,C0077,2025-11-11 14:10:30,DELIVERED,SOUTH
O000274,C0077,2026-01-01 08:11:45,DELIVERED,SOUTH
O000275,C0077,2026-02-12 23:51:03,RETURNED,CENTRAL
O000276,C0077,2026-02-21 19:58:06,RETURNED,SOUTH
O000277,C0077,2026-04-20 22:52:02,SHIPPED,SOUTH
O000278,C0077,2026-04-30 14:47:45,DELIVERED,SOUTH
O000279,C0078,2024-01-17 03:55:57,SHIPPED,NORTH
O000280,C0078,2025-08-09 11:53:37,RETURNED,NORTH
O000281,C0079,2025-09-05 14:05:03,RETURNED,WEST
O000282,C0079,2026-04-29 06:25:54,PLACED,WEST
O000283,C0080,2023-08-18 19:00:46,SHIPPED,CENTRAL
O000284,C0080,2023-09-04 16:50:44,PLACED,NORTH
O000285,C0080,2023-09-25 11:59:01,RETURNED,NORTH
O000286,C0080,2025-04-10 17:14:49,DELIVERED,WEST
O000287,C0080,2025-10-25 05:33:48,PLACED,NORTH
O000288,C0081,2023-10-16 07:57:54,RETURNED,CENTRAL
O000289,C0081,2024-01-11 21:03:37,SHIPPED,CENTRAL
O000290,C0081,2024-03-11 04:01:32,RETURNED,CENTRAL
O000291,C0081,2024-09-22 10:11:52,SHIPPED,SOUTH
O000292,C0082,2023-11-15 02:15:36,RETURNED,SOUTH
O000293,C0082,2024-01-21 19:21:22,PLACED,WEST
O000294,C0082,2024-07-24 05:01:32,DELIVERED,WEST
O000295,C0082,2024-12-11 18:50:28,RETURNED,WEST
O000296,C0082,2024-12-28 06:22:14,RETURNED,WEST
O000297,C0082,2025-06-06 08:29:58,DELIVERED,WEST
O000298,C0082,2025-06-08 14:34:41,DELIVERED,WEST
O000299,C0082,2026-01-28 06:40:42,DELIVERED,SOUTH
O000300,C0082,2026-04-01 13:21:04,DELIVERED,EAST
O000301,C0082,2026-06-06 12:00:23,DELIVERED,WEST
O000302,C0083,2025-05-01 12:07:20,DELIVERED,SOUTH
O000303,C0083,2025-06-27 21:44:53,DELIVERED,SOUTH
O000304,C0083,2025-07-26 22:45:44,DELIVERED,WEST
O000305,C0083,2025-10-13 20:16:54,DELIVERED,CENTRAL
O000306,C0084,2024-01-20 13:16:50,SHIPPED,EAST
O000307,C0084,2025-11-15 12:00:31,DELIVERED,EAST
O000308,C0085,2024-11-14 20:15:04,SHIPPED,WEST
O000309,C0085,2025-10-19 18:07:08,CANCELLED,EAST
O000310,C0086,2024-05-11 21:10:20,DELIVERED,WEST
O000311,C0086,2025-05-30 04:28:39,SHIPPED,CENTRAL
O000312,C0086,2026-01-15 20:06:59,DELIVERED,NORTH
O000313,C0087,2024-08-18 09:59:38,DELIVERED,SOUTH
O000314,C0087,2025-07-05 07:33:10,CANCELLED,SOUTH
O000315,C0087,2026-02-16 14:19:02,SHIPPED,SOUTH
O000316,C0088,2024-05-29 21:55:07,SHIPPED,WEST
O000317,C0088,2025-04-29 00:00:00,DELIVERED,WEST
O000318,C0088,2026-06-25 07:20:48,DELIVERED,WEST
O000319,C0089,2024-08-28 01:20:55,SHIPPED,CENTRAL
O000320,C0089,2024-12-12 12:25:21,DELIVERED,CENTRAL
O000321,C0089,2025-01-21 08:10:00,DELIVERED,EAST
O000322,C0089,2025-04-24 12:26:11,PLACED,CENTRAL
O000323,C0089,2025-09-11 19:35:43,DELIVERED,CENTRAL
O000324,C0090,2023-01-10 21:00:15,SHIPPED,SOUTH
O000325,C0090,2024-08-25 18:26:54,RETURNED,EAST
O000326,,2024-09-22 09:13:12,RETURNED,EAST
O000327,C0091,2025-01-29 01:55:15,DELIVERED,WEST
O000328,C0091,2025-02-16 00:00:00,PLACED,NORTH
O000329,C0091,2025-03-01 22:51:31,SHIPPED,WEST
O000330,C0091,2025-06-11 08:38:35,DELIVERED,WEST
O000331,C0091,2025-12-03 22:28:37,DELIVERED,WEST
O000332,C0092,2025-04-22 10:03:40,DELIVERED,WEST
O000333,C0092,2025-12-17 17:39:55,DELIVERED,WEST
O000334,C0093,2025-09-28 13:55:53,RETURNED,WEST
O000335,C0094,2023-07-31 01:35:20,DELIVERED,SOUTH
O000336,C0094,2023-12-07 02:46:12,SHIPPED,SOUTH
O000337,C0094,2025-08-25 17:23:59,SHIPPED,NORTH
O000338,,2026-03-26 08:59:28,SHIPPED,EAST
O000339,C0095,2024-05-23 12:42:34,PLACED,CENTRAL
O000340,C0096,2024-10-17 00:37:43,SHIPPED,SOUTH
O000341,C0096,2024-12-25 11:14:40,SHIPPED,NORTH
O000342,C0096,2025-03-01 17:46:58,DELIVERED,NORTH
O000343,C0096,2026-03-09 05:39:56,SHIPPED,NORTH
O000344,C0097,2024-06-28 10:20:21,DELIVERED,NORTH
O000345,C0097,2025-01-24 04:06:50,DELIVERED,NORTH
O000346,C0097,2025-04-29 01:17:04,DELIVERED,EAST
O000347,C0097,2026-02-01 05:54:13,DELIVERED,CENTRAL
O000348,C0097,2026-05-18 23:13:56,PLACED,NORTH
O000349,C0097,2026-06-04 13:02:28,DELIVERED,NORTH
O000350,C0098,2024-01-28 20:18:17,DELIVERED,CENTRAL
O000351,C0098,2024-02-29 14:43:14,DELIVERED,CENTRAL
O000352,C0098,2025-01-08 00:00:00,DELIVERED,WEST
O000353,C0098,2026-02-27 03:04:18,CANCELLED,CENTRAL
O000354,C0098,2026-04-26 01:16:22,DELIVERED,CENTRAL
O000355,C0099,2025-01-06 05:57:03,SHIPPED,CENTRAL
O000356,C0100,2024-07-27 13:15:16,CANCELLED,CENTRAL
O000357,C0100,2026-02-23 16:07:06,PLACED,CENTRAL
O000358,C0100,2026-04-07 12:22:47,DELIVERED,SOUTH
O000359,C0101,2023-06-18 06:00:46,DELIVERED,EAST
O000360,C0101,2023-09-13 08:06:22,CANCELLED,EAST
O000361,C0101,2023-10-18 07:51:20,SHIPPED,EAST
O000362,C0101,2024-07-16 01:59:34,DELIVERED,SOUTH
O000363,C0101,2025-04-04 00:25:39,RETURNED,WEST
O000364,C0101,2025-07-22 06:19:23,PLACED,EAST
O000365,C0101,2025-08-26 07:12:23,PLACED,EAST
O000366,C0101,2025-09-03 01:19:03,DELIVERED,SOUTH
O000367,C0101,2025-09-27 12:22:35,PLACED,CENTRAL
O000368,C0101,2025-11-18 04:26:08,DELIVERED,EAST
O000369,C0102,2023-04-29 08:26:59,DELIVERED,NORTH
O000370,C0102,2024-06-02 20:24:50,RETURNED,SOUTH
O000371,C0102,2025-05-14 05:56:13,SHIPPED,SOUTH
O000372,C0102,2025-06-18 05:21:32,DELIVERED,SOUTH
O000373,C0102,2026-03-23 10:28:52,SHIPPED,WEST
O000374,C0102,2026-04-20 09:18:42,DELIVERED,SOUTH
O000375,C0103,2025-05-29 05:52:02,PLACED,EAST
O000376,C0103,2026-02-15 17:18:13,RETURNED,EAST
O000377,C0104,2025-02-25 08:33:20,CANCELLED,NORTH
O000378,C0104,2025-06-04 14:51:43,DELIVERED,NORTH
O000379,C0104,2025-09-26 09:27:02,DELIVERED,NORTH
O000380,C0104,2025-09-26 23:56:30,CANCELLED,NORTH
O000381,C0104,2025-10-01 15:32:12,PLACED,SOUTH
O000382,C0104,2025-12-13 19:28:40,PLACED,NORTH
O000383,C0104,2026-04-10 11:07:26,DELIVERED,NORTH
O000384,C0104,2026-04-23 12:43:06,DELIVERED,NORTH
O000385,C0104,2026-05-23 15:04:49,DELIVERED,EAST
O000386,C0105,2024-11-04 14:26:14,PLACED,CENTRAL
O000387,C0105,2024-12-13 20:16:26,DELIVERED,WEST
O000388,C0105,2025-10-21 19:30:17,CANCELLED,WEST
O000389,C0105,2025-11-08 13:17:06,PLACED,WEST
O000390,,2025-11-21 09:31:05,CANCELLED,WEST
O000391,C0106,2025-05-07 13:06:40,RETURNED,EAST
O000392,C0106,2025-06-20 11:51:46,DELIVERED,SOUTH
O000393,C0106,2025-09-18 04:43:31,DELIVERED,EAST
O000394,C0106,2025-10-05 23:02:08,PLACED,CENTRAL
O000395,,2026-04-28 22:28:38,DELIVERED,EAST
O000396,C0107,2025-07-10 08:06:25,DELIVERED,SOUTH
O000397,C0107,2025-12-15 15:50:02,DELIVERED,SOUTH
O000398,C0107,2026-02-09 18:20:32,DELIVERED,SOUTH
O000399,C0107,2026-06-10 16:19:04,SHIPPED,SOUTH
O000400,C0108,2024-01-15 17:06:10,SHIPPED,CENTRAL
O000401,C0108,2025-03-10 05:10:27,DELIVERED,CENTRAL
O000402,C0108,2025-06-28 20:42:31,RETURNED,CENTRAL
O000403,C0108,2025-11-20 03:50:34,RETURNED,CENTRAL
O000404,C0108,2025-12-11 18:44:33,DELIVERED,CENTRAL
O000405,C0109,2025-02-07 18:40:23,DELIVERED,SOUTH
O000406,C0109,2025-10-04 05:55:33,PLACED,SOUTH
O000407,C0110,2024-02-06 16:16:44,DELIVERED,SOUTH
O000408,C0110,2025-09-13 12:48:37,PLACED,SOUTH
O000409,C0110,2025-11-10 02:26:29,DELIVERED,CENTRAL
O000410,C0110,2026-03-03 09:19:20,PLACED,CENTRAL
O000411,C0111,2023-05-14 04:55:24,PLACED,WEST
O000412,C0111,2026-06-10 00:00:00,DELIVERED,WEST
O000413,C0112,2025-10-13 17:10:24,SHIPPED,WEST
O000414,C0112,2025-11-27 16:24:41,PLACED,WEST
O000415,C0112,2025-12-16 05:30:22,SHIPPED,WEST
O000416,C0112,2026-03-09 17:41:05,SHIPPED,WEST
O000417,C0112,2026-03-30 08:10:52,SHIPPED,WEST
O000418,C0112,2026-04-12 10:11:44,PLACED,WEST
O000419,C0113,2023-12-12 03:46:28,DELIVERED,SOUTH
O000420,C0114,2025-05-09 22:32:05,DELIVERED,WEST
O000421,C0114,2026-02-03 11:29:50,RETURNED,WEST
O000422,C0114,2026-03-13 17:22:23,SHIPPED,WEST
O000423,C0115,2024-02-26 00:00:00,SHIPPED,SOUTH
O000424,C0115,2025-10-06 16:31:36,RETURNED,SOUTH
O000425,C0115,2025-12-11 08:39:30,DELIVERED,SOUTH
O000426,C0115,2026-04-26 17:26:56,DELIVERED,SOUTH
O000427,C0116,2023-07-05 00:00:00,DELIVERED,SOUTH
O000428,C0116,2024-04-10 06:15:14,PLACED,SOUTH
O000429,C0116,2024-09-12 03:08:34,DELIVERED,SOUTH
O000430,C0116,2024-10-26 04:02:07,DELIVERED,SOUTH
O000431,C0116,2025-08-10 05:57:13,DELIVERED,SOUTH
O000432,C0116,2025-10-17 02:12:37,DELIVERED,SOUTH
O000433,,2024-03-05 18:43:16,DELIVERED,CENTRAL
O000434,C0117,2024-05-08 20:41:08,DELIVERED,CENTRAL
O000435,C0118,2024-04-05 09:51:27,SHIPPED,SOUTH
O000436,C0118,2024-10-21 09:21:38,SHIPPED,SOUTH
O000437,C0118,2024-10-25 17:22:41,DELIVERED,SOUTH
O000438,C0118,2024-10-29 21:51:33,DELIVERED,SOUTH
O000439,C0118,2025-07-13 20:42:51,DELIVERED,SOUTH
O000440,C0119,2024-05-30 00:59:45,DELIVERED,NORTH
O000441,C0120,2023-07-13 02:12:26,DELIVERED,CENTRAL
O000442,C0120,2023-08-18 04:12:57,RETURNED,CENTRAL
O000443,C0120,2023-08-25 21:25:51,SHIPPED,CENTRAL
O000444,C0120,2024-02-23 21:14:17,SHIPPED,CENTRAL
O000445,C0120,2024-04-29 06:28:38,DELIVERED,CENTRAL
O000446,C0120,2024-10-03 02:04:41,DELIVERED,CENTRAL
O000447,,2025-01-20 13:47:52,DELIVERED,CENTRAL
O000448,C0120,2025-04-16 09:46:19,DELIVERED,CENTRAL
O000449,C0120,2025-11-05 20:55:36,DELIVERED,CENTRAL
O000450,C0120,2026-06-23 05:06:26,DELIVERED,CENTRAL
O000451,C0121,2025-01-28 08:05:01,DELIVERED,NORTH
O000452,C0121,2025-03-14 02:18:10,DELIVERED,NORTH
O000453,,2025-03-29 22:07:27,DELIVERED,NORTH
O000454,C0121,2025-07-10 23:32:18,CANCELLED,NORTH
O000455,C0121,2025-07-15 12:20:51,DELIVERED,NORTH
O000456,C0121,2025-10-15 02:15:45,DELIVERED,CENTRAL
O000457,C0122,2023-04-12 17:38:51,DELIVERED,NORTH
O000458,C0122,2023-12-07 05:42:25,DELIVERED,WEST
O000459,C0122,2024-04-15 18:12:04,DELIVERED,SOUTH
O000460,C0122,2025-09-27 11:33:29,DELIVERED,NORTH
O000461,C0122,2025-10-13 16:35:50,PLACED,NORTH
O000462,C0122,2026-01-26 19:23:46,PLACED,NORTH
O000463,C0123,2025-05-24 08:47:33,PLACED,NORTH
O000464,C0123,2026-05-08 16:23:18,DELIVERED,CENTRAL
O000465,,2025-07-31 16:13:05,DELIVERED,CENTRAL
O000466,C0124,2025-12-20 04:54:22,PLACED,NORTH
O000467,,2026-04-10 00:00:00,DELIVERED,CENTRAL
O000468,C0125,2024-11-19 09:56:58,PLACED,CENTRAL
O000469,C0125,2026-04-30 19:53:59,RETURNED,EAST
O000470,C0126,2025-08-05 14:37:40,PLACED,NORTH
O000471,C0126,2026-02-27 18:56:49,DELIVERED,NORTH
O000472,C0126,2026-06-11 20:14:46,SHIPPED,NORTH
O000473,C0127,2025-10-23 21:25:42,DELIVERED,SOUTH
O000474,C0127,2026-02-14 19:24:26,RETURNED,SOUTH
O000475,C0127,2026-03-17 16:32:09,PLACED,EAST
O000476,C0127,2026-03-28 10:38:32,PLACED,SOUTH
O000477,C0127,2026-05-17 06:17:51,DELIVERED,SOUTH
O000478,C0127,2026-06-13 13:10:35,DELIVERED,WEST
O000479,C0128,2024-05-16 17:03:03,RETURNED,CENTRAL
O000480,C0128,2026-04-06 18:24:05,DELIVERED,CENTRAL
O000481,C0129,2024-01-17 22:51:53,DELIVERED,EAST
O000482,C0129,2024-06-13 02:33:27,PLACED,EAST
O000483,C0129,2024-12-29 00:25:11,DELIVERED,EAST
O000484,,2024-10-27 00:00:00,SHIPPED,CENTRAL
O000485,C0130,2025-01-02 00:00:00,SHIPPED,CENTRAL
O000486,C0130,2025-04-11 06:31:30,DELIVERED,CENTRAL
O000487,C0130,2025-04-22 18:57:02,PLACED,CENTRAL
O000488,C0131,2025-11-09 23:34:22,DELIVERED,NORTH
O000489,C0131,2026-01-15 04:26:16,PLACED,SOUTH
O000490,C0131,2026-01-24 18:55:48,PLACED,CENTRAL
O000491,C0131,2026-03-19 08:26:54,SHIPPED,SOUTH
O000492,C0131,2026-06-08 16:10:08,DELIVERED,SOUTH
O000493,C0132,2023-04-03 22:49:56,PLACED,EAST
O000494,C0132,2024-10-01 04:31:54,CANCELLED,EAST
O000495,C0132,2026-01-28 14:52:53,RETURNED,EAST
O000496,C0133,2024-12-29 07:52:51,PLACED,WEST
O000497,C0134,2023-05-06 15:29:51,CANCELLED,WEST
O000498,C0135,2023-05-23 14:35:55,CANCELLED,CENTRAL
O000499,C0135,2024-12-08 00:00:00,PLACED,CENTRAL
O000500,C0135,2026-02-04 10:29:59,DELIVERED,CENTRAL
O000501,C0135,2026-04-02 15:59:10,DELIVERED,CENTRAL
O000502,C0136,2023-09-30 07:39:51,SHIPPED,WEST
O000503,C0136,2026-04-05 16:52:12,DELIVERED,WEST
O000504,C0136,2026-05-23 14:02:50,DELIVERED,WEST
O000505,,2026-06-29 19:45:59,DELIVERED,WEST
O000506,C0137,2025-09-13 00:00:00,DELIVERED,NORTH
O000507,C0137,2025-09-17 00:47:36,DELIVERED,SOUTH
O000508,C0137,2025-10-13 12:31:31,SHIPPED,NORTH
O000509,C0137,2025-10-16 11:03:49,DELIVERED,NORTH
O000510,C0137,2025-10-29 03:58:14,DELIVERED,NORTH
O000511,C0137,2025-11-11 05:31:53,DELIVERED,NORTH
O000512,C0137,2026-03-11 13:22:20,RETURNED,NORTH
O000513,C0137,2026-03-22 05:50:35,RETURNED,SOUTH
O000514,C0137,2026-05-17 17:07:57,DELIVERED,NORTH
O000515,C0137,2026-06-28 01:26:59,SHIPPED,NORTH
O000516,,2024-06-02 06:02:19,DELIVERED,NORTH
O000517,C0138,2025-06-19 10:55:59,RETURNED,NORTH
O000518,C0138,2026-01-02 18:51:25,PLACED,NORTH
O000519,,2026-05-05 02:28:29,PLACED,NORTH
O000520,C0139,2025-12-14 04:16:34,SHIPPED,WEST
O000521,C0140,2024-05-04 04:58:59,CANCELLED,NORTH
O000522,C0141,2024-10-04 16:34:15,DELIVERED,CENTRAL
O000523,C0142,2024-02-01 20:10:46,CANCELLED,EAST
O000524,C0142,2025-04-29 04:09:08,RETURNED,CENTRAL
O000525,C0142,2026-01-26 11:37:20,DELIVERED,CENTRAL
O000526,C0142,2026-04-16 23:19:01,RETURNED,CENTRAL
O000527,C0143,2025-12-21 04:32:18,DELIVERED,WEST
O000528,C0144,2025-05-06 02:27:38,PLACED,WEST
O000529,C0144,2025-12-04 20:33:39,DELIVERED,SOUTH
O000530,C0144,2026-02-20 04:20:15,SHIPPED,WEST
O000531,C0144,2026-05-08 15:22:43,DELIVERED,WEST
O000532,C0145,2024-12-17 20:36:11,CANCELLED,CENTRAL
O000533,C0145,2025-04-25 23:56:26,CANCELLED,SOUTH
O000534,C0146,2024-10-08 00:50:15,DELIVERED,NORTH
O000535,C0146,2025-05-13 11:43:40,CANCELLED,WEST
O000536,C0146,2025-08-20 07:20:31,PLACED,WEST
O000537,C0146,2025-08-28 09:26:16,DELIVERED,WEST
O000538,C0146,2026-01-14 06:17:20,DELIVERED,WEST
O000539,C0147,2024-08-19 08:09:53,DELIVERED,CENTRAL
O000540,C0147,2025-04-08 05:04:58,SHIPPED,CENTRAL
O000541,C0147,2025-10-26 19:39:24,SHIPPED,CENTRAL
O000542,,2025-10-30 14:10:40,SHIPPED,CENTRAL
O000543,C0148,2024-12-09 15:33:49,PLACED,CENTRAL
O000544,C0148,2025-07-17 08:56:53,SHIPPED,CENTRAL
O000545,C0148,2025-08-23 17:19:15,PLACED,CENTRAL
O000546,C0148,2025-10-15 19:18:57,PLACED,CENTRAL
O000547,C0148,2025-11-06 10:31:40,PLACED,CENTRAL
O000548,C0149,2024-04-08 21:24:59,DELIVERED,CENTRAL
O000549,C0149,2025-02-16 14:09:36,CANCELLED,CENTRAL
O000550,C0149,2025-02-18 21:52:27,DELIVERED,CENTRAL
O000551,C0149,2025-05-19 02:46:45,SHIPPED,CENTRAL
O000552,C0149,2025-05-23 21:59:04,PLACED,CENTRAL
O000553,C0149,2025-06-28 08:52:26,PLACED,CENTRAL
O000554,C0149,2025-08-30 13:37:20,DELIVERED,EAST
O000555,,2025-10-18 01:17:36,DELIVERED,CENTRAL
O000556,C0149,2025-11-16 15:18:52,DELIVERED,CENTRAL
O000557,C0149,2026-02-19 08:23:28,DELIVERED,CENTRAL
O000558,C0149,2026-05-28 19:12:08,DELIVERED,CENTRAL
O000559,C0150,2025-04-16 21:47:26,DELIVERED,SOUTH
O000560,C0150,2025-07-13 18:14:06,DELIVERED,EAST
O000561,C0150,2025-09-06 02:36:37,DELIVERED,EAST
O000562,C0151,2023-12-01 14:16:46,CANCELLED,SOUTH
O000563,C0151,2025-06-25 17:57:44,RETURNED,SOUTH
O000564,C0152,2023-03-10 00:27:18,SHIPPED,WEST
O000565,C0152,2025-12-15 02:15:33,DELIVERED,WEST
O000566,C0153,2025-02-09 07:01:20,DELIVERED,SOUTH
O000567,C0153,2025-12-19 23:33:59,PLACED,SOUTH
O000568,C0153,2026-01-23 23:25:52,DELIVERED,SOUTH
O000569,C0153,2026-04-24 17:25:11,PLACED,SOUTH
O000570,C0154,2024-04-14 07:28:17,DELIVERED,WEST
O000571,C0154,2025-10-06 07:26:42,PLACED,WEST
O000572,C0154,2025-11-12 06:41:56,RETURNED,WEST
O000573,C0154,2026-03-23 01:18:52,DELIVERED,WEST
O000574,C0154,2026-06-06 14:28:32,SHIPPED,WEST
O000575,C0154,2026-06-21 04:23:47,DELIVERED,WEST
O000576,C0155,2026-06-08 03:55:05,RETURNED,NORTH
O000577,C0156,2025-10-25 02:55:02,DELIVERED,WEST
O000578,C0156,2025-10-30 17:35:50,DELIVERED,NORTH
O000579,C0156,2026-03-23 09:25:35,DELIVERED,NORTH
O000580,C0156,2026-04-10 14:12:57,DELIVERED,NORTH
O000581,C0156,2026-04-18 00:00:00,SHIPPED,NORTH
O000582,,2026-04-22 21:58:57,DELIVERED,NORTH
O000583,C0157,2025-09-24 16:10:49,CANCELLED,WEST
O000584,,2025-10-03 12:04:24,CANCELLED,EAST
O000585,C0158,2026-05-10 22:33:36,DELIVERED,WEST
O000586,C0158,2026-05-22 23:42:51,SHIPPED,EAST
O000587,C0159,2023-06-09 13:29:31,DELIVERED,NORTH
O000588,C0159,2023-09-26 01:38:39,SHIPPED,EAST
O000589,C0159,2024-02-19 10:02:41,PLACED,NORTH
O000590,C0159,2024-06-15 00:00:00,DELIVERED,CENTRAL
O000591,C0159,2024-10-25 09:07:14,DELIVERED,NORTH
O000592,C0159,2025-08-18 07:27:45,CANCELLED,SOUTH
O000593,C0160,2023-02-15 20:53:40,PLACED,NORTH
O000594,C0160,2026-01-03 03:33:27,CANCELLED,NORTH
O000595,C0160,2026-01-08 04:47:19,DELIVERED,NORTH
O000596,C0161,2024-10-31 11:19:37,SHIPPED,WEST
O000597,C0161,2026-01-29 22:05:22,DELIVERED,CENTRAL
O000598,C0161,2026-02-22 07:35:06,SHIPPED,CENTRAL
O000599,C0161,2026-06-13 14:15:25,DELIVERED,CENTRAL
O000600,C0162,2023-09-30 00:00:00,SHIPPED,WEST
O000601,C0163,2024-07-23 17:59:52,DELIVERED,EAST
O000602,C0163,2024-10-29 00:00:00,SHIPPED,EAST
O000603,C0163,2024-12-04 09:06:33,RETURNED,EAST
O000604,C0163,2025-02-18 19:09:16,DELIVERED,EAST
O000605,C0163,2025-06-27 22:10:53,DELIVERED,EAST
O000606,C0163,2025-10-06 18:22:29,DELIVERED,EAST
O000607,C0163,2025-10-08 01:11:14,DELIVERED,EAST
O000608,C0163,2026-04-12 22:02:51,PLACED,EAST
O000609,,2026-06-08 15:44:49,RETURNED,EAST
O000610,C0163,2026-06-27 00:00:00,SHIPPED,EAST
O000611,C0164,2024-12-24 05:02:59,PLACED,CENTRAL
O000612,C0164,2025-10-28 07:35:34,SHIPPED,CENTRAL
O000613,C0165,2024-09-22 05:23:50,DELIVERED,WEST
O000614,C0165,2024-12-11 23:42:39,DELIVERED,EAST
O000615,C0165,2026-02-06 00:41:22,DELIVERED,EAST
O000616,C0166,2025-11-16 11:10:51,DELIVERED,WEST
O000617,C0166,2026-06-10 07:16:03,PLACED,WEST
O000618,C0166,2026-06-19 10:53:50,PLACED,WEST
O000619,C0167,2025-07-11 05:55:45,SHIPPED,CENTRAL
O000620,C0167,2025-09-03 10:27:26,SHIPPED,CENTRAL
O000621,C0168,2025-11-16 08:47:00,DELIVERED,NORTH
O000622,C0168,2025-11-17 19:32:18,DELIVERED,NORTH
O000623,C0168,2026-02-03 21:59:56,DELIVERED,NORTH
O000624,C0168,2026-03-08 19:57:45,DELIVERED,NORTH
O000625,C0168,2026-04-13 08:31:38,DELIVERED,WEST
O000626,C0169,2024-09-27 20:29:26,DELIVERED,EAST
O000627,C0169,2026-05-27 09:10:24,PLACED,NORTH
O000628,C0170,2025-11-19 00:00:00,CANCELLED,WEST
O000629,C0170,2026-05-23 08:56:28,RETURNED,SOUTH
O000630,C0170,2026-06-13 11:42:06,DELIVERED,SOUTH
O000631,C0171,2024-11-16 00:49:54,DELIVERED,EAST
O000632,C0171,2025-10-30 00:01:59,DELIVERED,EAST
O000633,C0172,2024-05-22 21:41:13,SHIPPED,SOUTH
O000634,C0172,2025-10-17 11:46:14,PLACED,NORTH
O000635,C0173,2025-07-21 19:16:13,DELIVERED,CENTRAL
O000636,C0173,2025-08-26 18:01:09,DELIVERED,EAST
O000637,C0173,2026-03-30 10:27:06,SHIPPED,NORTH
O000638,C0173,2026-06-13 15:00:40,DELIVERED,EAST
O000639,C0174,2024-11-24 00:00:00,SHIPPED,EAST
O000640,C0174,2025-08-08 17:15:47,DELIVERED,NORTH
O000641,C0174,2026-05-13 20:14:12,SHIPPED,WEST
O000642,C0175,2023-08-08 06:19:51,DELIVERED,SOUTH
O000643,C0175,2024-09-02 17:33:17,DELIVERED,SOUTH
O000644,C0175,2025-05-12 10:23:20,PLACED,SOUTH
O000645,C0175,2025-05-26 21:31:31,PLACED,SOUTH
O000646,C0175,2025-11-26 21:05:04,CANCELLED,SOUTH
O000647,C0175,2026-02-14 19:32:44,PLACED,SOUTH
O000648,C0175,2026-04-04 04:29:27,DELIVERED,WEST
O000649,C0175,2026-05-28 08:48:48,RETURNED,SOUTH
O000650,C0176,2024-09-11 06:10:25,CANCELLED,CENTRAL
O000651,C0176,2025-03-01 04:25:48,PLACED,CENTRAL
O000652,C0176,2025-03-21 13:07:58,CANCELLED,CENTRAL
O000653,C0176,2025-04-04 19:46:46,CANCELLED,CENTRAL
O000654,C0176,2025-05-16 09:10:21,DELIVERED,CENTRAL
O000655,C0177,2025-11-11 22:07:21,DELIVERED,EAST
O000656,C0177,2026-01-14 23:29:11,SHIPPED,EAST
O000657,C0177,2026-06-20 04:25:46,DELIVERED,EAST
O000658,C0178,2025-11-14 12:55:44,DELIVERED,NORTH
O000659,C0178,2026-02-22 00:00:00,DELIVERED,NORTH
O000660,,2026-04-12 09:49:26,DELIVERED,NORTH
O000661,C0178,2026-06-03 07:44:25,SHIPPED,NORTH
O000662,,2025-09-14 23:31:54,DELIVERED,EAST
O000663,C0179,2025-12-14 03:30:40,SHIPPED,EAST
O000664,C0179,2025-12-24 00:48:54,DELIVERED,SOUTH
O000665,C0179,2026-02-02 17:21:47,SHIPPED,EAST
O000666,C0179,2026-02-08 10:48:59,SHIPPED,EAST
O000667,C0179,2026-03-11 13:16:49,DELIVERED,NORTH
O000668,,2026-04-01 09:19:45,DELIVERED,EAST
O000669,C0179,2026-05-07 04:13:31,DELIVERED,EAST
O000670,C0180,2023-04-25 19:20:59,DELIVERED,EAST
O000671,C0180,2023-12-20 01:51:56,DELIVERED,EAST
O000672,C0180,2023-12-21 16:04:42,SHIPPED,EAST
O000673,C0180,2024-11-20 21:55:43,SHIPPED,EAST
O000674,C0180,2024-12-31 11:03:45,DELIVERED,EAST
O000675,C0180,2026-05-24 00:00:00,DELIVERED,SOUTH
O000676,C0181,2024-10-29 18:41:40,DELIVERED,SOUTH
O000677,C0181,2024-11-01 21:59:21,PLACED,SOUTH
O000678,C0181,2024-11-29 22:59:33,RETURNED,SOUTH
O000679,C0181,2025-06-22 22:57:34,PLACED,SOUTH
O000680,C0181,2025-10-28 01:54:11,CANCELLED,EAST
O000681,C0181,2026-02-27 05:36:05,CANCELLED,SOUTH
O000682,C0181,2026-05-01 20:28:45,SHIPPED,SOUTH
O000683,C0181,2026-05-12 08:37:57,PLACED,SOUTH
O000684,,2026-06-09 20:07:54,CANCELLED,SOUTH
O000685,C0182,2025-11-08 03:13:36,DELIVERED,WEST
O000686,C0183,2025-10-14 20:41:03,DELIVERED,WEST
O000687,C0183,2025-12-17 09:34:44,SHIPPED,WEST
O000688,C0183,2026-02-25 09:09:06,SHIPPED,WEST
O000689,C0183,2026-05-07 22:16:57,CANCELLED,WEST
O000690,C0184,2025-12-09 01:09:04,SHIPPED,WEST
O000691,C0184,2026-02-07 00:00:00,CANCELLED,WEST
O000692,C0184,2026-04-10 11:42:47,DELIVERED,NORTH
O000693,C0184,2026-05-26 06:47:03,PLACED,WEST
O000694,C0184,2026-06-03 09:09:52,PLACED,WEST
O000695,C0185,2023-06-04 15:51:28,DELIVERED,EAST
O000696,C0185,2024-04-25 03:48:52,DELIVERED,EAST
O000697,C0186,2024-03-04 18:22:53,DELIVERED,NORTH
O000698,C0186,2024-04-16 01:12:49,CANCELLED,NORTH
O000699,C0186,2024-04-22 23:50:52,DELIVERED,NORTH
O000700,C0186,2024-04-27 12:02:44,DELIVERED,NORTH
O000701,C0186,2024-11-01 15:59:52,RETURNED,NORTH
O000702,C0186,2024-11-03 21:55:24,SHIPPED,NORTH
O000703,C0186,2025-02-06 10:12:54,RETURNED,NORTH
O000704,C0186,2025-04-11 06:36:43,SHIPPED,NORTH
O000705,C0186,2025-04-14 12:21:58,DELIVERED,NORTH
O000706,C0186,2025-05-23 05:34:35,SHIPPED,NORTH
O000707,C0186,2026-06-15 05:53:38,DELIVERED,NORTH
O000708,C0187,2025-09-23 21:14:28,SHIPPED,NORTH
O000709,C0187,2026-01-04 21:28:26,SHIPPED,NORTH
O000710,C0187,2026-01-15 01:26:06,CANCELLED,NORTH
O000711,C0188,2023-07-16 09:00:03,RETURNED,SOUTH
O000712,C0188,2025-01-12 19:39:23,SHIPPED,SOUTH
O000713,C0188,2025-02-14 04:34:41,CANCELLED,SOUTH
O000714,C0188,2025-11-04 19:00:25,PLACED,SOUTH
O000715,C0188,2026-01-18 10:21:52,DELIVERED,WEST
O000716,C0189,2023-12-29 12:09:35,DELIVERED,WEST
O000717,C0189,2025-02-11 12:13:35,PLACED,SOUTH
O000718,C0190,2025-05-03 00:00:00,DELIVERED,SOUTH
O000719,,2023-10-27 12:11:34,SHIPPED,SOUTH
O000720,C0191,2025-10-12 00:00:00,SHIPPED,SOUTH
O000721,C0191,2025-10-17 06:04:13,DELIVERED,SOUTH
O000722,C0191,2026-04-18 00:34:50,PLACED,NORTH
O000723,C0191,2026-05-29 13:07:50,DELIVERED,SOUTH
O000724,C0192,2024-02-17 23:38:13,DELIVERED,SOUTH
O000725,C0192,2024-07-02 20:57:24,RETURNED,WEST
O000726,C0192,2024-07-13 11:02:56,DELIVERED,WEST
O000727,C0192,2024-09-29 06:17:58,CANCELLED,WEST
O000728,C0192,2025-05-23 13:07:53,SHIPPED,WEST
O000729,C0192,2025-06-02 19:32:37,RETURNED,WEST
O000730,C0192,2025-06-16 22:07:43,SHIPPED,WEST
O000731,C0192,2025-12-17 13:18:54,DELIVERED,WEST
O000732,,2026-02-28 17:04:36,DELIVERED,WEST
O000733,C0193,2025-03-13 13:31:33,CANCELLED,CENTRAL
O000734,C0193,2025-04-26 21:06:26,DELIVERED,CENTRAL
O000735,C0193,2025-05-10 21:39:36,DELIVERED,CENTRAL
O000736,C0193,2025-06-29 07:56:16,DELIVERED,CENTRAL
O000737,C0193,2025-07-25 00:00:00,RETURNED,CENTRAL
O000738,C0193,2026-01-03 17:47:05,DELIVERED,CENTRAL
O000739,C0193,2026-02-19 20:42:37,DELIVERED,CENTRAL
O000740,C0193,2026-03-05 18:59:26,RETURNED,CENTRAL
O000741,C0193,2026-05-02 13:16:45,DELIVERED,CENTRAL
O000742,C0193,2026-06-22 11:13:53,RETURNED,CENTRAL
O000743,C0194,2025-08-15 10:02:57,SHIPPED,NORTH
O000744,C0194,2025-10-25 13:16:08,PLACED,CENTRAL
O000745,C0194,2026-03-20 00:00:00,DELIVERED,CENTRAL
O000746,C0195,2024-08-15 21:52:20,SHIPPED,WEST
O000747,C0195,2024-09-06 20:26:43,PLACED,WEST
O000748,C0195,2025-02-20 13:24:05,SHIPPED,WEST
O000749,C0195,2025-07-26 21:57:42,CANCELLED,WEST
O000750,C0196,2024-11-20 19:13:34,DELIVERED,NORTH
O000751,,2025-08-24 07:42:16,PLACED,NORTH
O000752,C0196,2025-09-09 07:19:16,SHIPPED,EAST
O000753,C0196,2025-10-18 01:11:45,SHIPPED,CENTRAL
O000754,C0196,2025-10-22 14:56:04,SHIPPED,NORTH
O000755,C0196,2026-01-14 22:39:01,RETURNED,NORTH
O000756,C0196,2026-02-02 18:17:14,DELIVERED,NORTH
O000757,C0196,2026-04-16 04:38:06,RETURNED,NORTH
O000758,C0196,2026-06-04 11:24:12,DELIVERED,NORTH
O000759,C0197,2023-07-16 18:15:42,CANCELLED,CENTRAL
O000760,C0197,2024-01-20 06:01:29,CANCELLED,CENTRAL
O000761,C0197,2025-02-27 16:32:39,DELIVERED,CENTRAL
O000762,C0198,2024-12-06 12:03:08,DELIVERED,WEST
O000763,C0198,2025-12-15 12:25:38,DELIVERED,EAST
O000764,C0198,2026-01-21 12:53:23,PLACED,WEST
O000765,C0199,2024-11-29 12:22:30,PLACED,WEST
O000766,C0199,2025-02-25 09:29:14,PLACED,SOUTH
O000767,C0199,2025-07-09 21:24:11,DELIVERED,SOUTH
O000768,C0199,2025-10-20 13:47:46,DELIVERED,SOUTH
O000769,C0200,2024-09-11 10:49:44,PLACED,NORTH
O000770,C0200,2025-09-27 06:24:13,DELIVERED,NORTH
O000771,C0201,2025-10-31 04:22:27,DELIVERED,SOUTH
O000772,C0201,2026-04-29 15:44:44,SHIPPED,SOUTH
O000773,,2024-01-13 08:48:47,DELIVERED,NORTH
O000774,C0202,2024-05-09 14:47:59,DELIVERED,NORTH
O000775,C0202,2025-05-18 03:43:14,SHIPPED,NORTH
O000776,C0203,2025-08-11 21:40:39,DELIVERED,CENTRAL
O000777,C0204,2024-07-03 20:09:38,DELIVERED,WEST
O000778,C0204,2024-12-31 13:26:45,DELIVERED,WEST
O000779,C0204,2025-06-20 13:06:32,DELIVERED,WEST
O000780,C0204,2025-10-29 05:21:36,DELIVERED,WEST
O000781,C0204,2026-05-08 19:23:41,CANCELLED,WEST
O000782,C0205,2024-07-01 02:27:32,PLACED,CENTRAL
O000783,C0205,2024-11-01 01:47:49,CANCELLED,CENTRAL
O000784,C0206,2023-12-16 00:46:00,SHIPPED,EAST
O000785,C0207,2025-12-30 10:00:23,DELIVERED,WEST
O000786,C0207,2026-01-01 09:54:26,RETURNED,WEST
O000787,C0207,2026-02-15 04:36:43,PLACED,NORTH
O000788,C0208,2025-09-14 07:58:51,DELIVERED,EAST
O000789,C0208,2025-10-09 14:56:36,SHIPPED,EAST
O000790,C0208,2026-04-12 03:30:20,DELIVERED,CENTRAL
O000791,C0209,2023-10-10 05:51:34,SHIPPED,CENTRAL
O000792,C0209,2026-03-18 10:15:10,DELIVERED,CENTRAL
O000793,,2025-09-11 03:28:03,DELIVERED,NORTH
O000794,C0210,2025-12-03 20:22:37,DELIVERED,NORTH
O000795,C0210,2026-03-18 17:46:11,SHIPPED,NORTH
O000796,,2024-12-05 00:00:00,DELIVERED,EAST
O000797,C0211,2025-06-29 06:08:28,SHIPPED,EAST
O000798,C0212,2023-03-24 11:49:27,SHIPPED,CENTRAL
O000799,C0213,2024-11-20 07:51:46,PLACED,WEST
O000800,C0213,2024-12-11 02:30:29,DELIVERED,CENTRAL
O000801,C0213,2024-12-24 21:32:11,DELIVERED,WEST
O000802,C0213,2024-12-29 20:10:31,DELIVERED,SOUTH
O000803,C0213,2025-01-08 21:18:27,PLACED,WEST
O000804,C0213,2025-02-15 09:03:40,SHIPPED,WEST
O000805,C0213,2025-03-30 23:57:25,DELIVERED,WEST
O000806,C0213,2025-04-12 13:04:51,DELIVERED,WEST
O000807,C0213,2025-09-12 00:00:00,SHIPPED,WEST
O000808,C0213,2025-12-24 08:52:38,RETURNED,WEST
O000809,C0213,2026-06-01 12:43:40,DELIVERED,WEST
O000810,C0214,2024-02-07 14:34:18,DELIVERED,EAST
O000811,C0214,2024-09-14 12:23:09,CANCELLED,NORTH
O000812,C0214,2024-12-25 05:25:05,PLACED,NORTH
O000813,C0215,2024-03-16 04:56:21,SHIPPED,CENTRAL
O000814,C0215,2025-03-13 15:51:31,DELIVERED,EAST
O000815,C0216,2023-12-09 15:04:46,DELIVERED,CENTRAL
O000816,C0216,2024-11-26 01:24:45,DELIVERED,CENTRAL
O000817,C0216,2025-10-23 02:48:19,PLACED,CENTRAL
O000818,C0216,2026-03-14 11:53:09,PLACED,CENTRAL
O000819,,2026-06-24 09:40:26,SHIPPED,CENTRAL
O000820,C0217,2024-04-14 01:06:55,DELIVERED,NORTH
O000821,C0217,2024-11-06 21:51:34,DELIVERED,SOUTH
O000822,C0217,2025-09-28 17:38:19,SHIPPED,SOUTH
O000823,C0217,2026-04-08 05:03:21,PLACED,SOUTH
O000824,C0218,2023-07-06 11:24:21,SHIPPED,WEST
O000825,,2023-12-08 06:44:59,DELIVERED,WEST
O000826,C0218,2024-01-19 00:00:00,DELIVERED,WEST
O000827,C0218,2024-04-01 12:08:33,DELIVERED,CENTRAL
O000828,C0218,2024-11-15 23:49:12,DELIVERED,WEST
O000829,C0218,2026-05-05 20:43:57,DELIVERED,WEST
O000830,C0219,2025-04-07 11:11:23,DELIVERED,CENTRAL
O000831,C0219,2025-11-11 02:39:29,SHIPPED,CENTRAL
O000832,C0219,2025-12-17 02:18:19,DELIVERED,CENTRAL
O000833,C0219,2026-04-14 08:12:06,DELIVERED,CENTRAL
O000834,C0220,2023-09-17 17:35:37,DELIVERED,WEST
O000835,C0220,2025-03-05 09:07:08,DELIVERED,WEST
O000836,C0220,2026-01-28 20:32:47,PLACED,SOUTH
O000837,C0220,2026-03-06 09:22:54,DELIVERED,WEST
O000838,C0220,2026-04-13 15:55:44,PLACED,WEST
O000839,C0221,2025-06-09 19:31:37,DELIVERED,WEST
O000840,C0222,2023-02-02 22:07:23,SHIPPED,SOUTH
O000841,C0222,2024-01-29 08:14:52,DELIVERED,SOUTH
O000842,C0222,2024-02-22 17:45:01,DELIVERED,NORTH
O000843,C0222,2025-09-03 00:57:31,CANCELLED,SOUTH
O000844,C0222,2025-10-19 17:05:43,DELIVERED,SOUTH
O000845,C0222,2026-06-26 05:18:20,PLACED,SOUTH
O000846,C0223,2024-11-09 15:05:57,SHIPPED,SOUTH
O000847,C0223,2025-02-22 05:11:20,DELIVERED,SOUTH
O000848,C0223,2025-06-10 20:04:50,SHIPPED,SOUTH
O000849,C0223,2025-07-27 12:41:58,PLACED,SOUTH
O000850,C0223,2025-11-24 07:05:58,SHIPPED,SOUTH
O000851,C0223,2025-12-05 01:09:01,CANCELLED,SOUTH
O000852,C0223,2026-01-30 08:59:30,DELIVERED,SOUTH
O000853,C0223,2026-03-07 14:16:17,PLACED,SOUTH
O000854,C0223,2026-04-12 22:08:08,DELIVERED,SOUTH
O000855,C0223,2026-05-02 16:02:05,PLACED,SOUTH
O000856,C0224,2024-09-07 02:33:59,PLACED,EAST
O000857,C0224,2025-06-05 06:27:25,DELIVERED,EAST
O000858,C0224,2025-07-23 23:30:53,SHIPPED,EAST
O000859,C0224,2025-09-24 20:31:35,PLACED,EAST
O000860,C0224,2026-01-20 02:02:34,DELIVERED,EAST
O000861,C0224,2026-01-27 00:00:45,DELIVERED,EAST
O000862,C0224,2026-02-10 16:30:45,CANCELLED,EAST
O000863,C0224,2026-03-12 19:02:38,DELIVERED,EAST
O000864,C0224,2026-03-28 06:20:40,SHIPPED,WEST
O000865,C0224,2026-05-19 05:49:58,RETURNED,EAST
O000866,C0224,2026-05-28 05:38:57,SHIPPED,EAST
O000867,C0225,2023-04-30 11:34:09,SHIPPED,NORTH
O000868,C0225,2024-03-15 22:31:49,SHIPPED,EAST
O000869,C0225,2024-04-18 02:34:05,RETURNED,NORTH
O000870,C0225,2024-05-21 14:16:51,CANCELLED,NORTH
O000871,,2024-10-08 21:19:36,DELIVERED,NORTH
O000872,C0225,2024-10-11 06:46:34,PLACED,NORTH
O000873,C0225,2025-01-27 00:00:00,DELIVERED,NORTH
O000874,C0225,2025-06-26 00:00:00,RETURNED,NORTH
O000875,C0226,2025-09-30 04:13:56,PLACED,SOUTH
O000876,C0226,2026-06-20 10:30:29,SHIPPED,SOUTH
O000877,C0227,2023-11-04 00:58:08,PLACED,SOUTH
O000878,C0227,2024-11-08 09:31:42,DELIVERED,SOUTH
O000879,C0227,2025-11-21 00:47:05,DELIVERED,SOUTH
O000880,C0228,2024-12-22 15:47:04,SHIPPED,CENTRAL
O000881,C0228,2025-07-15 13:04:57,SHIPPED,CENTRAL
O000882,C0228,2026-04-25 11:38:48,PLACED,CENTRAL
O000883,C0229,2023-12-01 20:06:49,DELIVERED,WEST
O000884,C0229,2024-02-09 08:50:07,SHIPPED,WEST
O000885,C0229,2026-06-25 05:21:54,SHIPPED,WEST
O000886,C0230,2025-07-08 15:27:53,DELIVERED,CENTRAL
O000887,,2026-01-13 00:00:00,DELIVERED,CENTRAL
O000888,C0231,2024-12-03 22:49:31,DELIVERED,EAST
O000889,C0231,2025-01-27 15:06:33,SHIPPED,EAST
O000890,C0231,2025-04-26 12:05:59,SHIPPED,EAST
O000891,C0231,2025-09-01 09:20:43,DELIVERED,EAST
O000892,,2025-08-13 21:16:29,DELIVERED,WEST
O000893,C0232,2025-11-18 19:31:11,PLACED,WEST
O000894,C0233,2025-06-07 00:58:38,CANCELLED,EAST
O000895,,2025-10-03 23:11:54,CANCELLED,SOUTH
O000896,C0233,2025-11-30 06:48:42,DELIVERED,EAST
O000897,C0233,2026-06-27 21:36:31,SHIPPED,EAST
O000898,C0234,2024-12-01 19:17:50,SHIPPED,EAST
O000899,C0235,2025-07-23 04:58:01,RETURNED,WEST
O000900,C0235,2026-03-28 12:30:08,DELIVERED,WEST
O000901,C0236,2024-03-15 16:08:44,DELIVERED,EAST
O000902,C0236,2026-02-19 06:07:38,DELIVERED,EAST
O000903,C0237,2024-09-06 08:23:09,SHIPPED,WEST
O000904,C0237,2024-12-05 22:33:43,DELIVERED,WEST
O000905,C0237,2025-06-13 04:12:07,SHIPPED,WEST
O000906,C0237,2025-07-07 04:44:58,DELIVERED,WEST
O000907,C0237,2025-12-20 04:06:49,SHIPPED,EAST
O000908,C0237,2026-01-04 04:10:01,RETURNED,WEST
O000909,,2024-06-02 11:25:06,PLACED,SOUTH
O000910,C0238,2024-07-16 10:31:22,RETURNED,SOUTH
O000911,C0238,2024-09-29 13:32:37,DELIVERED,SOUTH
O000912,C0238,2025-03-16 11:06:53,DELIVERED,SOUTH
O000913,C0238,2025-04-07 16:04:26,DELIVERED,SOUTH
O000914,C0238,2025-04-08 08:40:05,PLACED,SOUTH
O000915,C0238,2025-11-30 19:31:18,RETURNED,SOUTH
O000916,C0238,2025-12-09 11:05:03,DELIVERED,SOUTH
O000917,C0238,2026-01-23 03:16:04,DELIVERED,SOUTH
O000918,C0238,2026-05-20 15:30:22,SHIPPED,SOUTH
O000919,C0239,2023-07-20 23:03:17,SHIPPED,NORTH
O000920,C0239,2023-09-02 07:05:01,SHIPPED,NORTH
O000921,C0239,2024-05-16 18:12:43,PLACED,NORTH
O000922,C0239,2024-06-10 22:32:58,SHIPPED,CENTRAL
O000923,C0240,2023-07-19 02:49:32,SHIPPED,EAST
O000924,C0240,2024-06-20 11:20:17,SHIPPED,CENTRAL
O000925,C0240,2025-02-15 18:09:46,SHIPPED,CENTRAL
O000926,C0240,2026-02-28 00:54:32,PLACED,CENTRAL
O000927,C0241,2025-06-09 08:37:01,PLACED,SOUTH
O000928,C0241,2026-04-13 21:30:59,DELIVERED,SOUTH
O000929,C0242,2023-10-27 06:13:46,PLACED,SOUTH
O000930,C0242,2025-03-24 14:07:38,DELIVERED,SOUTH
O000931,C0243,2023-06-07 07:57:21,PLACED,CENTRAL
O000932,C0244,2025-08-13 03:38:24,CANCELLED,SOUTH
O000933,C0244,2026-05-12 19:20:25,SHIPPED,SOUTH
O000934,C0245,2023-03-10 00:59:13,RETURNED,SOUTH
O000935,,2025-03-25 00:00:00,DELIVERED,CENTRAL
O000936,C0245,2025-08-11 12:43:52,DELIVERED,SOUTH
O000937,C0245,2026-03-12 20:38:53,CANCELLED,SOUTH
O000938,C0246,2023-12-30 00:00:00,SHIPPED,EAST
O000939,C0246,2024-09-16 21:31:42,CANCELLED,EAST
O000940,C0246,2024-10-15 15:39:01,PLACED,EAST
O000941,C0246,2024-12-19 09:52:20,DELIVERED,SOUTH
O000942,C0246,2025-01-14 07:35:22,RETURNED,NORTH
O000943,C0246,2025-10-17 08:40:46,PLACED,EAST
O000944,C0247,2026-01-01 00:00:00,DELIVERED,WEST
O000945,C0247,2026-04-01 06:12:00,SHIPPED,WEST
O000946,C0247,2026-04-30 10:09:24,DELIVERED,WEST
O000947,C0247,2026-06-25 12:15:26,RETURNED,WEST
O000948,C0248,2025-02-20 16:41:18,SHIPPED,SOUTH
O000949,C0248,2025-07-29 11:47:14,DELIVERED,SOUTH
O000950,C0248,2026-01-10 12:38:12,DELIVERED,SOUTH
O000951,C0249,2024-07-14 00:05:49,RETURNED,EAST
O000952,C0249,2025-03-10 01:27:31,DELIVERED,EAST
O000953,C0250,2025-11-06 22:26:04,DELIVERED,CENTRAL
O000954,C0250,2026-01-30 18:00:05,SHIPPED,EAST
O000955,C0251,2023-05-24 07:45:08,DELIVERED,SOUTH
O000956,C0251,2023-09-13 23:14:19,RETURNED,SOUTH
O000957,C0251,2024-09-13 19:12:06,PLACED,SOUTH
O000958,C0251,2024-10-04 01:19:52,DELIVERED,EAST
O000959,C0251,2025-02-18 21:21:25,PLACED,WEST
O000960,C0251,2025-05-29 11:23:29,DELIVERED,SOUTH
O000961,C0252,2024-10-06 15:18:13,PLACED,CENTRAL
O000962,C0252,2025-08-26 18:49:38,DELIVERED,CENTRAL
O000963,C0252,2025-10-12 23:23:35,SHIPPED,CENTRAL
O000964,C0252,2025-12-09 14:48:30,SHIPPED,SOUTH
O000965,C0252,2026-06-19 04:02:10,SHIPPED,NORTH
O000966,C0253,2023-05-08 06:00:10,PLACED,NORTH
O000967,C0253,2024-08-15 07:37:38,CANCELLED,NORTH
O000968,C0253,2025-11-24 21:31:12,DELIVERED,NORTH
O000969,C0253,2025-12-21 19:03:34,DELIVERED,NORTH
O000970,C0253,2026-02-02 00:00:00,CANCELLED,NORTH
O000971,C0254,2023-08-16 20:48:19,SHIPPED,EAST
O000972,C0255,2024-11-27 21:20:53,RETURNED,NORTH
O000973,,2025-08-09 12:30:49,DELIVERED,NORTH
O000974,C0255,2025-10-06 00:26:23,PLACED,NORTH
O000975,C0256,2023-08-21 09:34:50,SHIPPED,SOUTH
O000976,C0256,2025-09-04 07:15:31,DELIVERED,CENTRAL
O000977,C0257,2024-01-05 22:43:46,DELIVERED,NORTH
O000978,C0258,2023-04-09 06:16:02,DELIVERED,WEST
O000979,C0259,2026-01-05 22:08:49,DELIVERED,SOUTH
O000980,C0260,2023-10-19 15:11:25,DELIVERED,NORTH
O000981,C0260,2023-10-27 18:32:00,SHIPPED,NORTH
O000982,C0260,2025-08-09 22:37:36,SHIPPED,CENTRAL
O000983,,2024-12-08 01:17:08,DELIVERED,SOUTH
O000984,C0261,2026-06-28 12:21:26,CANCELLED,NORTH
O000985,C0262,2023-01-26 20:37:33,CANCELLED,NORTH
O000986,C0263,2025-06-23 02:44:51,CANCELLED,EAST
O000987,C0263,2025-12-24 19:41:21,SHIPPED,EAST
O000988,C0264,2026-01-03 00:43:47,SHIPPED,SOUTH
O000989,C0264,2026-01-08 19:15:25,DELIVERED,SOUTH
O000990,C0265,2023-07-29 00:00:00,CANCELLED,WEST
O000991,C0265,2024-05-24 15:43:32,DELIVERED,WEST
O000992,C0265,2024-06-15 21:48:54,DELIVERED,WEST
O000993,C0265,2025-09-10 09:56:37,SHIPPED,WEST
O000994,,2023-12-14 22:59:02,PLACED,NORTH
O000995,C0266,2026-01-22 13:32:28,SHIPPED,CENTRAL
O000996,C0267,2025-04-23 22:14:07,DELIVERED,NORTH
O000997,C0267,2026-02-13 09:03:34,SHIPPED,NORTH
O000998,C0267,2026-02-27 10:50:45,DELIVERED,WEST
O000999,C0267,2026-03-05 11:20:16,SHIPPED,NORTH
O001000,C0268,2025-04-25 07:09:21,PLACED,EAST
O001001,C0269,2024-11-10 00:00:04,PLACED,WEST
O001002,C0269,2025-10-14 14:19:23,DELIVERED,EAST
O001003,C0270,2025-10-20 23:48:10,PLACED,EAST
O001004,C0270,2026-06-10 04:31:19,DELIVERED,SOUTH
O001005,C0270,2026-06-20 06:06:06,DELIVERED,EAST
O001006,C0271,2023-05-03 23:30:16,DELIVERED,SOUTH
O001007,C0271,2023-09-12 04:38:25,DELIVERED,SOUTH
O001008,C0271,2023-12-16 17:11:09,SHIPPED,SOUTH
O001009,C0271,2024-05-10 08:25:34,PLACED,SOUTH
O001010,C0271,2024-07-04 12:10:28,PLACED,SOUTH
O001011,C0271,2024-09-25 10:11:18,DELIVERED,WEST
O001012,C0271,2024-09-29 02:45:10,PLACED,EAST
O001013,C0271,2025-03-15 03:48:25,SHIPPED,SOUTH
O001014,C0271,2025-06-13 13:14:13,DELIVERED,SOUTH
O001015,C0271,2025-11-17 23:42:49,DELIVERED,SOUTH
O001016,C0271,2026-03-25 06:23:57,DELIVERED,SOUTH
O001017,C0272,2023-05-05 10:42:33,SHIPPED,EAST
O001018,C0272,2024-11-26 20:09:03,PLACED,EAST
O001019,C0273,2023-09-17 19:56:39,RETURNED,EAST
O001020,C0273,2025-07-22 23:33:16,DELIVERED,EAST
O001021,C0274,2025-10-21 17:31:29,PLACED,EAST
O001022,C0274,2026-02-26 21:35:33,DELIVERED,EAST
O001023,C0274,2026-04-12 10:10:47,SHIPPED,EAST
O001024,C0274,2026-06-27 19:24:42,CANCELLED,EAST
O001025,C0275,2024-07-18 13:28:02,SHIPPED,SOUTH
O001026,C0275,2026-02-13 18:04:30,RETURNED,SOUTH
O001027,C0276,2023-04-28 07:27:25,PLACED,SOUTH
O001028,C0276,2023-06-16 14:36:13,DELIVERED,SOUTH
O001029,C0276,2023-09-03 00:41:20,SHIPPED,SOUTH
O001030,C0276,2024-03-14 09:52:21,CANCELLED,SOUTH
O001031,C0276,2024-12-01 17:42:58,DELIVERED,SOUTH
O001032,C0276,2025-04-10 20:34:23,SHIPPED,SOUTH
O001033,C0276,2025-08-12 07:42:54,DELIVERED,SOUTH
O001034,C0276,2026-05-13 19:54:56,PLACED,SOUTH
O001035,C0277,2025-05-31 06:37:13,DELIVERED,EAST
O001036,C0277,2025-07-13 18:01:08,RETURNED,SOUTH
O001037,C0277,2025-12-01 23:07:37,DELIVERED,SOUTH
O001038,C0277,2025-12-25 18:49:51,CANCELLED,SOUTH
O001039,C0277,2026-03-20 22:59:54,PLACED,SOUTH
O001040,C0277,2026-05-16 04:23:47,PLACED,SOUTH
O001041,C0278,2025-09-16 14:46:51,DELIVERED,CENTRAL
O001042,,2026-03-30 03:45:58,DELIVERED,NORTH
O001043,,2026-06-15 21:59:09,DELIVERED,CENTRAL
O001044,C0279,2024-05-04 01:25:57,DELIVERED,SOUTH
O001045,C0279,2025-10-12 00:00:00,CANCELLED,SOUTH
O001046,C0279,2025-12-08 16:23:19,PLACED,SOUTH
O001047,C0280,2025-02-14 11:54:34,RETURNED,CENTRAL
O001048,C0280,2026-02-20 05:27:11,DELIVERED,NORTH
O001049,C0280,2026-03-13 14:11:40,DELIVERED,CENTRAL
O001050,C0280,2026-06-03 02:52:53,DELIVERED,CENTRAL
O001051,C0281,2026-02-22 19:10:18,DELIVERED,CENTRAL
O001052,C0281,2026-05-11 02:19:31,SHIPPED,CENTRAL
O001053,,2026-06-20 13:52:09,SHIPPED,CENTRAL
O001054,C0282,2023-07-11 00:58:06,DELIVERED,NORTH
O001055,C0282,2024-08-30 00:00:00,RETURNED,NORTH
O001056,,2024-10-05 22:14:05,DELIVERED,NORTH
O001057,C0282,2025-08-18 16:47:52,DELIVERED,NORTH
O001058,C0282,2025-08-26 00:00:00,SHIPPED,CENTRAL
O001059,C0283,2025-01-16 16:26:49,PLACED,EAST
O001060,C0284,2024-04-11 17:19:25,DELIVERED,SOUTH
O001061,C0284,2025-07-06 19:48:40,DELIVERED,SOUTH
O001062,C0285,2023-11-09 09:02:24,SHIPPED,SOUTH
O001063,C0285,2026-01-25 12:59:27,PLACED,SOUTH
O001064,C0286,2025-05-10 19:29:46,PLACED,WEST
O001065,C0286,2025-06-22 05:15:45,SHIPPED,WEST
O001066,C0286,2025-06-30 21:28:09,DELIVERED,WEST
O001067,C0286,2025-07-28 02:26:20,DELIVERED,WEST
O001068,C0286,2025-08-31 00:00:00,PLACED,WEST
O001069,C0286,2025-12-13 00:00:00,DELIVERED,WEST
O001070,C0286,2026-01-17 00:54:23,CANCELLED,WEST
O001071,C0286,2026-03-09 02:02:56,RETURNED,WEST
O001072,C0286,2026-03-14 12:15:41,PLACED,WEST
O001073,C0286,2026-05-04 19:46:50,PLACED,WEST
O001074,C0287,2024-04-26 09:56:44,PLACED,WEST
O001075,C0287,2024-09-25 18:28:21,DELIVERED,SOUTH
O001076,C0287,2024-12-16 14:52:37,CANCELLED,CENTRAL
O001077,C0287,2024-12-29 15:51:57,CANCELLED,WEST
O001078,C0287,2025-02-15 00:10:01,DELIVERED,WEST
O001079,C0287,2026-03-05 15:18:19,SHIPPED,WEST
O001080,,2023-12-03 00:00:00,PLACED,NORTH
O001081,C0288,2024-01-29 16:04:48,DELIVERED,NORTH
O001082,C0288,2024-03-21 02:47:50,PLACED,NORTH
O001083,C0288,2024-10-20 22:25:50,SHIPPED,NORTH
O001084,C0288,2024-10-22 15:21:28,PLACED,NORTH
O001085,C0288,2024-11-22 22:52:48,RETURNED,EAST
O001086,C0288,2025-01-31 04:47:55,DELIVERED,NORTH
O001087,C0288,2025-07-25 22:02:40,DELIVERED,NORTH
O001088,C0288,2026-03-21 06:21:46,DELIVERED,SOUTH
O001089,C0289,2023-07-19 00:00:00,DELIVERED,EAST
O001090,C0289,2025-01-04 14:06:58,PLACED,CENTRAL
O001091,C0290,2025-02-21 00:58:25,PLACED,NORTH
O001092,C0290,2026-01-02 16:38:09,DELIVERED,CENTRAL
O001093,C0290,2026-02-02 12:59:51,DELIVERED,NORTH
O001094,C0290,2026-04-22 12:29:10,DELIVERED,NORTH
O001095,C0290,2026-06-29 00:00:00,PLACED,NORTH
O001096,C0291,2023-09-14 03:33:06,DELIVERED,SOUTH
O001097,C0291,2024-04-10 19:03:19,DELIVERED,SOUTH
O001098,C0291,2024-07-08 07:56:55,DELIVERED,SOUTH
O001099,C0291,2026-03-14 15:58:49,DELIVERED,SOUTH
O001100,C0291,2026-04-17 08:52:00,PLACED,CENTRAL
O001101,C0292,2024-01-25 13:42:34,PLACED,EAST
O001102,C0292,2025-07-07 15:30:22,DELIVERED,WEST
O001103,C0292,2026-03-23 03:17:04,PLACED,CENTRAL
O001104,C0292,2026-06-04 14:37:29,PLACED,EAST
O001105,C0293,2025-08-13 04:41:31,CANCELLED,CENTRAL
O001106,C0293,2025-11-22 20:26:32,SHIPPED,CENTRAL
O001107,C0294,2025-10-21 03:50:12,DELIVERED,CENTRAL
O001108,C0294,2026-01-15 19:27:12,DELIVERED,CENTRAL
O001109,C0294,2026-02-26 19:10:51,RETURNED,CENTRAL
O001110,C0294,2026-05-30 11:34:01,DELIVERED,CENTRAL
O001111,C0295,2024-06-14 15:02:53,PLACED,CENTRAL
O001112,C0296,2025-08-18 16:06:43,SHIPPED,WEST
O001113,C0296,2025-09-15 06:21:00,PLACED,WEST
O001114,C0297,2024-01-17 06:58:31,PLACED,WEST
O001115,C0297,2024-09-10 05:27:48,DELIVERED,WEST
O001116,C0297,2025-02-20 00:10:01,CANCELLED,WEST
O001117,C0297,2025-04-27 16:32:19,DELIVERED,WEST
O001118,C0297,2025-08-07 16:33:12,SHIPPED,WEST
O001119,C0297,2025-09-04 22:07:02,RETURNED,WEST
O001120,C0298,2025-12-06 11:11:46,DELIVERED,WEST
O001121,C0299,2024-01-21 03:30:10,DELIVERED,SOUTH
O001122,C0299,2024-10-23 23:35:03,DELIVERED,SOUTH
O001123,C0300,2024-09-12 02:34:00,RETURNED,EAST
O001124,,2025-04-28 11:12:44,DELIVERED,CENTRAL
O001125,C0300,2025-05-10 09:35:51,SHIPPED,EAST
O001126,C0300,2025-09-30 03:43:15,DELIVERED,EAST
O001127,C0300,2026-06-15 22:07:59,PLACED,EAST
O001128,C0301,2024-12-26 09:21:48,PLACED,WEST
O001129,C0301,2025-12-24 16:02:23,DELIVERED,WEST
O001130,C0301,2026-03-18 00:26:22,SHIPPED,WEST
O001131,C0301,2026-05-09 06:06:23,DELIVERED,WEST
O001132,C0302,2023-03-21 05:06:45,DELIVERED,WEST
O001133,C0302,2025-05-08 07:20:52,SHIPPED,EAST
O001134,C0302,2025-09-25 04:49:44,PLACED,WEST
O001135,C0302,2026-03-28 00:00:00,DELIVERED,WEST
O001136,C0303,2026-01-27 16:12:59,RETURNED,EAST
O001137,C0303,2026-03-26 13:20:42,DELIVERED,EAST
O001138,C0303,2026-06-15 08:09:49,SHIPPED,EAST
O001139,C0304,2025-05-12 17:56:03,DELIVERED,EAST
O001140,C0304,2025-05-26 01:34:13,DELIVERED,EAST
O001141,C0304,2025-09-21 18:57:12,DELIVERED,EAST
O001142,C0304,2025-12-30 17:18:06,DELIVERED,EAST
O001143,,2026-01-31 20:56:04,DELIVERED,EAST
O001144,C0305,2025-03-19 01:15:50,DELIVERED,NORTH
O001145,C0305,2025-05-27 00:13:12,SHIPPED,SOUTH
O001146,C0305,2025-06-15 09:47:37,SHIPPED,SOUTH
O001147,C0305,2025-08-26 11:44:41,SHIPPED,SOUTH
O001148,,2026-01-01 05:15:04,SHIPPED,SOUTH
O001149,C0305,2026-06-02 02:55:43,PLACED,SOUTH
O001150,C0306,2023-03-20 00:00:00,SHIPPED,NORTH
O001151,C0306,2024-01-30 01:36:15,RETURNED,CENTRAL
O001152,C0306,2024-02-27 18:13:13,RETURNED,CENTRAL
O001153,,2024-10-22 20:16:51,DELIVERED,EAST
O001154,C0306,2025-01-07 11:13:55,PLACED,WEST
O001155,C0306,2025-07-12 03:08:06,SHIPPED,CENTRAL
O001156,C0307,2023-06-17 20:43:08,DELIVERED,EAST
O001157,C0307,2023-09-06 15:17:17,CANCELLED,EAST
O001158,C0307,2025-11-06 08:22:11,PLACED,EAST
O001159,C0307,2026-02-20 03:45:41,PLACED,EAST
O001160,C0307,2026-05-08 15:02:25,SHIPPED,SOUTH
O001161,C0308,2023-08-03 20:01:19,SHIPPED,SOUTH
O001162,C0308,2024-02-05 16:20:54,CANCELLED,CENTRAL
O001163,C0308,2024-12-21 03:36:11,SHIPPED,CENTRAL
O001164,C0308,2025-08-31 09:57:38,RETURNED,CENTRAL
O001165,C0309,2023-04-25 23:25:38,DELIVERED,WEST
O001166,C0309,2025-06-06 06:45:16,SHIPPED,WEST
O001167,C0309,2026-03-30 13:08:24,DELIVERED,WEST
O001168,C0309,2026-06-03 23:39:12,SHIPPED,WEST
O001169,C0309,2026-06-13 10:31:27,SHIPPED,EAST
O001170,C0310,2023-08-04 02:14:49,DELIVERED,NORTH
O001171,C0310,2023-08-18 13:52:41,SHIPPED,WEST
O001172,C0310,2024-01-03 01:51:03,SHIPPED,EAST
O001173,C0310,2024-03-04 00:29:36,PLACED,EAST
O001174,C0310,2024-05-02 11:38:41,SHIPPED,EAST
O001175,C0310,2025-12-18 16:29:13,RETURNED,WEST
O001176,C0311,2025-07-25 09:27:19,DELIVERED,CENTRAL
O001177,C0312,2024-03-11 20:14:36,DELIVERED,WEST
O001178,C0312,2024-04-11 15:58:04,SHIPPED,WEST
O001179,C0312,2025-05-03 19:47:42,DELIVERED,WEST
O001180,C0312,2025-11-17 09:24:44,SHIPPED,WEST
O001181,C0313,2024-07-08 08:14:26,DELIVERED,EAST
O001182,C0313,2024-07-24 19:44:19,PLACED,EAST
O001183,C0313,2024-08-26 16:55:56,DELIVERED,EAST
O001184,C0313,2025-08-11 20:14:09,PLACED,EAST
O001185,C0313,2025-08-13 09:35:38,DELIVERED,EAST
O001186,C0313,2026-01-01 16:33:02,PLACED,NORTH
O001187,C0314,2025-07-11 00:00:00,DELIVERED,CENTRAL
O001188,C0315,2023-01-26 20:16:52,PLACED,NORTH
O001189,C0315,2023-11-28 07:45:04,SHIPPED,NORTH
O001190,,2025-05-19 13:01:04,DELIVERED,NORTH
O001191,C0315,2026-01-07 00:44:25,PLACED,NORTH
O001192,C0315,2026-06-22 15:13:32,CANCELLED,NORTH
O001193,C0316,2025-07-17 00:52:46,DELIVERED,CENTRAL
O001194,C0316,2025-12-11 20:58:12,PLACED,CENTRAL
O001195,C0316,2026-03-03 04:10:22,SHIPPED,CENTRAL
O001196,,2026-03-31 17:13:36,DELIVERED,CENTRAL
O001197,,2026-05-31 21:19:58,DELIVERED,NORTH
O001198,C0317,2023-12-16 04:41:59,CANCELLED,CENTRAL
O001199,C0317,2024-04-11 04:49:05,DELIVERED,CENTRAL
O001200,C0317,2024-10-23 00:29:37,DELIVERED,CENTRAL
O001201,C0317,2024-12-14 00:55:30,PLACED,CENTRAL
O001202,C0317,2025-04-18 13:51:48,SHIPPED,SOUTH
O001203,C0317,2025-07-06 08:28:48,DELIVERED,CENTRAL
O001204,C0317,2025-07-30 03:46:03,PLACED,CENTRAL
O001205,C0317,2025-10-07 12:29:24,PLACED,CENTRAL
O001206,C0317,2026-01-15 14:21:42,PLACED,CENTRAL
O001207,C0317,2026-02-06 18:33:58,DELIVERED,CENTRAL
O001208,C0318,2023-02-19 02:45:52,DELIVERED,EAST
O001209,C0318,2023-05-30 00:52:26,RETURNED,NORTH
O001210,C0318,2023-07-26 10:14:48,SHIPPED,NORTH
O001211,C0318,2023-08-23 02:11:58,DELIVERED,NORTH
O001212,C0318,2023-11-14 20:02:31,PLACED,NORTH
O001213,C0318,2025-11-27 12:32:16,CANCELLED,NORTH
O001214,C0319,2024-06-23 09:40:15,SHIPPED,NORTH
O001215,C0319,2026-04-26 11:57:07,DELIVERED,WEST
O001216,C0320,2023-06-15 17:44:12,PLACED,CENTRAL
O001217,C0320,2024-04-05 14:04:21,CANCELLED,CENTRAL
O001218,C0320,2024-04-24 00:02:52,CANCELLED,CENTRAL
O001219,C0321,2025-03-27 09:33:47,SHIPPED,SOUTH
O001220,C0321,2026-06-08 19:11:06,PLACED,SOUTH
O001221,C0321,2026-06-13 06:28:50,DELIVERED,SOUTH
O001222,C0322,2025-11-16 04:36:04,RETURNED,EAST
O001223,C0322,2025-12-17 12:47:23,SHIPPED,EAST
O001224,C0322,2025-12-22 18:31:37,CANCELLED,EAST
O001225,C0323,2024-03-09 15:37:59,DELIVERED,SOUTH
O001226,C0324,2025-12-09 05:34:16,RETURNED,EAST
O001227,C0324,2025-12-30 09:34:47,SHIPPED,EAST
O001228,C0324,2026-03-14 00:00:00,SHIPPED,EAST
O001229,C0324,2026-03-16 23:39:30,PLACED,EAST
O001230,C0324,2026-04-18 18:55:53,RETURNED,SOUTH
O001231,C0324,2026-04-27 04:45:07,DELIVERED,EAST
O001232,C0325,2024-03-23 07:44:03,PLACED,CENTRAL
O001233,C0325,2025-10-25 22:28:58,PLACED,NORTH
O001234,C0325,2026-01-08 05:25:23,CANCELLED,WEST
O001235,C0326,2025-03-17 13:25:22,SHIPPED,EAST
O001236,C0327,2025-10-16 23:38:39,DELIVERED,WEST
O001237,C0327,2025-11-10 07:32:38,PLACED,WEST
O001238,C0327,2026-02-21 16:15:42,DELIVERED,WEST
O001239,C0327,2026-05-27 04:00:41,RETURNED,NORTH
O001240,C0327,2026-06-04 13:43:59,CANCELLED,WEST
O001241,C0327,2026-06-24 21:32:58,CANCELLED,SOUTH
O001242,C0328,2025-11-12 21:34:11,CANCELLED,SOUTH
O001243,C0328,2026-01-19 04:08:47,DELIVERED,SOUTH
O001244,C0328,2026-05-16 10:22:04,PLACED,SOUTH
O001245,C0329,2023-03-21 18:48:07,CANCELLED,EAST
O001246,C0329,2024-10-06 18:59:31,DELIVERED,EAST
O001247,C0330,2025-07-12 10:30:09,PLACED,WEST
O001248,C0330,2026-03-16 16:25:34,RETURNED,WEST
O001249,C0330,2026-05-22 04:30:57,DELIVERED,WEST
O001250,C0331,2025-05-05 16:37:41,DELIVERED,SOUTH
O001251,,2026-05-29 18:03:38,DELIVERED,SOUTH
O001252,C0332,2025-11-11 00:38:03,DELIVERED,EAST
O001253,C0332,2026-01-02 05:10:11,DELIVERED,EAST
O001254,C0332,2026-04-07 11:51:19,SHIPPED,EAST
O001255,C0332,2026-04-14 10:09:23,DELIVERED,EAST
O001256,C0332,2026-05-11 23:53:17,CANCELLED,EAST
O001257,C0332,2026-06-29 23:16:54,PLACED,EAST
O001258,C0333,2023-05-20 13:20:17,SHIPPED,SOUTH
O001259,C0333,2024-08-20 14:44:59,SHIPPED,SOUTH
O001260,C0333,2025-04-14 15:31:55,DELIVERED,SOUTH
O001261,C0333,2026-04-12 16:01:33,CANCELLED,SOUTH
O001262,C0334,2025-02-09 16:43:09,SHIPPED,NORTH
O001263,C0334,2025-10-12 20:13:03,DELIVERED,NORTH
O001264,C0335,2024-03-26 12:14:26,DELIVERED,EAST
O001265,C0335,2026-03-30 08:45:52,PLACED,NORTH
O001266,C0336,2025-01-12 00:00:00,DELIVERED,CENTRAL
O001267,C0336,2026-01-19 05:11:21,PLACED,CENTRAL
O001268,C0337,2024-02-29 04:51:07,PLACED,NORTH
O001269,C0337,2025-12-10 05:47:24,DELIVERED,NORTH
O001270,C0337,2026-06-25 23:01:39,CANCELLED,NORTH
O001271,C0338,2025-10-04 13:15:23,PLACED,SOUTH
O001272,C0338,2026-04-13 00:03:09,SHIPPED,SOUTH
O001273,C0339,2025-06-09 12:07:27,DELIVERED,SOUTH
O001274,C0339,2025-10-03 22:27:18,PLACED,SOUTH
O001275,C0339,2026-01-04 17:25:48,DELIVERED,CENTRAL
O001276,C0339,2026-01-25 07:05:30,SHIPPED,SOUTH
O001277,C0339,2026-04-30 08:26:58,SHIPPED,SOUTH
O001278,C0339,2026-05-16 02:17:56,DELIVERED,SOUTH
O001279,C0340,2025-03-11 13:18:44,SHIPPED,WEST
O001280,C0340,2025-07-30 17:46:13,CANCELLED,WEST
O001281,C0340,2025-08-26 05:51:31,PLACED,WEST
O001282,C0340,2025-10-09 07:48:32,RETURNED,WEST
O001283,C0340,2025-10-23 11:32:59,PLACED,WEST
O001284,C0340,2025-11-05 19:31:16,DELIVERED,WEST
O001285,C0340,2025-11-20 12:46:21,SHIPPED,WEST
O001286,C0340,2026-01-06 07:23:05,DELIVERED,WEST
O001287,C0341,2025-01-12 04:25:03,PLACED,NORTH
O001288,C0341,2025-03-22 05:41:11,DELIVERED,SOUTH
O001289,C0341,2025-04-10 14:39:12,DELIVERED,SOUTH
O001290,C0341,2025-04-28 05:50:05,DELIVERED,SOUTH
O001291,C0341,2025-07-10 05:15:15,CANCELLED,SOUTH
O001292,C0341,2026-01-14 00:15:06,DELIVERED,SOUTH
O001293,C0342,2024-01-02 06:39:33,SHIPPED,EAST
O001294,C0342,2024-11-24 03:41:41,DELIVERED,EAST
O001295,C0343,2024-02-12 04:58:16,DELIVERED,SOUTH
O001296,C0343,2024-07-09 05:35:55,CANCELLED,SOUTH
O001297,C0343,2025-05-31 12:46:44,DELIVERED,SOUTH
O001298,C0343,2026-01-04 18:49:43,PLACED,SOUTH
O001299,C0343,2026-03-09 02:09:56,PLACED,SOUTH
O001300,C0344,2024-04-22 11:14:28,DELIVERED,CENTRAL
O001301,C0345,2024-07-25 00:00:00,RETURNED,SOUTH
O001302,C0345,2024-10-15 08:49:47,DELIVERED,SOUTH
O001303,C0345,2025-05-09 22:04:34,CANCELLED,SOUTH
O001304,C0345,2025-05-11 11:42:18,RETURNED,SOUTH
O001305,,2025-06-08 23:12:02,SHIPPED,SOUTH
O001306,C0345,2025-12-18 00:00:00,PLACED,SOUTH
O001307,C0345,2026-01-03 12:12:08,DELIVERED,EAST
O001308,C0345,2026-03-01 18:27:39,DELIVERED,SOUTH
O001309,C0345,2026-04-09 22:34:48,DELIVERED,SOUTH
O001310,C0345,2026-05-02 20:34:41,DELIVERED,SOUTH
O001311,,2026-06-08 02:45:51,SHIPPED,SOUTH
O001312,C0346,2024-12-08 11:56:37,DELIVERED,CENTRAL
O001313,C0346,2026-04-03 08:25:21,DELIVERED,NORTH
O001314,C0347,2026-02-28 11:22:20,CANCELLED,SOUTH
O001315,C0348,2025-04-01 06:22:18,DELIVERED,NORTH
O001316,C0348,2025-07-12 15:42:19,SHIPPED,NORTH
O001317,C0348,2025-11-17 04:12:27,DELIVERED,NORTH
O001318,C0348,2025-11-23 20:19:59,DELIVERED,NORTH
O001319,C0348,2025-12-07 03:35:23,SHIPPED,NORTH
O001320,C0348,2026-02-28 13:29:43,DELIVERED,NORTH
O001321,C0348,2026-03-10 16:41:11,DELIVERED,NORTH
O001322,C0348,2026-04-07 23:25:01,DELIVERED,NORTH
O001323,C0348,2026-06-12 13:01:23,DELIVERED,NORTH
O001324,C0348,2026-06-19 12:10:11,RETURNED,NORTH
O001325,C0349,2025-06-09 08:11:23,SHIPPED,SOUTH
O001326,C0350,2025-11-23 09:42:06,SHIPPED,EAST
O001327,C0350,2026-05-24 09:50:23,PLACED,CENTRAL
O001328,C0350,2026-06-18 19:37:51,DELIVERED,CENTRAL
O001329,C0351,2023-03-29 06:26:32,PLACED,CENTRAL
O001330,C0351,2024-01-30 23:59:21,DELIVERED,CENTRAL
O001331,,2024-08-14 08:21:21,DELIVERED,CENTRAL
O001332,C0351,2024-12-30 00:00:00,RETURNED,CENTRAL
O001333,,2025-06-22 20:56:44,DELIVERED,CENTRAL
O001334,C0351,2025-08-26 16:14:07,DELIVERED,CENTRAL
O001335,C0352,2025-05-18 08:33:56,RETURNED,WEST
O001336,C0352,2025-08-03 01:14:09,DELIVERED,EAST
O001337,C0352,2025-12-03 14:35:07,SHIPPED,EAST
O001338,C0352,2026-03-10 06:11:50,DELIVERED,EAST
O001339,C0353,2023-01-05 21:55:50,DELIVERED,CENTRAL
O001340,C0353,2026-01-12 19:08:30,SHIPPED,CENTRAL
O001341,C0354,2025-08-30 18:38:32,DELIVERED,EAST
O001342,C0354,2025-09-03 16:39:15,PLACED,CENTRAL
O001343,C0354,2025-12-12 21:17:28,SHIPPED,SOUTH
O001344,C0354,2026-04-28 14:26:49,DELIVERED,CENTRAL
O001345,C0355,2023-07-09 07:07:47,DELIVERED,CENTRAL
O001346,C0355,2024-05-04 20:18:07,DELIVERED,SOUTH
O001347,C0355,2025-07-27 07:12:17,DELIVERED,SOUTH
O001348,,2026-01-12 21:16:22,DELIVERED,SOUTH
O001349,C0355,2026-01-19 02:29:34,RETURNED,SOUTH
O001350,C0355,2026-04-30 21:22:58,DELIVERED,SOUTH
O001351,C0356,2024-09-16 22:30:27,SHIPPED,WEST
O001352,C0356,2024-11-13 02:55:38,SHIPPED,WEST
O001353,C0356,2025-02-19 20:36:39,DELIVERED,WEST
O001354,C0356,2025-10-13 00:00:00,CANCELLED,WEST
O001355,C0356,2026-01-21 20:22:20,DELIVERED,WEST
O001356,C0356,2026-05-21 16:20:54,SHIPPED,WEST
O001357,C0357,2025-10-12 18:32:11,DELIVERED,NORTH
O001358,C0357,2026-01-28 23:09:11,SHIPPED,NORTH
O001359,C0357,2026-04-30 17:17:58,SHIPPED,NORTH
O001360,C0357,2026-06-29 22:05:04,DELIVERED,WEST
O001361,C0358,2023-12-13 05:22:58,SHIPPED,NORTH
O001362,C0358,2025-08-06 04:01:41,SHIPPED,NORTH
O001363,C0359,2025-04-07 03:26:15,DELIVERED,CENTRAL
O001364,C0360,2025-08-15 16:08:16,DELIVERED,NORTH
O001365,C0360,2026-03-09 09:31:59,DELIVERED,NORTH
O001366,C0361,2024-12-15 00:00:00,DELIVERED,NORTH
O001367,C0361,2025-01-26 18:29:18,SHIPPED,NORTH
O001368,C0361,2025-05-03 21:14:54,SHIPPED,NORTH
O001369,C0361,2025-05-28 12:23:59,CANCELLED,CENTRAL
O001370,C0361,2025-09-07 18:53:07,DELIVERED,WEST
O001371,C0361,2026-06-19 20:31:51,SHIPPED,NORTH
O001372,C0362,2024-08-26 04:05:02,CANCELLED,WEST
O001373,C0362,2025-10-11 14:35:29,PLACED,WEST
O001374,C0362,2026-06-25 15:54:14,DELIVERED,WEST
O001375,C0363,2023-03-30 13:31:32,SHIPPED,EAST
O001376,C0363,2023-10-21 08:24:19,DELIVERED,EAST
O001377,,2024-11-14 00:04:28,DELIVERED,EAST
O001378,C0363,2025-01-09 18:21:53,SHIPPED,EAST
O001379,C0363,2025-01-27 02:18:51,DELIVERED,EAST
O001380,C0363,2025-09-19 19:42:10,DELIVERED,EAST
O001381,C0364,2024-09-27 12:34:44,CANCELLED,SOUTH
O001382,C0364,2024-12-02 02:05:57,DELIVERED,SOUTH
O001383,C0365,2024-04-09 19:18:00,SHIPPED,CENTRAL
O001384,C0365,2025-02-06 14:30:32,SHIPPED,CENTRAL
O001385,C0366,2023-03-15 06:20:17,PLACED,WEST
O001386,C0366,2023-11-23 04:39:52,DELIVERED,WEST
O001387,C0366,2024-02-26 00:24:26,SHIPPED,WEST
O001388,C0366,2024-04-07 14:41:05,DELIVERED,EAST
O001389,C0366,2025-08-22 10:39:28,PLACED,WEST
O001390,C0367,2023-08-21 13:06:08,DELIVERED,SOUTH
O001391,C0368,2025-03-03 17:05:25,DELIVERED,SOUTH
O001392,C0368,2025-11-26 08:25:57,DELIVERED,EAST
O001393,C0369,2024-10-09 11:35:53,DELIVERED,SOUTH
O001394,C0369,2025-10-06 05:58:09,PLACED,SOUTH
O001395,C0369,2025-11-18 10:43:28,PLACED,SOUTH
O001396,C0369,2025-12-15 11:50:34,DELIVERED,SOUTH
O001397,,2026-02-10 20:33:36,DELIVERED,EAST
O001398,C0369,2026-04-05 06:47:26,DELIVERED,EAST
O001399,C0370,2023-11-13 04:10:41,CANCELLED,NORTH
O001400,,2024-01-31 16:39:14,PLACED,NORTH
O001401,C0370,2024-03-25 00:00:00,DELIVERED,NORTH
O001402,C0370,2024-06-12 01:05:19,CANCELLED,NORTH
O001403,C0370,2024-08-21 12:02:54,SHIPPED,NORTH
O001404,C0370,2024-12-12 19:12:39,DELIVERED,NORTH
O001405,C0370,2024-12-14 18:05:02,PLACED,NORTH
O001406,C0370,2025-06-15 19:54:29,PLACED,NORTH
O001407,C0370,2025-10-16 01:43:38,DELIVERED,NORTH
O001408,C0370,2025-12-13 06:57:01,DELIVERED,NORTH
O001409,C0370,2025-12-30 14:35:28,DELIVERED,NORTH
O001410,,2025-04-12 22:50:05,DELIVERED,WEST
O001411,C0371,2025-08-13 00:00:00,SHIPPED,SOUTH
O001412,C0371,2025-09-15 14:21:56,DELIVERED,SOUTH
O001413,C0371,2025-12-23 02:28:58,DELIVERED,NORTH
O001414,C0371,2026-06-14 00:00:00,PLACED,SOUTH
O001415,C0372,2025-11-13 02:56:49,DELIVERED,EAST
O001416,C0372,2025-12-21 03:50:12,SHIPPED,CENTRAL
O001417,C0372,2026-01-15 13:24:35,RETURNED,NORTH
O001418,C0372,2026-04-16 20:12:44,SHIPPED,CENTRAL
O001419,C0372,2026-05-16 00:59:37,DELIVERED,NORTH
O001420,C0373,2025-01-14 20:21:31,SHIPPED,EAST
O001421,C0373,2025-10-25 22:43:22,SHIPPED,EAST
O001422,C0373,2026-04-08 06:33:24,DELIVERED,NORTH
O001423,C0374,2023-10-23 05:50:19,DELIVERED,NORTH
O001424,C0374,2024-05-04 19:20:07,SHIPPED,NORTH
O001425,C0374,2026-03-02 05:30:02,SHIPPED,NORTH
O001426,C0375,2024-11-03 23:54:50,SHIPPED,CENTRAL
O001427,,2025-06-01 13:25:55,PLACED,CENTRAL
O001428,C0376,2024-12-25 21:29:10,RETURNED,EAST
O001429,C0376,2025-12-27 10:15:19,DELIVERED,WEST
O001430,C0376,2026-02-20 15:09:17,RETURNED,EAST
O001431,C0377,2025-03-08 02:59:51,SHIPPED,WEST
O001432,C0377,2026-06-22 05:58:55,DELIVERED,WEST
O001433,C0378,2023-11-12 22:03:06,DELIVERED,WEST
O001434,C0378,2025-10-02 02:36:14,PLACED,NORTH
O001435,C0378,2026-02-13 23:44:37,DELIVERED,WEST
O001436,C0379,2023-01-26 14:51:41,DELIVERED,CENTRAL
O001437,C0379,2024-07-03 14:57:07,DELIVERED,CENTRAL
O001438,C0379,2024-08-25 00:00:00,DELIVERED,CENTRAL
O001439,C0379,2025-02-18 12:13:49,SHIPPED,WEST
O001440,C0379,2026-02-01 00:00:00,DELIVERED,CENTRAL
O001441,C0380,2023-11-02 07:17:11,DELIVERED,WEST
O001442,C0380,2024-02-10 14:42:36,CANCELLED,SOUTH
O001443,C0380,2024-08-16 00:07:07,DELIVERED,WEST
O001444,C0380,2025-05-19 20:26:56,DELIVERED,WEST
O001445,C0380,2025-08-01 10:03:51,CANCELLED,WEST
O001446,C0381,2024-04-24 11:54:20,SHIPPED,WEST
O001447,C0381,2026-01-26 01:46:17,DELIVERED,WEST
O001448,C0382,2024-07-01 15:14:49,PLACED,CENTRAL
O001449,,2024-08-15 19:50:47,DELIVERED,WEST
O001450,C0382,2024-09-24 08:56:41,CANCELLED,CENTRAL
O001451,C0382,2024-10-09 14:42:41,DELIVERED,CENTRAL
O001452,C0382,2025-04-23 00:00:00,CANCELLED,CENTRAL
O001453,C0382,2026-05-08 18:38:48,PLACED,CENTRAL
O001454,C0383,2025-03-25 18:03:51,SHIPPED,NORTH
O001455,C0383,2026-02-24 23:05:39,DELIVERED,NORTH
O001456,C0384,2023-08-03 10:41:10,DELIVERED,SOUTH
O001457,C0384,2024-11-21 12:33:00,DELIVERED,WEST
O001458,C0384,2025-01-13 15:12:42,DELIVERED,SOUTH
O001459,C0384,2025-04-06 17:23:27,DELIVERED,SOUTH
O001460,C0385,2023-12-06 19:07:05,DELIVERED,EAST
O001461,C0385,2025-01-05 19:15:37,DELIVERED,EAST
O001462,C0385,2026-06-29 18:03:29,PLACED,EAST
O001463,C0386,2024-03-30 03:20:22,SHIPPED,CENTRAL
O001464,C0386,2024-09-28 00:36:27,DELIVERED,CENTRAL
O001465,C0386,2024-11-27 09:54:26,CANCELLED,CENTRAL
O001466,C0386,2024-11-27 00:00:00,SHIPPED,EAST
O001467,C0386,2025-10-09 04:46:19,CANCELLED,CENTRAL
O001468,C0386,2025-10-26 20:38:20,DELIVERED,CENTRAL
O001469,C0387,2025-04-02 00:00:00,PLACED,CENTRAL
O001470,,2025-10-16 20:37:59,DELIVERED,CENTRAL
O001471,C0387,2026-04-30 10:12:51,PLACED,CENTRAL
O001472,C0388,2023-10-17 14:30:06,SHIPPED,NORTH
O001473,C0388,2023-10-20 17:40:10,SHIPPED,NORTH
O001474,C0388,2024-10-27 14:46:12,PLACED,NORTH
O001475,C0388,2024-11-18 01:39:16,DELIVERED,NORTH
O001476,C0388,2025-03-05 18:46:01,PLACED,NORTH
O001477,C0388,2025-09-02 23:41:15,DELIVERED,NORTH
O001478,C0388,2025-12-08 03:12:25,PLACED,NORTH
O001479,C0388,2025-12-26 03:57:16,SHIPPED,NORTH
O001480,C0388,2026-02-26 18:04:49,DELIVERED,EAST
O001481,C0388,2026-03-30 06:32:02,PLACED,NORTH
O001482,C0388,2026-04-13 12:31:49,PLACED,NORTH
O001483,C0389,2025-10-07 03:06:56,PLACED,EAST
O001484,C0389,2025-10-20 10:50:10,DELIVERED,EAST
O001485,C0389,2025-12-08 18:57:09,CANCELLED,SOUTH
O001486,C0389,2026-05-01 09:05:14,SHIPPED,EAST
O001487,C0390,2024-08-02 18:01:47,PLACED,WEST
O001488,C0390,2026-02-26 06:26:15,DELIVERED,WEST
O001489,C0390,2026-03-11 15:08:30,SHIPPED,WEST
O001490,C0391,2025-11-29 11:24:15,CANCELLED,NORTH
O001491,C0391,2026-06-13 05:34:11,DELIVERED,NORTH
O001492,C0392,2024-08-12 09:25:06,PLACED,WEST
O001493,C0392,2025-08-19 00:21:02,PLACED,WEST
O001494,C0392,2025-11-18 04:49:17,SHIPPED,WEST
O001495,C0392,2026-01-13 10:10:01,CANCELLED,WEST
O001496,C0392,2026-02-21 23:12:01,SHIPPED,WEST
O001497,C0392,2026-03-17 19:27:57,CANCELLED,WEST
O001498,C0393,2023-12-10 22:12:10,DELIVERED,NORTH
O001499,C0393,2024-11-19 22:33:12,DELIVERED,SOUTH
O001500,C0393,2024-11-28 08:56:50,PLACED,WEST
O001501,C0394,2023-12-23 23:49:04,PLACED,NORTH
O001502,C0394,2025-10-18 19:22:32,DELIVERED,CENTRAL
O001503,C0394,2026-03-25 14:30:41,RETURNED,CENTRAL
O001504,C0395,2025-01-17 08:47:40,DELIVERED,EAST
O001505,C0395,2025-08-03 14:44:01,DELIVERED,EAST
O001506,C0396,2023-01-26 01:23:29,DELIVERED,CENTRAL
O001507,C0396,2023-08-15 04:56:26,RETURNED,CENTRAL
O001508,C0396,2024-04-26 00:00:00,RETURNED,CENTRAL
O001509,C0396,2024-11-28 04:46:02,DELIVERED,CENTRAL
O001510,C0396,2026-02-16 21:18:44,DELIVERED,CENTRAL
O001511,C0396,2026-06-16 11:00:12,RETURNED,CENTRAL
O001512,C0397,2024-04-10 05:14:05,CANCELLED,SOUTH
O001513,C0397,2024-09-25 22:40:31,SHIPPED,SOUTH
O001514,C0397,2025-03-09 11:20:27,SHIPPED,NORTH
O001515,C0397,2025-07-01 00:00:00,PLACED,CENTRAL
O001516,C0397,2025-10-26 06:42:22,SHIPPED,SOUTH
O001517,C0398,2023-08-07 09:11:46,DELIVERED,NORTH
O001518,,2024-01-06 21:08:48,CANCELLED,NORTH
O001519,C0398,2026-02-07 23:50:28,CANCELLED,NORTH
O001520,C0399,2024-11-10 22:35:23,DELIVERED,WEST
O001521,C0400,2023-02-16 17:39:03,DELIVERED,WEST
O001522,C0400,2025-12-31 00:50:39,DELIVERED,WEST
O001523,C0401,2025-06-23 21:06:40,PLACED,WEST
O001524,C0401,2026-02-16 05:38:04,CANCELLED,WEST
O001525,C0402,2025-08-19 12:25:30,PLACED,SOUTH
O001526,C0402,2025-12-02 12:08:31,DELIVERED,SOUTH
O001527,C0402,2025-12-14 11:55:01,SHIPPED,EAST
O001528,C0402,2025-12-20 20:37:42,DELIVERED,EAST
O001529,C0402,2026-02-20 10:42:48,DELIVERED,NORTH
O001530,C0403,2023-09-05 07:17:32,DELIVERED,SOUTH
O001531,C0403,2023-09-18 01:08:27,DELIVERED,NORTH
O001532,C0403,2024-06-14 14:23:00,DELIVERED,EAST
O001533,C0403,2024-07-30 20:03:14,RETURNED,SOUTH
O001534,C0403,2025-02-04 19:21:34,SHIPPED,SOUTH
O001535,C0403,2026-06-16 02:02:56,PLACED,SOUTH
O001536,C0404,2023-06-15 19:42:21,DELIVERED,EAST
O001537,,2025-04-06 12:12:56,DELIVERED,EAST
O001538,C0404,2025-04-28 22:29:10,SHIPPED,EAST
O001539,C0405,2024-05-10 01:38:04,SHIPPED,WEST
O001540,C0405,2024-09-15 11:56:12,DELIVERED,CENTRAL
O001541,C0405,2025-09-23 07:23:31,DELIVERED,SOUTH
O001542,C0406,2024-02-13 02:00:21,DELIVERED,NORTH
O001543,C0406,2025-01-04 14:21:57,DELIVERED,EAST
O001544,C0406,2025-04-03 01:16:10,DELIVERED,SOUTH
O001545,C0406,2025-05-24 19:38:29,DELIVERED,EAST
O001546,C0406,2025-10-12 22:25:19,SHIPPED,EAST
O001547,C0407,2023-01-20 04:21:06,PLACED,WEST
O001548,C0408,2025-12-01 04:03:28,RETURNED,SOUTH
O001549,C0408,2026-05-01 05:28:00,DELIVERED,SOUTH
O001550,C0409,2025-11-10 14:43:39,DELIVERED,SOUTH
O001551,C0409,2026-01-02 21:14:31,SHIPPED,SOUTH
O001552,,2025-10-16 22:23:05,PLACED,WEST
O001553,C0410,2025-11-11 06:20:52,SHIPPED,NORTH
O001554,C0411,2025-08-29 00:00:00,SHIPPED,CENTRAL
O001555,C0411,2025-11-02 00:52:37,SHIPPED,CENTRAL
O001556,C0411,2025-12-12 11:35:10,PLACED,CENTRAL
O001557,C0411,2025-12-27 12:34:06,DELIVERED,CENTRAL
O001558,C0411,2026-01-31 02:55:17,CANCELLED,WEST
O001559,C0411,2026-05-13 00:26:52,CANCELLED,CENTRAL
O001560,C0412,2023-07-30 14:02:22,DELIVERED,WEST
O001561,C0412,2024-04-27 10:58:04,DELIVERED,WEST
O001562,C0412,2024-09-15 14:59:40,DELIVERED,WEST
O001563,C0412,2025-02-05 03:00:22,SHIPPED,WEST
O001564,C0412,2025-09-22 00:58:34,CANCELLED,WEST
O001565,C0412,2026-04-07 10:14:15,DELIVERED,WEST
O001566,C0413,2025-04-09 00:00:00,DELIVERED,CENTRAL
O001567,C0414,2025-07-26 23:32:40,CANCELLED,SOUTH
O001568,C0414,2026-02-05 20:47:23,DELIVERED,SOUTH
O001569,C0415,2025-04-01 01:54:44,PLACED,EAST
O001570,C0415,2025-12-13 17:13:17,SHIPPED,EAST
O001571,C0415,2026-01-14 23:15:39,DELIVERED,EAST
O001572,C0415,2026-04-17 20:20:25,DELIVERED,EAST
O001573,C0416,2024-08-07 15:25:36,DELIVERED,WEST
O001574,C0416,2025-06-25 08:56:29,PLACED,WEST
O001575,C0416,2025-07-27 08:23:25,DELIVERED,WEST
O001576,C0416,2026-06-25 06:23:05,DELIVERED,WEST
O001577,C0417,2025-07-09 22:35:27,CANCELLED,EAST
O001578,C0417,2026-02-15 01:20:47,SHIPPED,SOUTH
O001579,,2026-05-06 18:59:28,DELIVERED,SOUTH
O001580,C0417,2026-05-28 23:15:05,CANCELLED,EAST
O001581,C0417,2026-06-03 00:30:26,PLACED,SOUTH
O001582,C0417,2026-06-22 17:13:27,PLACED,SOUTH
O001583,C0418,2025-08-03 01:53:48,SHIPPED,NORTH
O001584,C0418,2026-03-09 21:35:46,DELIVERED,NORTH
O001585,C0418,2026-04-11 17:41:09,RETURNED,NORTH
O001586,C0418,2026-05-11 18:57:12,RETURNED,NORTH
O001587,C0419,2025-09-11 18:54:17,CANCELLED,EAST
O001588,C0419,2025-10-31 23:47:14,DELIVERED,EAST
O001589,C0419,2025-11-14 18:59:35,DELIVERED,EAST
O001590,C0419,2025-11-18 17:17:50,DELIVERED,EAST
O001591,C0419,2026-05-16 18:12:24,DELIVERED,SOUTH
O001592,C0420,2023-04-26 13:40:56,DELIVERED,CENTRAL
O001593,C0420,2024-09-18 04:38:51,PLACED,CENTRAL
O001594,C0420,2025-08-07 09:45:40,PLACED,CENTRAL
O001595,C0421,2025-10-15 16:53:09,SHIPPED,WEST
O001596,C0421,2025-11-27 13:19:24,SHIPPED,NORTH
O001597,C0422,2025-10-18 20:22:20,DELIVERED,SOUTH
O001598,,2026-02-21 22:36:04,DELIVERED,NORTH
O001599,C0423,2024-11-07 21:02:15,RETURNED,NORTH
O001600,C0423,2026-05-27 10:11:31,PLACED,NORTH
O001601,C0424,2024-11-24 00:51:44,DELIVERED,WEST
O001602,C0424,2026-01-26 13:48:32,PLACED,NORTH
O001603,C0425,2025-05-29 12:13:59,SHIPPED,WEST
O001604,C0425,2025-06-06 06:24:01,DELIVERED,CENTRAL
O001605,C0425,2025-06-27 14:23:51,DELIVERED,WEST
O001606,C0425,2025-07-09 08:00:12,RETURNED,WEST
O001607,C0425,2025-12-01 16:59:27,DELIVERED,WEST
O001608,C0425,2026-04-30 09:43:47,SHIPPED,WEST
O001609,C0426,2024-06-25 23:56:50,PLACED,WEST
O001610,C0427,2025-03-06 09:50:54,DELIVERED,WEST
O001611,C0427,2025-09-15 11:08:29,RETURNED,WEST
O001612,C0428,2023-03-11 16:56:20,SHIPPED,NORTH
O001613,C0428,2025-06-08 20:35:23,DELIVERED,CENTRAL
O001614,C0428,2025-11-12 08:59:22,DELIVERED,NORTH
O001615,C0428,2025-12-30 18:32:30,SHIPPED,EAST
O001616,C0428,2026-02-19 02:37:20,PLACED,NORTH
O001617,C0429,2025-11-18 18:26:36,CANCELLED,SOUTH
O001618,C0429,2026-06-22 20:51:22,SHIPPED,SOUTH
O001619,C0430,2025-05-20 05:53:02,SHIPPED,WEST
O001620,C0430,2026-03-21 00:45:39,DELIVERED,WEST
O001621,C0431,2025-07-26 17:53:15,DELIVERED,EAST
O001622,C0432,2024-11-29 20:47:31,PLACED,WEST
O001623,C0432,2025-07-17 09:41:32,PLACED,WEST
O001624,C0432,2025-11-07 01:18:06,PLACED,WEST
O001625,C0433,2024-03-09 07:18:41,DELIVERED,NORTH
O001626,,2025-02-19 19:45:58,PLACED,NORTH
O001627,C0433,2025-04-02 18:09:05,DELIVERED,NORTH
O001628,C0433,2026-04-24 17:53:37,PLACED,NORTH
O001629,C0434,2024-05-22 09:35:52,DELIVERED,NORTH
O001630,C0434,2025-07-27 02:30:08,PLACED,NORTH
O001631,C0434,2025-07-29 09:19:00,SHIPPED,EAST
O001632,C0434,2025-09-14 12:58:53,DELIVERED,NORTH
O001633,C0434,2026-06-01 17:23:56,SHIPPED,NORTH
O001634,C0435,2025-07-17 08:21:56,PLACED,WEST
O001635,C0435,2025-12-18 12:28:50,SHIPPED,WEST
O001636,C0435,2026-02-02 10:28:28,PLACED,WEST
O001637,C0435,2026-03-06 22:21:12,CANCELLED,WEST
O001638,C0435,2026-03-30 14:04:18,SHIPPED,WEST
O001639,C0435,2026-06-29 11:49:26,PLACED,EAST
O001640,,2024-12-12 08:20:16,DELIVERED,EAST
O001641,C0436,2025-09-09 17:57:54,SHIPPED,EAST
O001642,C0436,2025-10-04 09:37:54,DELIVERED,EAST
O001643,,2026-02-10 05:12:18,SHIPPED,EAST
O001644,C0437,2023-07-03 03:59:42,SHIPPED,NORTH
O001645,C0438,2025-10-21 16:46:30,CANCELLED,CENTRAL
O001646,C0438,2026-01-18 01:49:20,PLACED,CENTRAL
O001647,C0438,2026-05-20 03:25:25,SHIPPED,CENTRAL
O001648,C0439,2024-04-18 01:29:52,PLACED,CENTRAL
O001649,,2024-06-27 07:51:48,RETURNED,CENTRAL
O001650,,2025-05-14 02:38:55,DELIVERED,SOUTH
O001651,,2025-09-03 10:03:10,DELIVERED,CENTRAL
O001652,C0440,2024-07-15 02:12:23,DELIVERED,EAST
O001653,C0440,2025-08-23 13:15:22,SHIPPED,EAST
O001654,C0440,2026-04-23 02:47:43,DELIVERED,EAST
O001655,C0441,2024-06-25 09:18:25,DELIVERED,SOUTH
O001656,C0442,2025-11-30 00:10:12,PLACED,WEST
O001657,C0442,2026-01-02 00:16:10,SHIPPED,WEST
O001658,C0442,2026-03-19 22:45:20,RETURNED,WEST
O001659,C0442,2026-03-22 15:20:41,DELIVERED,WEST
O001660,C0442,2026-05-25 08:20:09,SHIPPED,WEST
O001661,C0443,2025-05-29 00:30:25,RETURNED,SOUTH
O001662,C0443,2025-09-24 13:17:03,PLACED,SOUTH
O001663,C0443,2025-11-16 16:24:48,PLACED,SOUTH
O001664,C0443,2026-03-05 00:00:00,DELIVERED,EAST
O001665,C0443,2026-03-19 05:37:09,SHIPPED,SOUTH
O001666,C0443,2026-05-16 05:38:09,DELIVERED,SOUTH
O001667,C0444,2023-12-17 04:03:01,PLACED,SOUTH
O001668,C0444,2024-09-07 22:10:33,SHIPPED,SOUTH
O001669,C0444,2025-01-20 03:35:39,CANCELLED,SOUTH
O001670,C0444,2026-05-25 14:24:40,SHIPPED,SOUTH
O001671,C0445,2025-06-09 15:15:17,SHIPPED,CENTRAL
O001672,C0445,2025-07-13 12:17:28,DELIVERED,CENTRAL
O001673,C0445,2026-02-03 06:32:09,SHIPPED,CENTRAL
O001674,C0445,2026-03-23 05:46:34,PLACED,CENTRAL
O001675,C0445,2026-05-10 05:47:41,DELIVERED,WEST
O001676,C0445,2026-06-17 06:34:55,SHIPPED,CENTRAL
O001677,C0446,2025-04-29 08:02:16,SHIPPED,WEST
O001678,C0446,2025-12-15 16:36:37,SHIPPED,WEST
O001679,C0446,2026-06-24 00:22:00,DELIVERED,CENTRAL
O001680,C0447,2025-04-02 01:55:18,DELIVERED,CENTRAL
O001681,C0448,2024-01-04 05:05:29,DELIVERED,SOUTH
O001682,C0448,2025-06-01 00:00:00,CANCELLED,CENTRAL
O001683,C0448,2026-01-28 05:57:43,DELIVERED,CENTRAL
O001684,C0449,2025-08-24 06:13:46,PLACED,SOUTH
O001685,C0449,2025-08-27 04:47:48,PLACED,SOUTH
O001686,C0449,2025-11-27 04:42:45,PLACED,SOUTH
O001687,C0449,2026-01-16 06:45:34,DELIVERED,SOUTH
O001688,C0449,2026-02-19 12:31:06,PLACED,SOUTH
O001689,C0449,2026-03-06 10:34:59,DELIVERED,SOUTH
O001690,C0449,2026-05-19 13:50:41,DELIVERED,SOUTH
O001691,C0449,2026-06-02 15:56:14,SHIPPED,WEST
O001692,C0449,2026-06-04 13:19:08,PLACED,SOUTH
O001693,C0450,2025-04-07 09:33:28,DELIVERED,SOUTH
O001694,C0450,2025-09-26 16:52:20,DELIVERED,CENTRAL
O001695,C0450,2025-10-12 02:21:17,DELIVERED,NORTH
O001696,C0450,2025-10-19 06:01:15,DELIVERED,CENTRAL
O001697,C0450,2025-11-07 13:40:06,SHIPPED,SOUTH
O001698,C0450,2025-11-25 11:33:29,PLACED,CENTRAL
O001699,C0450,2026-01-28 17:41:18,PLACED,CENTRAL
O001700,C0450,2026-06-03 00:31:54,DELIVERED,CENTRAL
O001701,C0451,2024-03-25 14:34:27,DELIVERED,NORTH
O001702,C0451,2024-08-13 18:44:33,DELIVERED,WEST
O001703,C0451,2024-10-27 09:32:17,PLACED,CENTRAL
O001704,C0451,2024-11-22 06:23:40,DELIVERED,CENTRAL
O001705,C0451,2025-01-30 20:59:58,DELIVERED,CENTRAL
O001706,C0451,2025-10-11 21:49:58,PLACED,CENTRAL
O001707,C0451,2026-01-18 14:17:00,PLACED,CENTRAL
O001708,C0451,2026-03-29 21:05:39,SHIPPED,CENTRAL
O001709,C0451,2026-05-16 21:18:15,DELIVERED,CENTRAL
O001710,C0452,2023-06-27 06:04:02,CANCELLED,SOUTH
O001711,C0452,2025-06-23 11:24:06,RETURNED,SOUTH
O001712,C0453,2024-05-15 22:48:18,SHIPPED,WEST
O001713,C0453,2024-07-02 07:19:38,RETURNED,WEST
O001714,C0453,2025-03-04 18:28:41,DELIVERED,WEST
O001715,C0453,2025-10-05 06:15:44,PLACED,WEST
O001716,C0454,2026-06-29 14:46:01,DELIVERED,WEST
O001717,C0455,2025-03-16 18:04:50,DELIVERED,EAST
O001718,C0455,2025-08-09 04:24:42,SHIPPED,EAST
O001719,C0455,2025-12-12 16:23:44,PLACED,EAST
O001720,C0455,2026-04-05 06:30:49,DELIVERED,EAST
O001721,C0455,2026-06-14 04:59:40,DELIVERED,EAST
O001722,C0456,2025-06-23 20:45:53,CANCELLED,NORTH
O001723,C0456,2026-02-19 06:22:54,DELIVERED,NORTH
O001724,C0456,2026-03-13 09:15:37,SHIPPED,NORTH
O001725,C0456,2026-06-05 23:53:18,PLACED,WEST
O001726,C0457,2025-05-07 11:14:54,SHIPPED,WEST
O001727,C0457,2025-08-22 14:24:02,DELIVERED,WEST
O001728,C0457,2025-09-25 10:30:36,DELIVERED,WEST
O001729,C0457,2025-10-13 22:03:03,DELIVERED,WEST
O001730,C0457,2025-11-01 03:15:21,RETURNED,WEST
O001731,C0457,2026-06-24 17:46:51,DELIVERED,WEST
O001732,C0458,2024-05-16 16:29:19,SHIPPED,WEST
O001733,C0458,2025-03-22 04:17:32,SHIPPED,EAST
O001734,C0458,2025-04-10 14:34:11,SHIPPED,EAST
O001735,C0458,2026-06-02 16:45:27,SHIPPED,EAST
O001736,C0459,2025-11-27 05:08:51,DELIVERED,NORTH
O001737,C0459,2026-05-03 01:07:31,CANCELLED,NORTH
O001738,C0459,2026-06-06 20:46:43,DELIVERED,NORTH
O001739,C0460,2023-07-13 02:13:48,SHIPPED,SOUTH
O001740,C0460,2025-01-29 08:55:40,DELIVERED,SOUTH
O001741,,2026-01-12 00:00:00,DELIVERED,SOUTH
O001742,C0461,2024-10-26 23:36:38,PLACED,SOUTH
O001743,C0461,2025-03-17 23:39:05,DELIVERED,SOUTH
O001744,C0461,2025-03-30 23:35:26,DELIVERED,SOUTH
O001745,C0462,2024-01-24 21:28:47,DELIVERED,SOUTH
O001746,C0462,2024-10-04 05:12:04,RETURNED,EAST
O001747,C0462,2025-01-10 21:28:58,DELIVERED,EAST
O001748,C0463,2023-03-22 19:25:19,DELIVERED,EAST
O001749,C0463,2024-02-06 21:01:46,CANCELLED,NORTH
O001750,C0463,2024-07-08 12:46:53,SHIPPED,EAST
O001751,C0463,2024-12-09 06:25:13,DELIVERED,EAST
O001752,C0464,2026-03-22 06:55:19,PLACED,SOUTH
O001753,C0464,2026-03-26 20:57:32,SHIPPED,SOUTH
O001754,C0464,2026-04-22 21:44:37,DELIVERED,SOUTH
O001755,,2025-07-11 06:19:12,SHIPPED,WEST
O001756,C0465,2025-08-30 10:47:02,DELIVERED,WEST
O001757,C0465,2025-12-02 04:50:57,SHIPPED,SOUTH
O001758,C0465,2025-12-30 16:31:28,DELIVERED,WEST
O001759,C0465,2026-01-19 00:42:35,DELIVERED,WEST
O001760,C0465,2026-02-08 01:46:57,DELIVERED,WEST
O001761,C0466,2023-08-10 13:38:23,DELIVERED,WEST
O001762,C0466,2024-01-06 00:00:00,DELIVERED,CENTRAL
O001763,C0466,2025-03-01 02:57:06,DELIVERED,WEST
O001764,C0466,2026-05-14 23:30:50,SHIPPED,WEST
O001765,C0467,2023-12-22 22:15:50,DELIVERED,NORTH
O001766,C0467,2025-07-19 00:00:00,CANCELLED,NORTH
O001767,C0467,2025-10-03 14:49:21,CANCELLED,NORTH
O001768,C0467,2025-10-29 13:40:49,DELIVERED,CENTRAL
O001769,C0468,2024-05-15 20:45:20,DELIVERED,SOUTH
O001770,C0468,2024-06-09 19:34:29,SHIPPED,SOUTH
O001771,C0468,2024-11-25 20:23:52,SHIPPED,SOUTH
O001772,C0468,2024-12-29 20:41:18,DELIVERED,SOUTH
O001773,C0469,2025-08-06 13:52:20,DELIVERED,WEST
O001774,C0469,2025-12-16 17:42:17,DELIVERED,WEST
O001775,C0469,2025-12-29 07:39:31,CANCELLED,WEST
O001776,C0469,2026-01-07 08:35:24,DELIVERED,WEST
O001777,C0469,2026-01-09 21:06:45,DELIVERED,WEST
O001778,C0470,2024-10-02 00:00:00,PLACED,WEST
O001779,C0470,2025-04-19 00:00:00,DELIVERED,WEST
O001780,C0471,2023-08-07 06:44:57,CANCELLED,CENTRAL
O001781,C0472,2024-05-04 00:37:48,SHIPPED,NORTH
O001782,C0472,2024-09-09 18:38:58,DELIVERED,SOUTH
O001783,C0472,2024-12-17 10:54:57,SHIPPED,SOUTH
O001784,C0473,2025-09-02 01:18:11,RETURNED,WEST
O001785,C0473,2025-11-07 14:09:41,RETURNED,CENTRAL
O001786,C0474,2023-11-16 13:50:13,CANCELLED,CENTRAL
O001787,C0475,2026-03-23 15:11:46,DELIVERED,SOUTH
O001788,C0475,2026-03-30 07:29:35,DELIVERED,SOUTH
O001789,C0475,2026-04-08 02:41:16,PLACED,EAST
O001790,C0475,2026-06-27 10:19:47,SHIPPED,SOUTH
O001791,C0476,2024-01-10 22:43:45,SHIPPED,CENTRAL
O001792,C0477,2024-05-07 04:48:56,DELIVERED,CENTRAL
O001793,C0477,2024-12-31 17:29:33,DELIVERED,CENTRAL
O001794,C0477,2025-08-25 15:55:29,PLACED,CENTRAL
O001795,C0477,2025-09-06 09:10:10,PLACED,CENTRAL
O001796,C0477,2026-02-18 09:56:41,DELIVERED,CENTRAL
O001797,C0477,2026-04-20 16:19:04,DELIVERED,CENTRAL
O001798,,2025-05-08 16:50:53,DELIVERED,NORTH
O001799,C0478,2026-05-26 09:42:23,PLACED,CENTRAL
O001800,C0479,2024-03-25 16:51:10,DELIVERED,NORTH
O001801,C0479,2024-06-16 13:14:42,SHIPPED,NORTH
O001802,C0479,2024-11-02 05:59:41,SHIPPED,NORTH
O001803,,2025-06-30 18:48:02,CANCELLED,NORTH
O001804,C0479,2026-02-12 10:57:37,PLACED,NORTH
O001805,C0479,2026-05-03 09:22:44,SHIPPED,WEST
O001806,C0480,2024-10-20 14:43:11,DELIVERED,NORTH
O001807,C0480,2025-11-08 10:16:40,RETURNED,NORTH
O001808,C0481,2024-04-27 01:26:13,DELIVERED,SOUTH
O001809,C0481,2025-03-11 05:35:05,DELIVERED,SOUTH
O001810,C0481,2025-03-12 11:57:40,SHIPPED,SOUTH
O001811,C0481,2025-04-26 02:56:51,SHIPPED,SOUTH
O001812,C0481,2025-10-23 13:31:03,SHIPPED,SOUTH
O001813,C0481,2025-12-27 04:07:47,DELIVERED,SOUTH
O001814,C0482,2025-10-21 04:01:27,DELIVERED,NORTH
O001815,C0482,2026-01-19 02:18:07,SHIPPED,NORTH
O001816,C0483,2023-04-01 00:46:52,DELIVERED,WEST
O001817,C0483,2025-03-26 12:46:17,CANCELLED,WEST
O001818,C0483,2025-06-26 21:26:16,DELIVERED,WEST
O001819,C0483,2025-08-23 11:41:40,DELIVERED,WEST
O001820,C0484,2025-11-11 15:11:06,DELIVERED,SOUTH
O001821,C0485,2025-12-26 16:48:10,DELIVERED,WEST
O001822,C0485,2026-03-28 09:00:08,DELIVERED,WEST
O001823,C0485,2026-04-24 01:19:31,CANCELLED,WEST
O001824,C0486,2024-07-31 22:36:15,RETURNED,EAST
O001825,C0487,2024-10-29 00:20:37,PLACED,NORTH
O001826,C0487,2026-02-23 00:00:00,DELIVERED,SOUTH
O001827,C0487,2026-03-14 04:47:16,SHIPPED,WEST
O001828,C0487,2026-04-04 13:35:31,RETURNED,NORTH
O001829,C0487,2026-05-08 21:20:29,DELIVERED,NORTH
O001830,C0488,2024-12-08 23:54:57,RETURNED,NORTH
O001831,C0488,2025-03-17 02:28:37,DELIVERED,NORTH
O001832,C0488,2025-07-26 08:48:56,DELIVERED,NORTH
O001833,C0488,2025-12-05 14:47:23,DELIVERED,CENTRAL
O001834,C0489,2023-09-03 05:05:47,DELIVERED,NORTH
O001835,C0489,2024-02-07 17:31:17,CANCELLED,NORTH
O001836,C0489,2024-09-11 23:59:55,CANCELLED,NORTH
O001837,C0489,2024-10-25 03:34:04,DELIVERED,CENTRAL
O001838,C0489,2024-11-15 09:40:28,DELIVERED,NORTH
O001839,C0489,2024-11-21 07:09:12,DELIVERED,NORTH
O001840,C0489,2025-01-12 18:09:29,PLACED,NORTH
O001841,C0489,2025-01-22 20:44:09,SHIPPED,NORTH
O001842,C0489,2025-01-30 06:44:55,DELIVERED,NORTH
O001843,C0489,2025-12-09 01:34:18,PLACED,NORTH
O001844,C0489,2026-06-03 13:04:05,RETURNED,NORTH
O001845,C0490,2025-06-15 08:05:51,DELIVERED,NORTH
O001846,C0490,2025-08-27 21:58:10,PLACED,NORTH
O001847,C0490,2025-09-05 01:02:23,DELIVERED,NORTH
O001848,C0490,2025-10-01 08:08:48,DELIVERED,NORTH
O001849,C0490,2026-03-16 17:16:00,PLACED,NORTH
O001850,C0491,2025-03-26 08:04:35,SHIPPED,SOUTH
O001851,C0491,2025-10-09 21:25:11,SHIPPED,EAST
O001852,C0491,2025-11-13 04:39:50,DELIVERED,SOUTH
O001853,C0491,2026-02-16 02:56:09,DELIVERED,SOUTH
O001854,C0491,2026-06-29 04:40:26,PLACED,SOUTH
O001855,C0491,2026-06-30 09:08:14,PLACED,SOUTH
O001856,C0492,2023-12-15 00:00:00,DELIVERED,WEST
O001857,C0492,2026-02-11 21:41:08,PLACED,SOUTH
O001858,C0492,2026-06-29 12:39:14,SHIPPED,WEST
O001859,C0493,2025-06-07 00:51:59,SHIPPED,CENTRAL
O001860,C0493,2025-07-18 00:00:00,DELIVERED,CENTRAL
O001861,C0493,2025-07-28 06:55:11,CANCELLED,CENTRAL
O001862,C0493,2025-09-01 13:20:09,DELIVERED,CENTRAL
O001863,C0493,2025-09-10 17:45:33,SHIPPED,CENTRAL
O001864,C0493,2025-10-01 04:57:12,DELIVERED,CENTRAL
O001865,C0493,2025-10-13 01:55:50,SHIPPED,CENTRAL
O001866,C0493,2026-04-26 13:35:14,SHIPPED,CENTRAL
O001867,C0493,2026-05-06 09:45:46,DELIVERED,CENTRAL
O001868,,2026-05-18 05:30:41,SHIPPED,CENTRAL
O001869,C0494,2025-04-20 20:55:08,DELIVERED,EAST
O001870,,2025-09-07 16:02:00,CANCELLED,WEST
O001871,C0495,2024-04-27 15:54:10,PLACED,CENTRAL
O001872,C0495,2025-02-03 23:32:36,SHIPPED,CENTRAL
O001873,C0495,2025-03-12 22:15:38,PLACED,EAST
O001874,C0495,2025-05-27 12:23:24,SHIPPED,CENTRAL
O001875,C0495,2026-05-08 03:33:38,DELIVERED,CENTRAL
O001876,C0496,2023-11-08 23:06:40,CANCELLED,EAST
O001877,C0496,2024-12-20 00:48:27,SHIPPED,EAST
O001878,C0497,2025-07-08 05:30:06,DELIVERED,SOUTH
O001879,C0497,2025-09-23 20:52:54,DELIVERED,NORTH
O001880,C0497,2025-10-18 17:42:26,DELIVERED,SOUTH
O001881,C0497,2026-01-09 19:25:44,DELIVERED,NORTH
O001882,C0497,2026-04-21 10:02:57,PLACED,SOUTH
O001883,C0497,2026-06-27 04:46:23,SHIPPED,EAST
O001884,C0498,2024-09-29 04:30:57,PLACED,CENTRAL
O001885,C0498,2025-02-02 00:23:47,DELIVERED,CENTRAL
O001886,C0498,2025-07-05 22:27:20,DELIVERED,CENTRAL
O001887,C0498,2025-07-23 08:28:31,DELIVERED,SOUTH
O001888,C0498,2026-01-13 20:32:18,DELIVERED,CENTRAL
O001889,C0498,2026-03-20 20:32:45,RETURNED,CENTRAL
O001890,C0498,2026-04-27 00:09:33,RETURNED,CENTRAL
O001891,C0498,2026-05-03 12:48:09,DELIVERED,CENTRAL
O001892,C0498,2026-05-05 19:04:08,DELIVERED,CENTRAL
O001893,C0499,2023-01-03 13:30:26,DELIVERED,WEST
O001894,C0499,2023-06-28 17:50:27,RETURNED,WEST
O001895,C0499,2023-08-26 12:55:50,SHIPPED,WEST
O001896,C0499,2023-10-13 21:19:10,DELIVERED,WEST
O001897,,2024-01-06 16:47:33,RETURNED,WEST
O001898,C0499,2024-02-13 11:16:35,RETURNED,WEST
O001899,C0499,2024-04-18 19:09:03,PLACED,WEST
O001900,C0499,2024-10-26 08:49:25,CANCELLED,WEST
O001901,C0499,2025-01-25 23:00:07,PLACED,WEST
O001902,C0499,2025-08-16 06:42:34,DELIVERED,SOUTH
O001903,C0499,2025-10-07 20:39:40,SHIPPED,WEST
O001904,C0500,2025-04-03 15:29:48,PLACED,WEST
O001905,C0500,2025-11-23 05:46:57,SHIPPED,WEST
O001906,C0500,2026-02-05 04:13:53,DELIVERED,WEST
O001907,C0501,2024-03-17 01:19:48,DELIVERED,SOUTH
O001908,C0501,2024-08-02 23:46:47,PLACED,SOUTH
O001909,C0501,2026-01-04 19:29:59,PLACED,SOUTH
O001910,C0502,2023-05-13 04:13:16,DELIVERED,CENTRAL
O001911,C0502,2023-10-26 09:55:21,DELIVERED,CENTRAL
O001912,C0502,2023-11-21 20:25:51,DELIVERED,NORTH
O001913,C0502,2023-11-30 18:00:47,DELIVERED,CENTRAL
O001914,C0502,2024-01-15 00:00:00,PLACED,CENTRAL
O001915,C0502,2024-12-17 16:57:00,DELIVERED,CENTRAL
O001916,C0502,2025-06-03 13:11:58,DELIVERED,CENTRAL
O001917,C0502,2025-07-07 09:39:21,DELIVERED,CENTRAL
O001918,C0502,2026-04-23 00:16:26,RETURNED,WEST
O001919,C0502,2026-06-13 21:30:02,SHIPPED,CENTRAL
O001920,C0503,2025-07-08 13:21:57,DELIVERED,WEST
O001921,C0503,2026-05-25 14:13:39,DELIVERED,WEST
O001922,C0503,2026-06-03 00:00:00,SHIPPED,WEST
O001923,C0504,2024-02-11 05:25:16,SHIPPED,WEST
O001924,C0504,2024-11-09 14:10:58,DELIVERED,WEST
O001925,C0504,2025-03-06 05:12:13,DELIVERED,NORTH
O001926,C0504,2025-04-16 08:15:49,PLACED,WEST
O001927,C0504,2025-07-28 23:08:22,RETURNED,WEST
O001928,C0504,2025-08-07 06:08:49,DELIVERED,CENTRAL
O001929,C0504,2025-08-16 11:36:23,CANCELLED,WEST
O001930,C0504,2026-03-23 10:36:57,PLACED,WEST
O001931,C0504,2026-04-07 03:05:02,DELIVERED,SOUTH
O001932,C0505,2024-02-27 21:58:46,DELIVERED,SOUTH
O001933,C0505,2025-02-28 21:21:04,SHIPPED,SOUTH
O001934,C0505,2025-05-19 11:27:03,DELIVERED,SOUTH
O001935,C0505,2025-05-24 02:49:17,PLACED,SOUTH
O001936,C0505,2025-06-29 09:48:07,DELIVERED,SOUTH
O001937,C0505,2025-07-09 16:39:18,RETURNED,SOUTH
O001938,C0505,2025-12-06 12:07:10,DELIVERED,SOUTH
O001939,C0505,2026-05-19 15:50:10,SHIPPED,SOUTH
O001940,C0506,2023-06-14 22:02:52,SHIPPED,CENTRAL
O001941,C0506,2026-05-05 21:31:52,DELIVERED,WEST
O001942,C0507,2025-05-25 00:00:00,DELIVERED,SOUTH
O001943,C0507,2025-06-23 00:00:00,DELIVERED,SOUTH
O001944,C0507,2025-06-24 08:56:59,RETURNED,SOUTH
O001945,C0507,2025-09-03 08:22:21,SHIPPED,SOUTH
O001946,C0507,2026-01-09 11:26:41,SHIPPED,SOUTH
O001947,C0507,2026-03-29 05:36:26,PLACED,SOUTH
O001948,C0507,2026-03-30 06:43:07,DELIVERED,CENTRAL
O001949,C0507,2026-04-20 05:44:26,RETURNED,SOUTH
O001950,C0507,2026-05-25 01:25:35,RETURNED,SOUTH
O001951,C0508,2024-06-25 20:59:51,DELIVERED,NORTH
O001952,C0508,2024-08-18 09:23:57,DELIVERED,EAST
O001953,C0509,2023-12-01 05:17:40,SHIPPED,EAST
O001954,C0509,2025-02-07 14:59:10,DELIVERED,EAST
O001955,C0510,2024-07-07 06:18:36,PLACED,SOUTH
O001956,C0510,2025-11-19 03:26:33,DELIVERED,NORTH
O001957,C0511,2023-02-19 03:32:51,RETURNED,SOUTH
O001958,C0511,2024-04-15 08:32:14,SHIPPED,WEST
O001959,C0511,2024-09-24 13:59:52,DELIVERED,WEST
O001960,C0511,2024-10-27 00:00:00,DELIVERED,CENTRAL
O001961,C0511,2025-12-24 18:25:18,SHIPPED,WEST
O001962,C0511,2026-05-17 03:15:01,CANCELLED,WEST
O001963,C0512,2023-06-08 23:45:45,CANCELLED,SOUTH
O001964,C0512,2024-11-09 10:23:06,PLACED,SOUTH
O001965,,2025-01-21 14:37:55,SHIPPED,SOUTH
O001966,C0513,2024-03-23 04:04:55,RETURNED,SOUTH
O001967,C0513,2024-12-29 06:54:30,DELIVERED,WEST
O001968,C0513,2026-06-10 03:57:52,CANCELLED,WEST
O001969,C0514,2024-09-16 19:37:26,DELIVERED,NORTH
O001970,C0515,2023-05-24 17:34:15,DELIVERED,EAST
O001971,C0515,2024-07-27 10:20:55,SHIPPED,EAST
O001972,C0516,2023-03-20 22:22:00,SHIPPED,NORTH
O001973,C0516,2024-12-27 05:22:40,PLACED,CENTRAL
O001974,C0516,2025-05-01 12:55:46,RETURNED,CENTRAL
O001975,C0516,2026-03-06 18:12:03,SHIPPED,EAST
O001976,C0517,2023-02-16 08:56:05,PLACED,WEST
O001977,C0517,2024-03-31 14:38:40,DELIVERED,WEST
O001978,C0517,2025-04-08 07:08:47,SHIPPED,WEST
O001979,C0518,2023-10-18 23:10:58,PLACED,WEST
O001980,C0518,2024-07-16 12:17:03,CANCELLED,WEST
O001981,C0518,2025-02-13 06:30:28,DELIVERED,WEST
O001982,C0518,2025-03-30 16:18:31,RETURNED,SOUTH
O001983,C0518,2025-05-15 02:54:32,DELIVERED,WEST
O001984,C0518,2025-07-03 21:38:13,DELIVERED,WEST
O001985,C0518,2025-10-16 00:00:00,SHIPPED,WEST
O001986,,2025-11-07 00:47:43,DELIVERED,WEST
O001987,C0518,2025-11-30 21:15:24,SHIPPED,SOUTH
O001988,,2025-10-05 08:50:10,CANCELLED,WEST
O001989,C0519,2025-10-12 17:47:54,DELIVERED,WEST
O001990,C0519,2025-10-27 08:46:46,DELIVERED,WEST
O001991,C0519,2025-10-28 23:23:05,DELIVERED,WEST
O001992,C0519,2025-12-09 13:32:41,DELIVERED,WEST
O001993,C0519,2025-12-31 07:16:59,DELIVERED,WEST
O001994,C0519,2026-03-16 21:45:58,DELIVERED,WEST
O001995,C0519,2026-05-07 23:37:50,DELIVERED,CENTRAL
O001996,C0519,2026-06-19 22:24:46,SHIPPED,WEST
O001997,C0520,2024-03-10 23:03:27,RETURNED,WEST
O001998,C0520,2024-11-19 00:00:00,CANCELLED,WEST
O001999,C0520,2025-05-03 15:48:43,DELIVERED,WEST
O002000,C0520,2025-09-30 12:51:45,DELIVERED,WEST
O002001,C0521,2024-08-18 02:56:28,PLACED,EAST
O002002,C0521,2026-01-10 00:00:00,DELIVERED,EAST
O002003,C0521,2026-04-03 01:21:28,DELIVERED,NORTH
O002004,C0522,2026-03-15 04:05:45,CANCELLED,WEST
O002005,C0522,2026-05-03 22:41:54,DELIVERED,SOUTH
O002006,C0523,2024-05-19 20:27:37,SHIPPED,NORTH
O002007,C0523,2025-06-28 15:32:00,SHIPPED,NORTH
O002008,C0523,2025-09-27 14:49:43,DELIVERED,NORTH
O002009,C0524,2025-04-02 14:47:21,RETURNED,CENTRAL
O002010,C0524,2025-07-10 09:32:56,SHIPPED,EAST
O002011,C0524,2025-08-02 05:28:44,DELIVERED,CENTRAL
O002012,C0524,2025-08-12 00:00:00,SHIPPED,CENTRAL
O002013,C0524,2025-09-23 10:31:53,DELIVERED,EAST
O002014,C0524,2025-10-13 06:56:07,DELIVERED,CENTRAL
O002015,C0524,2025-12-19 04:31:24,SHIPPED,CENTRAL
O002016,C0524,2026-01-05 02:29:25,DELIVERED,CENTRAL
O002017,C0524,2026-03-19 21:23:14,DELIVERED,CENTRAL
O002018,C0524,2026-05-05 06:30:54,SHIPPED,CENTRAL
O002019,C0524,2026-06-10 14:29:07,SHIPPED,CENTRAL
O002020,C0525,2024-01-21 18:12:00,RETURNED,EAST
O002021,C0525,2025-10-08 13:18:57,SHIPPED,EAST
O002022,C0525,2026-02-01 10:01:42,CANCELLED,EAST
O002023,C0526,2024-07-05 00:00:00,PLACED,SOUTH
O002024,C0526,2024-08-31 19:18:51,DELIVERED,SOUTH
O002025,C0526,2024-09-23 13:22:32,SHIPPED,SOUTH
O002026,C0526,2024-10-15 08:29:23,PLACED,EAST
O002027,C0526,2024-11-13 16:37:08,PLACED,SOUTH
O002028,C0526,2025-01-30 11:45:59,DELIVERED,SOUTH
O002029,C0526,2025-03-13 00:02:59,PLACED,SOUTH
O002030,C0526,2025-07-06 13:11:20,SHIPPED,SOUTH
O002031,C0526,2026-01-30 01:04:50,DELIVERED,SOUTH
O002032,C0526,2026-03-18 12:10:58,SHIPPED,SOUTH
O002033,C0527,2025-12-20 00:41:58,PLACED,CENTRAL
O002034,C0528,2025-05-25 03:42:31,SHIPPED,WEST
O002035,C0529,2023-03-01 07:35:10,RETURNED,SOUTH
O002036,C0529,2024-10-11 23:23:00,DELIVERED,SOUTH
O002037,C0529,2025-06-17 16:09:47,DELIVERED,SOUTH
O002038,C0530,2023-01-02 15:49:02,DELIVERED,CENTRAL
O002039,C0530,2024-08-24 20:59:31,DELIVERED,CENTRAL
O002040,C0530,2025-07-27 07:14:54,PLACED,CENTRAL
O002041,C0530,2026-05-13 19:11:07,RETURNED,SOUTH
O002042,C0531,2024-08-24 00:33:42,SHIPPED,EAST
O002043,C0531,2025-10-05 12:14:33,DELIVERED,EAST
O002044,C0531,2026-05-28 15:53:24,RETURNED,EAST
O002045,C0532,2025-08-23 06:06:27,PLACED,SOUTH
O002046,C0532,2025-09-24 08:29:58,SHIPPED,SOUTH
O002047,C0532,2026-01-11 00:25:20,DELIVERED,SOUTH
O002048,C0532,2026-02-22 17:07:50,RETURNED,SOUTH
O002049,C0532,2026-05-09 18:13:14,DELIVERED,SOUTH
O002050,C0533,2024-08-03 00:00:00,SHIPPED,CENTRAL
O002051,C0533,2024-11-08 07:55:19,SHIPPED,EAST
O002052,C0533,2026-05-10 01:15:27,DELIVERED,WEST
O002053,C0534,2024-05-16 12:35:55,SHIPPED,SOUTH
O002054,C0535,2023-09-29 07:59:02,DELIVERED,CENTRAL
O002055,C0536,2024-08-11 17:41:29,RETURNED,EAST
O002056,C0536,2024-08-24 00:41:50,SHIPPED,EAST
O002057,C0536,2024-09-03 18:27:03,DELIVERED,WEST
O002058,C0536,2024-10-15 12:42:28,DELIVERED,WEST
O002059,C0536,2024-11-06 07:21:05,DELIVERED,EAST
O002060,C0536,2026-02-17 20:27:10,PLACED,EAST
O002061,C0537,2025-12-27 04:08:23,CANCELLED,WEST
O002062,,2026-03-05 12:13:40,PLACED,WEST
O002063,C0537,2026-06-01 13:55:16,CANCELLED,WEST
O002064,C0538,2025-08-13 04:53:34,DELIVERED,CENTRAL
O002065,C0538,2025-11-13 01:58:12,CANCELLED,CENTRAL
O002066,C0538,2026-04-13 16:21:31,DELIVERED,CENTRAL
O002067,C0538,2026-05-01 05:30:45,PLACED,CENTRAL
O002068,C0538,2026-05-23 15:48:45,DELIVERED,CENTRAL
O002069,C0539,2024-05-30 04:40:10,PLACED,SOUTH
O002070,C0539,2025-07-18 10:23:55,CANCELLED,SOUTH
O002071,C0539,2025-08-02 00:55:11,CANCELLED,SOUTH
O002072,C0539,2025-08-09 09:50:39,SHIPPED,SOUTH
O002073,C0539,2025-11-08 05:06:54,SHIPPED,SOUTH
O002074,C0539,2026-02-26 10:53:14,CANCELLED,SOUTH
O002075,C0539,2026-03-10 20:51:01,CANCELLED,SOUTH
O002076,C0539,2026-05-27 15:30:01,SHIPPED,SOUTH
O002077,C0540,2025-11-02 17:40:25,SHIPPED,NORTH
O002078,C0540,2025-11-22 04:22:17,DELIVERED,NORTH
O002079,C0540,2025-12-27 18:44:04,PLACED,NORTH
O002080,C0541,2024-02-17 04:40:10,DELIVERED,NORTH
O002081,C0541,2025-09-20 03:55:13,DELIVERED,CENTRAL
O002082,C0541,2025-10-10 18:43:13,SHIPPED,NORTH
O002083,C0542,2023-01-03 06:29:54,PLACED,WEST
O002084,C0542,2023-03-25 15:59:23,CANCELLED,WEST
O002085,C0543,2025-02-05 17:56:50,PLACED,NORTH
O002086,C0543,2025-07-16 21:26:47,CANCELLED,EAST
O002087,C0543,2025-11-09 17:37:15,DELIVERED,EAST
O002088,C0543,2026-01-26 19:01:12,DELIVERED,EAST
O002089,C0544,2025-09-29 06:08:33,SHIPPED,WEST
O002090,C0544,2025-10-06 17:59:28,DELIVERED,SOUTH
O002091,C0545,2023-02-22 14:08:58,CANCELLED,EAST
O002092,C0545,2026-06-24 18:38:24,SHIPPED,EAST
O002093,C0546,2024-06-16 20:47:11,RETURNED,WEST
O002094,C0546,2024-09-08 18:20:52,DELIVERED,WEST
O002095,C0546,2025-09-16 10:33:43,SHIPPED,WEST
O002096,C0546,2026-01-31 11:13:54,PLACED,EAST
O002097,C0546,2026-06-12 04:21:01,CANCELLED,WEST
O002098,,2024-10-12 17:45:04,PLACED,CENTRAL
O002099,C0547,2025-06-03 05:33:53,SHIPPED,CENTRAL
O002100,C0548,2025-10-12 23:33:49,SHIPPED,WEST
O002101,C0549,2024-05-30 04:15:15,RETURNED,SOUTH
O002102,C0549,2024-07-14 20:32:38,DELIVERED,SOUTH
O002103,C0549,2024-11-10 03:30:33,SHIPPED,SOUTH
O002104,C0549,2026-04-12 13:24:40,DELIVERED,SOUTH
O002105,C0549,2026-06-09 04:03:03,SHIPPED,SOUTH
O002106,C0549,2026-06-20 07:58:25,PLACED,SOUTH
O002107,C0550,2024-07-19 20:32:13,DELIVERED,SOUTH
O002108,C0550,2024-09-22 03:54:28,PLACED,NORTH
O002109,C0550,2025-12-27 10:08:45,SHIPPED,NORTH
O002110,C0551,2023-03-27 06:24:18,PLACED,WEST
O002111,C0551,2024-12-22 20:39:57,DELIVERED,WEST
O002112,C0552,2023-11-07 06:18:51,DELIVERED,SOUTH
O002113,C0553,2025-02-17 20:28:45,SHIPPED,EAST
O002114,C0553,2025-08-03 01:32:07,SHIPPED,NORTH
O002115,C0553,2025-12-30 11:28:25,SHIPPED,EAST
O002116,C0553,2026-06-01 12:23:22,RETURNED,EAST
O002117,C0554,2025-10-24 19:46:21,RETURNED,CENTRAL
O002118,C0554,2026-02-12 17:09:10,PLACED,CENTRAL
O002119,C0555,2024-08-15 22:39:22,PLACED,WEST
O002120,C0555,2025-03-18 12:01:39,SHIPPED,CENTRAL
O002121,C0555,2025-04-12 05:26:07,RETURNED,WEST
O002122,C0555,2025-11-13 12:01:59,PLACED,SOUTH
O002123,C0556,2024-12-23 19:15:50,DELIVERED,EAST
O002124,,2026-05-05 05:22:53,RETURNED,EAST
O002125,C0557,2023-05-14 06:08:30,SHIPPED,CENTRAL
O002126,C0557,2026-05-23 09:18:53,CANCELLED,CENTRAL
O002127,C0558,2024-09-15 19:20:48,CANCELLED,WEST
O002128,C0558,2024-10-13 12:37:32,SHIPPED,WEST
O002129,C0558,2025-03-27 16:36:31,PLACED,WEST
O002130,C0558,2025-06-10 02:10:45,DELIVERED,WEST
O002131,C0558,2025-11-18 06:55:04,SHIPPED,WEST
O002132,C0558,2025-12-28 07:39:05,DELIVERED,WEST
O002133,C0558,2026-02-11 08:50:32,DELIVERED,WEST
O002134,C0558,2026-03-03 23:17:39,RETURNED,WEST
O002135,C0558,2026-03-19 09:04:13,DELIVERED,WEST
O002136,C0559,2024-08-30 04:33:10,RETURNED,NORTH
O002137,C0559,2025-11-30 05:42:20,SHIPPED,NORTH
O002138,C0560,2023-09-26 00:00:00,SHIPPED,SOUTH
O002139,C0560,2024-07-21 05:43:29,SHIPPED,SOUTH
O002140,C0561,2023-03-08 19:18:44,SHIPPED,WEST
O002141,C0562,2024-05-12 15:25:30,DELIVERED,NORTH
O002142,C0562,2025-01-11 00:00:00,CANCELLED,NORTH
O002143,C0562,2025-02-02 20:21:42,DELIVERED,NORTH
O002144,C0563,2025-05-07 17:44:35,DELIVERED,EAST
O002145,C0563,2025-11-08 03:23:13,RETURNED,EAST
O002146,C0563,2025-12-06 02:17:28,DELIVERED,EAST
O002147,C0563,2026-02-03 14:43:32,SHIPPED,EAST
O002148,C0563,2026-03-28 11:01:29,SHIPPED,WEST
O002149,C0564,2025-12-17 07:38:13,DELIVERED,CENTRAL
O002150,C0565,2024-03-20 22:28:16,DELIVERED,EAST
O002151,C0565,2025-08-17 23:13:18,DELIVERED,CENTRAL
O002152,C0566,2025-10-14 04:56:48,RETURNED,CENTRAL
O002153,C0566,2026-04-20 19:46:07,DELIVERED,CENTRAL
O002154,C0567,2024-03-04 08:38:05,DELIVERED,WEST
O002155,C0568,2024-05-30 13:55:59,SHIPPED,NORTH
O002156,C0568,2025-02-14 21:20:32,DELIVERED,NORTH
O002157,C0568,2025-07-18 00:10:51,SHIPPED,NORTH
O002158,,2025-09-08 19:45:06,PLACED,NORTH
O002159,C0568,2025-12-22 16:14:07,SHIPPED,NORTH
O002160,C0568,2026-01-09 11:06:00,DELIVERED,NORTH
O002161,C0569,2024-07-04 12:16:36,DELIVERED,EAST
O002162,C0569,2025-06-14 13:06:56,SHIPPED,EAST
O002163,C0569,2025-06-18 19:17:17,SHIPPED,EAST
O002164,C0569,2026-02-11 21:54:36,SHIPPED,EAST
O002165,C0570,2026-01-03 13:45:56,DELIVERED,SOUTH
O002166,C0570,2026-04-12 00:00:00,DELIVERED,SOUTH
O002167,C0571,2024-05-14 03:16:17,SHIPPED,WEST
O002168,,2025-04-07 21:24:40,PLACED,WEST
O002169,C0571,2026-04-29 13:56:18,SHIPPED,WEST
O002170,C0572,2023-11-26 05:54:52,DELIVERED,WEST
O002171,C0572,2024-02-02 00:45:05,DELIVERED,WEST
O002172,C0572,2025-05-11 00:00:00,SHIPPED,WEST
O002173,C0572,2025-05-27 20:27:06,RETURNED,WEST
O002174,C0572,2025-10-26 19:00:37,SHIPPED,WEST
O002175,C0572,2026-04-06 00:56:09,PLACED,WEST
O002176,C0573,2025-03-11 13:36:58,DELIVERED,NORTH
O002177,C0573,2025-04-15 21:50:53,DELIVERED,CENTRAL
O002178,C0573,2025-04-23 19:30:12,PLACED,NORTH
O002179,C0573,2025-05-31 00:33:28,DELIVERED,NORTH
O002180,C0573,2025-06-21 23:22:27,PLACED,NORTH
O002181,C0573,2025-07-30 10:15:54,DELIVERED,NORTH
O002182,C0573,2025-08-30 11:57:57,PLACED,NORTH
O002183,C0573,2025-09-14 08:39:46,PLACED,NORTH
O002184,C0573,2025-10-02 02:11:07,PLACED,NORTH
O002185,C0573,2026-05-06 13:16:07,DELIVERED,NORTH
O002186,C0574,2025-03-25 23:27:36,DELIVERED,NORTH
O002187,C0575,2023-04-01 06:54:42,SHIPPED,SOUTH
O002188,C0575,2023-11-18 21:54:08,SHIPPED,WEST
O002189,C0576,2024-03-02 02:29:48,DELIVERED,WEST
O002190,C0576,2025-08-06 18:26:16,DELIVERED,EAST
O002191,C0576,2025-12-02 21:55:58,DELIVERED,WEST
O002192,C0577,2024-02-09 19:10:51,DELIVERED,SOUTH
O002193,C0577,2024-03-10 11:18:21,DELIVERED,CENTRAL
O002194,C0577,2025-01-24 02:57:56,SHIPPED,CENTRAL
O002195,C0577,2025-03-14 18:34:57,DELIVERED,WEST
O002196,C0577,2025-03-25 05:55:59,DELIVERED,CENTRAL
O002197,C0577,2025-04-05 16:45:49,PLACED,CENTRAL
O002198,C0577,2025-05-31 02:18:12,RETURNED,WEST
O002199,C0577,2025-06-18 00:00:00,DELIVERED,CENTRAL
O002200,C0577,2025-11-29 06:29:51,DELIVERED,CENTRAL
O002201,C0577,2026-05-30 16:34:40,PLACED,CENTRAL
O002202,C0578,2025-06-30 18:56:23,SHIPPED,EAST
O002203,C0578,2026-05-09 09:53:48,PLACED,EAST
O002204,C0579,2024-04-03 02:28:43,RETURNED,NORTH
O002205,C0579,2025-07-11 00:00:00,DELIVERED,NORTH
O002206,C0579,2025-10-19 20:26:32,RETURNED,NORTH
O002207,C0579,2026-02-23 23:19:56,PLACED,NORTH
O002208,C0579,2026-04-16 05:00:18,SHIPPED,NORTH
O002209,C0580,2025-11-02 18:36:29,DELIVERED,SOUTH
O002210,C0580,2026-02-23 10:15:38,SHIPPED,SOUTH
O002211,C0580,2026-03-31 07:07:29,SHIPPED,SOUTH
O002212,C0580,2026-04-13 18:24:03,DELIVERED,SOUTH
O002213,C0581,2025-11-26 08:24:34,PLACED,SOUTH
O002214,C0582,2024-01-28 07:33:20,DELIVERED,NORTH
O002215,C0582,2025-10-20 22:29:07,SHIPPED,EAST
O002216,C0582,2025-12-18 15:53:51,SHIPPED,WEST
O002217,C0582,2026-02-22 18:55:38,SHIPPED,EAST
O002218,C0582,2026-05-09 19:31:56,PLACED,EAST
O002219,C0583,2024-06-26 02:59:33,SHIPPED,WEST
O002220,C0583,2025-12-08 16:41:39,SHIPPED,NORTH
O002221,C0584,2025-06-27 17:47:32,DELIVERED,CENTRAL
O002222,C0585,2026-02-05 13:46:42,DELIVERED,NORTH
O002223,,2026-05-25 08:27:28,DELIVERED,NORTH
O002224,C0586,2024-03-06 10:53:55,RETURNED,EAST
O002225,C0586,2025-05-19 05:25:20,PLACED,EAST
O002226,C0586,2025-09-15 18:41:42,PLACED,EAST
O002227,C0586,2026-06-26 01:22:30,PLACED,EAST
O002228,C0587,2023-03-31 03:43:04,DELIVERED,CENTRAL
O002229,C0588,2025-06-11 03:04:59,DELIVERED,EAST
O002230,C0588,2025-06-14 01:26:30,DELIVERED,EAST
O002231,C0589,2024-09-03 02:53:53,PLACED,WEST
O002232,C0589,2025-05-09 14:57:47,PLACED,CENTRAL
O002233,,2025-05-30 19:09:35,RETURNED,CENTRAL
O002234,C0589,2025-05-31 09:16:51,CANCELLED,CENTRAL
O002235,C0589,2025-08-05 02:58:44,PLACED,NORTH
O002236,C0589,2025-09-08 00:17:14,RETURNED,CENTRAL
O002237,C0589,2025-09-25 12:57:28,PLACED,CENTRAL
O002238,C0589,2025-11-14 15:57:42,SHIPPED,CENTRAL
O002239,C0589,2026-03-14 17:08:08,SHIPPED,CENTRAL
O002240,C0589,2026-03-25 04:52:19,CANCELLED,WEST
O002241,C0589,2026-04-29 07:51:15,PLACED,CENTRAL
O002242,C0590,2026-01-10 05:00:48,PLACED,NORTH
O002243,C0590,2026-02-12 06:06:47,SHIPPED,WEST
O002244,C0590,2026-03-06 20:24:59,PLACED,EAST
O002245,,2026-03-17 00:00:00,DELIVERED,WEST
O002246,C0590,2026-04-15 01:25:00,SHIPPED,WEST
O002247,C0590,2026-04-27 19:23:23,PLACED,WEST
O002248,C0591,2025-10-19 00:00:00,SHIPPED,SOUTH
O002249,C0591,2026-01-04 20:30:50,DELIVERED,SOUTH
O002250,C0591,2026-02-11 06:43:18,SHIPPED,SOUTH
O002251,C0591,2026-03-20 01:07:09,DELIVERED,SOUTH
O002252,C0591,2026-05-14 04:27:22,PLACED,SOUTH
O002253,C0591,2026-06-01 00:19:51,DELIVERED,WEST
O002254,C0592,2023-07-18 00:00:00,SHIPPED,CENTRAL
O002255,C0592,2025-10-26 11:56:48,SHIPPED,CENTRAL
O002256,C0593,2023-12-13 00:46:38,DELIVERED,EAST
O002257,C0593,2025-04-09 03:35:42,DELIVERED,EAST
O002258,C0594,2024-02-10 01:09:54,SHIPPED,WEST
O002259,C0594,2024-07-02 00:07:25,DELIVERED,NORTH
O002260,,2024-12-02 22:43:57,DELIVERED,EAST
O002261,C0594,2024-12-29 18:36:37,DELIVERED,WEST
O002262,C0594,2025-09-17 12:40:16,PLACED,WEST
O002263,C0595,2025-09-12 16:41:05,PLACED,CENTRAL
O002264,C0595,2025-10-17 13:17:18,DELIVERED,CENTRAL
O002265,C0595,2025-10-26 15:40:00,DELIVERED,CENTRAL
O002266,C0595,2025-12-08 02:07:28,DELIVERED,CENTRAL
O002267,,2025-12-10 05:07:35,SHIPPED,CENTRAL
O002268,C0595,2026-01-17 12:43:51,DELIVERED,CENTRAL
O002269,C0595,2026-01-27 03:06:05,DELIVERED,CENTRAL
O002270,C0595,2026-02-04 17:30:36,PLACED,SOUTH
O002271,C0595,2026-02-13 08:19:19,DELIVERED,EAST
O002272,C0595,2026-02-21 07:46:59,SHIPPED,CENTRAL
O002273,C0595,2026-05-14 01:00:06,RETURNED,CENTRAL
O002274,C0596,2025-02-16 20:45:28,PLACED,WEST
O002275,C0596,2025-04-19 00:00:00,DELIVERED,WEST
O002276,C0596,2025-07-22 19:11:04,SHIPPED,WEST
O002277,C0596,2025-09-09 09:37:03,CANCELLED,WEST
O002278,C0597,2023-08-23 10:17:45,SHIPPED,SOUTH
O002279,C0597,2025-02-20 18:25:10,PLACED,SOUTH
O002280,C0598,2024-03-29 12:08:45,SHIPPED,EAST
O002281,C0598,2025-12-16 15:19:01,SHIPPED,SOUTH
O002282,C0599,2026-01-13 14:00:51,PLACED,EAST
O002283,C0599,2026-06-24 01:51:00,RETURNED,EAST
O002284,C0600,2024-03-01 14:56:41,RETURNED,SOUTH
O002285,C0600,2024-12-13 22:17:12,DELIVERED,SOUTH
O002286,C0600,2025-01-07 11:24:25,DELIVERED,EAST
O002287,C0600,2025-06-15 07:34:56,PLACED,SOUTH
O002288,C0600,2025-06-19 18:00:50,DELIVERED,SOUTH
